gov_census_pid6,gov_fips_state,gov_fips_county,gov_fips_place,gov_host_county,gov_unit_name,gov_unit_type,gov_function_type,school_district_type,gov_address_street,gov_address_street2,gov_address_city,gov_address_state,gov_address_zip,gov_address_zip4,gov_website,gov_unit_name_alias
183793,41,001,99001,BAKER,COUNTY OF BAKER,County,,,1995 3RD ST,,BAKER CITY,OR,97814,3398,http://www.bakercounty.org,Baker County
209184,41,003,99003,BENTON,COUNTY OF BENTON,County,,,PO BOX 3020,,CORVALLIS,OR,97339,3020,http://www.co.benton.or.us/,Benton County
173610,41,005,99005,CLACKAMAS,COUNTY OF CLACKAMAS,County,,,2051 KAEN RD,STE 491,OREGON CITY,OR,97045,4035,http://www.clackamas.us,Clackamas County
209185,41,007,99007,CLATSOP,COUNTY OF CLATSOP,County,,,800 EXCHANGE ST,STE 310,ASTORIA,OR,97103,4641,http://www.co.clatsop.or.us/,Clatsop County
173611,41,009,99009,COLUMBIA,COUNTY OF COLUMBIA,County,,,230 STRAND ST,,SAINT HELENS,OR,97051,,http://www.co.columbia.or.us/,Columbia County
133194,41,011,99011,COOS,COUNTY OF COOS,County,,,250 N BAXTER ST,,COQUILLE,OR,97423,1878,http://www.co.coos.or.us/,Coos County
187138,41,013,99013,CROOK,COUNTY OF CROOK,County,,,200 NE 2RD ST,,PRINEVILLE,OR,97754,,http://www.co.crook.or.us/,Crook County
173612,41,015,99015,CURRY,COUNTY OF CURRY,County,,,94235 MOORE ST,SUITE 122,GOLD BEACH,OR,97444,9699,http://www.co.curry.or.us/,Curry County
173613,41,017,99017,DESCHUTES,COUNTY OF DESCHUTES,County,,,1300 NW WALL ST,STE 206,BEND,OR,97703,,http://www.deschutes.org/,Deschutes County
133195,41,019,99019,DOUGLAS,COUNTY OF DOUGLAS,County,,,1036 SE DOUGLAS AVE,,ROSEBURG,OR,97470,3368,http://www.co.douglas.or.us/,Douglas County
111584,41,021,99021,GILLIAM,COUNTY OF GILLIAM,County,,,PO BOX 427,,CONDON,OR,97823,0427,http://www.co.gilliam.or.us,Gilliam County
173614,41,023,99023,GRANT,COUNTY OF GRANT,County,,,201 S HUMBOLT ST,STE 280,CANYON CITY,OR,97820,6192,http://www.gcoregonlive2.com,Grant County
193955,41,025,99025,HARNEY,COUNTY OF HARNEY,County,,,450 N BUENA VISTA AVE,,BURNS,OR,97720,1533,http://www.co.harney.or.us/,Harney County
133196,41,027,99027,HOOD RIVER,COUNTY OF HOOD RIVER,County,,,601 STATE ST,,HOOD RIVER,OR,97031,1899,http://www.co.hood-river.or.us/,Hood River County
173615,41,029,99029,JACKSON,COUNTY OF JACKSON,County,,,10 S OAKDALE AVE,RM 214,MEDFORD,OR,97501,2992,http://www.co.jackson.or.us/,Jackson County
173616,41,031,99031,JEFFERSON,COUNTY OF JEFFERSON,County,,,66 SE D ST,STE A,MADRAS,OR,97741,1621,http://www.co.jefferson.or.us,Jefferson County
173617,41,033,99033,JOSEPHINE,COUNTY OF JOSEPHINE,County,,,500 NW 6TH ST,DEPT 6,GRANTS PASS,OR,97526,2065,http://www.co.josephine.or.us/,Josephine County
111585,41,035,99035,KLAMATH,COUNTY OF KLAMATH,County,,,305 MAIN ST,STE 224,KLAMATH FALLS,OR,97601,6332,http://www.klamathcounty.org,Klamath County
133197,41,037,99037,LAKE,COUNTY OF LAKE,County,,,513 CENTER ST,213,LAKEVIEW,OR,97630,1579,http://www.lakecountyor.org/,Lake County
173618,41,039,99039,LANE,COUNTY OF LANE,County,,,125 E 8TH AVE,,EUGENE,OR,97401,2923,http://www.lanecounty.org,Lane County
173619,41,041,99041,LINCOLN,COUNTY OF LINCOLN,County,,,225 W OLIVE ST,STE 110,NEWPORT,OR,97365,3811,http://www.co.lincoln.or.us/,Lincoln County
202429,41,043,99043,LINN,COUNTY OF LINN,County,,,PO BOX 100,,ALBANY,OR,97321,0031,http://www.co.linn.or.us/,Linn County
133198,41,045,99045,MALHEUR,COUNTY OF MALHEUR,County,,,251 B ST W,STE 5,VALE,OR,97918,1375,http://www.malheurco.org/,Malheur County
133199,41,047,99047,MARION,COUNTY OF MARION,County,,,PO BOX 14500,,SALEM,OR,97309,5036,http://co.marion.or.us/,Marion County
173620,41,049,99049,MORROW,COUNTY OF MORROW,County,,,PO BOX 788,,HEPPNER,OR,97836,0788,http://www.morrowcountyoregon.com/,Morrow County
173621,41,051,99051,MULTNOMAH,COUNTY OF MULTNOMAH,County,,,501 SE HAWTHORNE BLVD,STE 600,PORTLAND,OR,97214,3588,http://www.multco.us,Multnomah County
173622,41,053,99053,POLK,COUNTY OF POLK,County,,,850 MAIN ST,,DALLAS,OR,97338,3147,http://www.co.polk.or.us/,Polk County
193956,41,055,99055,SHERMAN,COUNTY OF SHERMAN,County,,,PO BOX 365,,MORO,OR,97039,0365,http://www.sherman-county.com/,Sherman County
111587,41,057,99057,TILLAMOOK,COUNTY OF TILLAMOOK,County,,,201 LAUREL AVE,,TILLAMOOK,OR,97141,2381,http://www.co.tillamook.or.us/,Tillamook County
183795,41,059,99059,UMATILLA,COUNTY OF UMATILLA,County,,,216 SE 4TH ST,RM 104,PENDLETON,OR,97801,2699,http://www.umatillacounty.net,Umatilla County
209186,41,061,99061,UNION,COUNTY OF UNION,County,,,1106 K AVE,,LA GRANDE,OR,97850,2131,http://www.unioncounty.org,Union County
173623,41,063,99063,WALLOWA,COUNTY OF WALLOWA,County,,,101 S RIVER ST,,ENTERPRISE,OR,97828,1363,http://www.wallowa.co.or.us,Wallowa County
133200,41,065,99065,WASCO,COUNTY OF WASCO,County,,,2705 E 2ND ST,,THE DALLES,OR,97058,,http://www.co.wasco.or.us/,Wasco County
173624,41,067,99067,WASHINGTON,COUNTY OF WASHINGTON,County,,,155 N 1ST AVE,STE 300,HILLSBORO,OR,97124,3072,http://www.co.washington.or.us,Washington County
173625,41,069,99069,WHEELER,COUNTY OF WHEELER,County,,,PO BOX 447,,FOSSIL,OR,97830,0447,http://www.wheelercountyoregon.gov,Wheeler County
183794,41,071,99071,YAMHILL,COUNTY OF YAMHILL,County,,,535 NE 5TH ST,,MCMINNVILLE,OR,97128,4523,http://www.co.yamhill.or.us/,Yamhill County
111588,41,001,71000,BAKER,CITY OF SUMPTER,Municipal,,,PO BOX 68,,SUMPTER,OR,97877,0068,,Sumpter
133201,41,001,61700,BAKER,CITY OF RICHLAND,Municipal,,,PO BOX 266,,RICHLAND,OR,97870,0266,,Richland
173626,41,001,31600,BAKER,TOWN OF HAINES,Municipal,,,PO BOX 208,,HAINES,OR,97833,0208,http://WWW.HAINESOREGON.COM,Haines
173627,41,001,31650,BAKER,CITY OF HALFWAY,Municipal,,,PO BOX 738,,HALFWAY,OR,97834,0738,,Halfway
191288,41,001,03650,BAKER,CITY OF BAKER CITY,Municipal,,,1995 3RD STREET,,BAKER CITY,OR,97814,,http://www.bakercity.com/,Baker City
193957,41,001,35700,BAKER,CITY OF HUNTINGTON,Municipal,,,PO BOX 369,,HUNTINGTON,OR,97907,0369,,Huntington
209187,41,001,76250,BAKER,CITY OF UNITY,Municipal,,,PO BOX 7,,UNITY,OR,97884,0007,,Unity
111589,41,003,49600,BENTON,CITY OF MONROE,Municipal,,,PO BOX 486,,MONROE,OR,97456,0486,,Monroe
133202,41,003,15800,BENTON,CITY OF CORVALLIS,Municipal,,,501 SW MADISON AVE,,CORVALLIS,OR,97333,,http://www.ci.corvallis.or.us/,Corvallis
173629,41,003,57450,BENTON,CITY OF PHILOMATH,Municipal,,,PO BOX 400,,PHILOMATH,OR,97370,0400,http://www.ci.philomath.or.us/,Philomath
173630,41,003,00275,BENTON,CITY OF ADAIR VILLAGE,Municipal,,,6030 NE WILLIAM R CARR ST,,ADAIR VILLAGE,OR,97330,9444,http://www.adairvillage.org,Adair Village
111591,41,005,23800,CLACKAMAS,CITY OF ESTACADA,Municipal,,,PO BOX 958,,ESTACADA,OR,97023,0958,http://www.cityofestacada.org/,Estacada
111592,41,005,65250,CLACKAMAS,CITY OF SANDY,Municipal,,,39250 PIONEER BLVD,,SANDY,OR,97055,8001,http://www.ci.sandy.or.us/,Sandy
133203,41,005,49450,CLACKAMAS,CITY OF MOLALLA,Municipal,,,PO BOX 248,,MOLALLA,OR,97038,0248,http://www.cityofmolalla.com,Molalla
133204,41,005,40550,CLACKAMAS,CITY OF LAKE OSWEGO,Municipal,,,PO BOX 369,,LAKE OSWEGO,OR,97034,0369,http://www.oswego.or.us,Lake Oswego
133205,41,005,80150,CLACKAMAS,CITY OF WEST LINN,Municipal,,,22500 SALAMO RD,,WEST LINN,OR,97068,8301,http://westlinnoregon.gov/,West Linn
133206,41,005,32050,CLACKAMAS,CITY OF HAPPY VALLEY,Municipal,,,16000 SE MISTY DR,,HAPPY VALLEY,OR,97086,4288,http://WWW.HAPPY-VALLEY.ORG,Happy Valley
173631,41,005,04000,CLACKAMAS,CITY OF BARLOW,Municipal,,,106 N MAIN ST,,CANBY,OR,97013,9191,,Barlow
173632,41,005,37650,CLACKAMAS,CITY OF JOHNSON CITY,Municipal,,,16121 SE 81ST AVE,,PORTLAND,OR,97267,5390,,Johnson City
173633,41,005,82800,CLACKAMAS,CITY OF WILSONVILLE,Municipal,,,29799 SW TOWN CENTER LOOP E,,WILSONVILLE,OR,97070,6499,http://www.ci.wilsonville.or.us/,Wilsonville
191289,41,005,10750,CLACKAMAS,CITY OF CANBY,Municipal,,,PO BOX 930,,CANBY,OR,97013,0930,http://WWW.CI.CANBY.OR.US,Canby
193958,41,005,55200,CLACKAMAS,CITY OF OREGON CITY,Municipal,,,PO BOX 3040,,OREGON CITY,OR,97045,0304,http://www.orcity.org,Oregon City
205211,41,005,29000,CLACKAMAS,CITY OF GLADSTONE,Municipal,,,525 PORTLAND AVE,,GLADSTONE,OR,97027,2199,,Gladstone
205212,41,005,62250,CLACKAMAS,CITY OF RIVERGROVE,Municipal,,,PO BOX 1104,,LAKE OSWEGO,OR,97035,0501,http://www.rivergrove.home.comcast.net,Rivergrove
209188,41,005,48650,CLACKAMAS,CITY OF MILWAUKIE,Municipal,,,10722 SE MAIN ST,,MILWAUKIE,OR,97222,7670,http://www.cityofmilwaukie.org/,Milwaukie
111593,41,007,10850,CLATSOP,CITY OF CANNON BEACH,Municipal,,,PO BOX 368,,CANNON BEACH,OR,97110,0368,http://www.ci.cannonbeach.or.us,Cannon Beach
191290,41,007,65950,CLATSOP,CITY OF SEASIDE,Municipal,,,989 BROADWAY ST,,SEASIDE,OR,97138,7826,http://www.cityofseaside.us,Seaside
205213,41,007,03150,CLATSOP,CITY OF ASTORIA,Municipal,,,1095 DUANE ST,,ASTORIA,OR,97103,4584,http://www.astoria.or.us/,Astoria
209189,41,007,28450,CLATSOP,CITY OF GEARHART,Municipal,,,PO BOX 2510,,GEARHART,OR,97138,2510,http://www.cityofgearhart.com,Gearhart
209190,41,007,78900,CLATSOP,CITY OF WARRENTON,Municipal,,,PO BOX 250,,WARRENTON,OR,97146,0250,http://www.ci.warrenton.or.us,Warrenton
133207,41,009,14750,COLUMBIA,CITY OF COLUMBIA CITY,Municipal,,,PO BOX 189,,COLUMBIA CITY,OR,97018,0189,http://www.columbiacity.org,Columbia City
173635,41,009,59750,COLUMBIA,CITY OF PRESCOTT,Municipal,,,72742 BLAKELY ST,,RAINIER,OR,97048,3801,,Prescott
173636,41,009,60850,COLUMBIA,CITY OF RAINIER,Municipal,,,PO BOX 100,,RAINIER,OR,97048,0100,http://www.cityofrainier.com,Rainier
173637,41,009,64600,COLUMBIA,CITY OF ST HELENS,Municipal,,,PO BOX 278,,SAINT HELENS,OR,97051,0278,http://www.ci.sthelens.or.us,St Helens
184241,41,009,13750,COLUMBIA,CITY OF CLATSKANIE,Municipal,,,PO BOX 9,,CLATSKANIE,OR,97016,0009,http://www.cityofclatskanie.com,Clatskanie
187139,41,009,77250,COLUMBIA,CITY OF VERNONIA,Municipal,,,1001 BRIDGE ST,,VERNONIA,OR,97064,1240,,Vernonia
205214,41,009,65500,COLUMBIA,CITY OF SCAPPOOSE,Municipal,,,33568 E COLUMBIA AVE,,SCAPPOOSE,OR,97056,3423,http://WWW.CI.SCAPPOOSE.OR.US,Scappoose
133208,41,011,15250,COOS,CITY OF COOS BAY,Municipal,,,500 CENTRAL AVE,,COOS BAY,OR,97420,1895,http://www.coosbay.org/,Coos Bay
133209,41,011,59600,COOS,CITY OF POWERS,Municipal,,,PO BOX 250,275 FIR ST,POWERS,OR,97466,0250,,Powers
173638,41,011,15350,COOS,CITY OF COQUILLE,Municipal,,,851 N CENTRAL BLVD,,COQUILLE,OR,97423,1253,http://WWW.CITYOFCOQUILLE.ORG,Coquille
173639,41,011,51050,COOS,CITY OF MYRTLE POINT,Municipal,,,424 5TH ST,,MYRTLE POINT,OR,97458,1194,,Myrtle Point
173640,41,011,53000,COOS,CITY OF NORTH BEND,Municipal,,,PO BOX B,,NORTH BEND,OR,97459,0014,http://www.northbendcity.org,North Bend
173641,41,011,40650,COOS,CITY OF LAKESIDE,Municipal,,,PO BOX L,,LAKESIDE,OR,97449,,http://www.cityoflakeside.org,Lakeside
193959,41,011,03800,COOS,CITY OF BANDON,Municipal,,,PO BOX 67,,BANDON,OR,97411,0067,http://CI.BANDON.OR.US,Bandon
173642,41,013,59850,CROOK,CITY OF PRINEVILLE,Municipal,,,387 NE 3RD ST,,PRINEVILLE,OR,97754,1901,http://WWW.CITYOFPRINEVILLE.COM,Prineville
133210,41,015,59250,CURRY,CITY OF PORT ORFORD,Municipal,,,PO BOX 310,,PORT ORFORD,OR,97465,0310,http://PORTORFORD.ORG,Port Orford
173643,41,015,29900,CURRY,CITY OF GOLD BEACH,Municipal,,,29592 ELLENSBURG AVE,,GOLD BEACH,OR,97444,6700,http://www.goldbeachoregon.gov,Gold Beach
211252,41,015,08650,CURRY,CITY OF BROOKINGS,Municipal,,,898 ELK DR,,BROOKINGS,OR,97415,9699,http://www.brookings.or.us,Brookings
111596,41,017,67950,DESCHUTES,CITY OF SISTERS,Municipal,,,PO BOX 39,,SISTERS,OR,97759,,http://www.ci.sisters.or.us,Sisters
173644,41,017,61200,DESCHUTES,CITY OF REDMOND,Municipal,,,716 SW EVERGREEN AVE,,REDMOND,OR,97756,2242,http://www.ci.redmond.or.us,Redmond
193960,41,017,05800,DESCHUTES,CITY OF BEND,Municipal,,,710 NW WALL ST,,BEND,OR,97703,2713,http://www.ci.bend.or.us/,Bend
219835,41,017,41050,DESCHUTES,CITY OF LA PINE,Municipal,,,PO BOX 2460,,LA PINE,OR,97739,,http://www.ci.la-pine.or.us/,La Pine
111597,41,019,61300,DOUGLAS,CITY OF REEDSPORT,Municipal,,,451 WINCHESTER AVE,,REEDSPORT,OR,97467,,http://www.cityofreedsport.org,Reedsport
111598,41,019,83400,DOUGLAS,CITY OF WINSTON,Municipal,,,201 NW DOUGLAS BLVD,,WINSTON,OR,97496,8551,http://www.winstoncity.org,Winston
133211,41,019,11000,DOUGLAS,CITY OF CANYONVILLE,Municipal,,,PO BOX 765,,CANYONVILLE,OR,97417,0765,,Canyonville
133212,41,019,61850,DOUGLAS,CITY OF RIDDLE,Municipal,,,PO BOX 143,,RIDDLE,OR,97469,0143,,Riddle
133213,41,019,84600,DOUGLAS,CITY OF YONCALLA,Municipal,,,PO BOX 508,,YONCALLA,OR,97499,0508,,Yoncalla
173645,41,019,20500,DOUGLAS,CITY OF DRAIN,Municipal,,,PO BOX 158,,DRAIN,OR,97435,0158,http://www.cityofdrain.org,Drain
173646,41,019,22800,DOUGLAS,CITY OF ELKTON,Municipal,,,PO BOX 508,,ELKTON,OR,97436,0508,,Elkton
173647,41,019,29350,DOUGLAS,CITY OF GLENDALE,Municipal,,,PO BOX 361,,GLENDALE,OR,97442,0361,http://www.cityofglendaleor.com,Glendale
173648,41,019,54000,DOUGLAS,CITY OF OAKLAND,Municipal,,,637 LOCUST ST,,OAKLAND,OR,97462,9836,,Oakland
173649,41,019,63650,DOUGLAS,CITY OF ROSEBURG,Municipal,,,900 SE DOUGLAS AVE,,ROSEBURG,OR,97470,3397,http://www.cityofroseburg.org,Roseburg
173650,41,019,71650,DOUGLAS,CITY OF SUTHERLIN,Municipal,,,126 E CENTRAL AVE,,SUTHERLIN,OR,97479,9556,http://www.ci.sutherlin.or.us/,Sutherlin
211826,41,019,50950,DOUGLAS,CITY OF MYRTLE CREEK,Municipal,,,PO BOX 940,,MYRTLE CREEK,OR,97457,0123,http://www.cityofmyrtlecreek.com,Myrtle Creek
133214,41,021,43400,GILLIAM,CITY OF LONEROCK,Municipal,,,104 SE MAIN ST,,CONDON,OR,97823,,,Lonerock
173651,41,021,15000,GILLIAM,CITY OF CONDON,Municipal,,,PO BOX 445,,CONDON,OR,97823,0445,http://www.cityofcondon.com,Condon
193961,41,021,02800,GILLIAM,CITY OF ARLINGTON,Municipal,,,PO BOX 68,,ARLINGTON,OR,97812,0068,,Arlington
111599,41,023,37550,GRANT,CITY OF JOHN DAY,Municipal,,,450 E MAIN ST,,JOHN DAY,OR,97845,1238,http://www.cityofjohnday.com,John Day
133215,41,023,43550,GRANT,CITY OF LONG CREEK,Municipal,,,PO BOX 489,,LONG CREEK,OR,97856,0489,http://www.cityoflongcreek.com,Long Creek
133216,41,023,30500,GRANT,CITY OF GRANITE,Municipal,,,1378 MAIN ST,,GRANITE,OR,97877,8700,,Granite
173652,41,023,10950,GRANT,TOWN OF CANYON CITY,Municipal,,,PO BOX 276,,CANYON CITY,OR,97820,0276,,Canyon City
173653,41,023,18300,GRANT,TOWN OF DAYVILLE,Municipal,,,PO BOX 321,,DAYVILLE,OR,97825,0321,,Dayville
173654,41,023,49750,GRANT,CITY OF MONUMENT,Municipal,,,PO BOX 426,,MONUMENT,OR,97864,0426,,Monument
193962,41,023,66200,GRANT,CITY OF SENECA,Municipal,,,PO BOX 208,,SENECA,OR,97873,0208,,Seneca
209191,41,023,50250,GRANT,CITY OF MOUNT VERNON,Municipal,,,PO BOX 647,,MOUNT VERNON,OR,97865,0647,,Mount Vernon
209192,41,023,59650,GRANT,CITY OF PRAIRIE CITY,Municipal,,,PO BOX 370,,PRAIRIE CITY,OR,97869,0370,,Prairie City
111600,41,025,09800,HARNEY,CITY OF BURNS,Municipal,,,242 S BROADWAY AVE,,BURNS,OR,97720,2297,http://www.ci.burns.or.us,Burns
133217,41,025,34250,HARNEY,TOWN OF HINES,Municipal,,,PO BOX 336,,HINES,OR,97738,0336,http://www.hinesoregon.com,Hines
173655,41,027,11600,HOOD RIVER,CITY OF CASCADE LOCKS,Municipal,,,PO BOX 308,140 WANAPA ST,CASCADE LOCKS,OR,97014,,http://www.cascade-locks.or.us/,Cascade Locks
173656,41,027,34900,HOOD RIVER,CITY OF HOOD RIVER,Municipal,,,211 2ND ST,,HOOD RIVER,OR,97031,2003,http://www.ci.hoodriver.or.us/,Hood River
111601,41,029,03050,JACKSON,CITY OF ASHLAND,Municipal,,,20 E MAIN ST,,ASHLAND,OR,97520,1850,http://www.ashland.or.us/,Ashland
111604,41,029,57500,JACKSON,CITY OF PHOENIX,Municipal,,,PO BOX 330,,PHOENIX,OR,97535,0330,http://www.phoenixoregon.net,Phoenix
133218,41,029,66550,JACKSON,CITY OF SHADY COVE,Municipal,,,PO BOX 1210,,SHADY COVE,OR,97539,1210,http://www.shadycove.net/,Shady Cove
173657,41,029,10050,JACKSON,TOWN OF BUTTE FALLS,Municipal,,,PO BOX 268,,BUTTE FALLS,OR,97522,0268,,Butte Falls
173658,41,029,12400,JACKSON,CITY OF CENTRAL POINT,Municipal,,,140 S 3RD ST,,CENTRAL POINT,OR,97502,2216,http://www.centralpointoregon.gov,Central Point
173659,41,029,63450,JACKSON,CITY OF ROGUE RIVER,Municipal,,,PO BOX 1137,,ROGUE RIVER,OR,97537,1137,http://www.cityofrogueriver.org,Rogue River
184242,41,029,21550,JACKSON,CITY OF EAGLE POINT,Municipal,,,PO BOX 779,,EAGLE POINT,OR,97524,0779,http://www.cityofeaglepoint.com/,Eagle Point
191291,41,029,47000,JACKSON,CITY OF MEDFORD,Municipal,,,411 W 8TH ST,,MEDFORD,OR,97501,3105,http://www.ci.medford.or.us/,Medford
209193,41,029,29950,JACKSON,CITY OF GOLD HILL,Municipal,,,PO BOX 308,,GOLD HILL,OR,97525,0308,http://www.ci.goldhill.or.us,Gold Hill
209194,41,029,37000,JACKSON,CITY OF JACKSONVILLE,Municipal,,,PO BOX 7,,JACKSONVILLE,OR,97530,0007,,Jacksonville
209195,41,029,72500,JACKSON,CITY OF TALENT,Municipal,,,PO BOX 445,,TALENT,OR,97540,,http://www.cityoftalent.org/,Talent
173660,41,031,47750,JEFFERSON,CITY OF METOLIUS,Municipal,,,636 JEFFERSON AVE,,METOLIUS,OR,97741,2407,,Metolius
187143,41,031,17300,JEFFERSON,CITY OF CULVER,Municipal,,,200 FIRST AVE,,CULVER,OR,97734,,http://www.cityofculver.net,Culver
193963,41,031,45250,JEFFERSON,CITY OF MADRAS,Municipal,,,125 SW E ST,,MADRAS,OR,97741,,http://www.ci.madras.or.us/,Madras
133219,41,033,11850,JOSEPHINE,CITY OF CAVE JUNCTION,Municipal,,,PO BOX 1396,,CAVE JUNCTION,OR,97523,,,Cave Junction
209196,41,033,30550,JOSEPHINE,CITY OF GRANTS PASS,Municipal,,,101 NW A ST,,GRANTS PASS,OR,97526,2091,http://www.grants.passonegon.gov,Grants Pass
111605,41,035,07300,KLAMATH,TOWN OF BONANZA,Municipal,,,PO BOX 297,,BONANZA,OR,97623,0297,,Bonanza
133220,41,035,13050,KLAMATH,CITY OF CHILOQUIN,Municipal,,,PO BOX 196,,CHILOQUIN,OR,97624,0196,,Chiloquin
173661,41,035,39700,KLAMATH,CITY OF KLAMATH FALLS,Municipal,,,PO BOX 237,,KLAMATH FALLS,OR,97601,0361,http://www.ci.klamathfalls.or.us/,Klamath Falls
173662,41,035,47700,KLAMATH,CITY OF MERRILL,Municipal,,,PO BOX 487,,MERRILL,OR,97633,0487,,Merrill
209197,41,035,45400,KLAMATH,CITY OF MALIN,Municipal,,,PO BOX 61,,MALIN,OR,97632,0061,,Malin
111606,41,037,56250,LAKE,CITY OF PAISLEY,Municipal,,,PO BOX 100,,PAISLEY,OR,97636,0100,http://www.presys.com/paisley/,Paisley
133221,41,037,40700,LAKE,TOWN OF LAKEVIEW,Municipal,,,525 N 1ST ST,,LAKEVIEW,OR,97630,1503,http://www.lakevieworegon.org,Lakeview
133222,41,039,23850,LANE,CITY OF EUGENE,Municipal,,,100 W 10TH AVE ,STE 400,EUGENE,OR,97401,,http://www.eugene-or.gov,Eugene
133223,41,039,54100,LANE,CITY OF OAKRIDGE,Municipal,,,PO BOX 1410,,OAKRIDGE,OR,97463,1410,http://www.ci.oakridge.or.us,Oakridge
133224,41,039,21150,LANE,CITY OF DUNES,Municipal,,,PO BOX 97,,WESTLAKE,OR,97493,0097,http://www.dunescity.com,Dunes
173663,41,039,16950,LANE,CITY OF CRESWELL,Municipal,,,PO BOX 276,,CRESWELL,OR,97426,0276,http://www.ci.creswell.or.us/,Creswell
173664,41,039,44050,LANE,CITY OF LOWELL,Municipal,,,PO BOX 490,,LOWELL,OR,97452,0490,http://www.ci.lowell.or.us,Lowell
173665,41,039,69600,LANE,CITY OF SPRINGFIELD,Municipal,,,225 5TH ST,,SPRINGFIELD,OR,97477,4675,http://www.springfieldor.gov,Springfield
173666,41,039,79950,LANE,CITY OF WESTFIR,Municipal,,,PO BOX 296,,WESTFIR,OR,97492,0296,,Westfir
193964,41,039,15950,LANE,CITY OF COTTAGE GROVE,Municipal,,,400 E MAIN ST,,COTTAGE GROVE,OR,97424,2034,http://www.cottagegrove.org/,Cottage Grove
202430,41,039,26050,LANE,CITY OF FLORENCE,Municipal,,,250 HIGHWAY 101,,FLORENCE,OR,97439,7628,http://www.ci.florence.or.us/,Florence
209198,41,039,14400,LANE,CITY OF COBURG,Municipal,,,PO BOX 8316,,COBURG,OR,97408,1310,http://www.coburgoregon.org,Coburg
209199,41,039,38000,LANE,CITY OF JUNCTION CITY,Municipal,,,PO BOX 250,,JUNCTION CITY,OR,97448,0250,http://www.junctioncityoregon.gov,Junction City
212769,41,039,77050,LANE,CITY OF VENETA,Municipal,,,PO BOX 458,,VENETA,OR,97487,0458,http://WWW.CI.VENETA.OR.US,Veneta
173667,41,041,67500,LINCOLN,CITY OF SILETZ,Municipal,,,PO BOX 318,,SILETZ,OR,97380,0318,http://www.cityofsiletz.org,Siletz
173668,41,041,84200,LINCOLN,CITY OF YACHATS,Municipal,,,PO BOX 345,,YACHATS,OR,97498,0345,http://www.ci.yachats.or.us,Yachats
184240,41,041,74000,LINCOLN,CITY OF TOLEDO,Municipal,,,PO BOX 220,206 N MAIN ST,TOLEDO,OR,97391,,http://www.cityoftoledo.org/,Toledo
184243,41,041,42600,LINCOLN,CITY OF LINCOLN CITY,Municipal,,,PO BOX 50,,LINCOLN CITY,OR,97367,0050,http://www.lincolncity.org/,Lincoln City
202431,41,041,78000,LINCOLN,CITY OF WALDPORT,Municipal,,,PO BOX 1120,,WALDPORT,OR,97394,1120,http://www.waldport.org/,Waldport
209200,41,041,52450,LINCOLN,CITY OF NEWPORT,Municipal,,,169 SW COAST HWY,,NEWPORT,OR,97365,3806,http://www.newportoregon.gov,Newport
211827,41,041,18850,LINCOLN,CITY OF DEPOE BAY,Municipal,,,PO BOX 8,,DEPOE BAY,OR,97341,0008,http://www.cityofdepoebay.org,Depoe Bay
111609,41,043,48150,LINN,CITY OF MILL CITY,Municipal,,,PO BOX 256,,MILL CITY,OR,97360,0256,http://www.ci.mill-city.or.us,Mill City
133225,41,043,65650,LINN,CITY OF SCIO,Municipal,,,PO BOX 37,,SCIO,OR,97374,0037,http://www.ci.scio.or.us,Scio
139664,41,043,32550,LINN,CITY OF HARRISBURG,Municipal,,,PO BOX 378,,HARRISBURG,OR,97446,0378,http://www.ci.harrisburg.or.us,Harrisburg
173669,41,043,01000,LINN,CITY OF ALBANY,Municipal,,,PO BOX 490,,ALBANY,OR,97321,0144,http://www.cityofalbany.net,Albany
173670,41,043,41650,LINN,CITY OF LEBANON,Municipal,,,925 S MAIN ST,,LEBANON,OR,97355,,http://www.ci.lebanon.or.us/,Lebanon
173671,41,043,68550,LINN,CITY OF SODAVILLE,Municipal,,,30723 SODAVILLE RD,,LEBANON,OR,97355,9387,,Sodaville
173672,41,043,71950,LINN,CITY OF SWEET HOME,Municipal,,,1140 12TH AVE,,SWEET HOME,OR,97386,2111,http://www.ci.seet-home.or.us,Sweet Home
173673,41,043,72600,LINN,CITY OF TANGENT,Municipal,,,PO BOX 251,,TANGENT,OR,97389,0251,http://www.cityoftangent.org,Tangent
173674,41,043,48300,LINN,CITY OF MILLERSBURG,Municipal,,,4222 OLD SALEM RD NE,,ALBANY,OR,97321,7377,,Millersburg
187145,41,043,79050,LINN,CITY OF WATERLOO,Municipal,,,PO BOX 1066,,LEBANON,OR,97355,0016,,Waterloo
193965,41,043,09050,LINN,CITY OF BROWNSVILLE,Municipal,,,PO BOX 188,,BROWNSVILLE,OR,97327,0188,http://www.ci.brownshiville.ok.us,Brownsville
205215,41,043,31750,LINN,CITY OF HALSEY,Municipal,,,PO BOX 10,,HALSEY,OR,97348,0010,http://WWW.CITYOFHALSEY.COM,Halsey
205216,41,043,44300,LINN,CITY OF LYONS,Municipal,,,449 5TH ST,,LYONS,OR,97358,2320,http://www.cityoflyons.org,Lyons
111610,41,045,54900,MALHEUR,CITY OF ONTARIO,Municipal,,,444 SW 4TH ST,,ONTARIO,OR,97914,3497,http://ontariooregon.org/,Ontario
133226,41,045,53750,MALHEUR,CITY OF NYSSA,Municipal,,,301 MAIN ST,,NYSSA,OR,97913,3845,http://www.nyssacity.org,Nyssa
133227,41,045,00500,MALHEUR,CITY OF ADRIAN,Municipal,,,PO BOX 226,,ADRIAN,OR,97901,0226,,Adrian
173676,41,045,37850,MALHEUR,CITY OF JORDAN VALLEY,Municipal,,,PO BOX 187,,JORDAN VALLEY,OR,97910,0187,http://www.cityofjordanvalley.com,Jordan Valley
193966,41,045,76600,MALHEUR,CITY OF VALE,Municipal,,,252 B ST W,,VALE,OR,97918,1361,,Vale
111611,41,047,20100,MARION,CITY OF DONALD,Municipal,,,PO BOX 388,,DONALD,OR,97020,0388,,Donald
111613,41,047,70700,MARION,CITY OF SUBLIMITY,Municipal,,,PO BOX 146,,SUBLIMITY,OR,97385,0146,http://www.cityofsublinity.org,Sublimity
133228,41,047,70200,MARION,CITY OF STAYTON,Municipal,,,362 N 3RD AVE,,STAYTON,OR,97383,1796,http://www.staytonoregon.gov/,Stayton
133229,41,047,35800,MARION,CITY OF IDANHA,Municipal,,,PO BOX 430,,IDANHA,OR,97350,0430,http://www.cityofidanha.com,Idanha
173677,41,047,03250,MARION,CITY OF AUMSVILLE,Municipal,,,595 MAIN ST,,AUMSVILLE,OR,97325,9005,http://www.aumsville.us/,Aumsville
173678,41,047,03300,MARION,CITY OF AURORA,Municipal,,,21420 MAIN ST NE,,AURORA,OR,97002,9229,http://www.ci.aurora.or.us,Aurora
173679,41,047,28650,MARION,CITY OF GERVAIS,Municipal,,,PO BOX 329,,GERVAIS,OR,97026,0329,http://www.gervais.org,Gervais
173680,41,047,50150,MARION,CITY OF MOUNT ANGEL,Municipal,,,PO BOX 960,,MOUNT ANGEL,OR,97362,0960,http://www.ci.mtangel.or.us,Mount Angel
173681,41,047,67650,MARION,CITY OF SILVERTON,Municipal,,,306 S WATER ST,,SILVERTON,OR,97381,2135,http://www.silverton.or.us/,Silverton
173682,41,047,75150,MARION,CITY OF TURNER,Municipal,,,PO BOX 456,,TURNER,OR,97392,0456,http://www.cityofturner.org,Turner
191292,41,047,35450,MARION,CITY OF HUBBARD,Municipal,,,PO BOX 380,,HUBBARD,OR,97032,0380,http://www.cityofhubbard.org/,Hubbard
193967,41,047,64850,MARION,CITY OF ST PAUL,Municipal,,,PO BOX 7,,SAINT PAUL,OR,97137,0007,,St Paul
202432,41,047,37250,MARION,CITY OF JEFFERSON,Municipal,,,PO BOX 83,,JEFFERSON,OR,97352,0083,,Jefferson
202433,41,047,38500,MARION,CITY OF KEIZER,Municipal,,,PO BOX 21000,,KEIZER,OR,97307,1000,http://www.keizer.org/,Keizer
205217,41,047,19100,MARION,CITY OF DETROIT,Municipal,,,160 DETROIT AVE N,PO BOX 589,DETROIT,OR,97342,,,Detroit
205218,41,047,64900,MARION,CITY OF SALEM,Municipal,,,555 LIBERTY ST SE,RM 220,SALEM,OR,97301,3513,http://www.cityofsalem.net/,Salem
209201,41,047,28200,MARION,CITY OF GATES,Municipal,,,101 SORBIN ST,,GATES,OR,97346,,,Gates
209202,41,047,65800,MARION,CITY OF SCOTTS MILLS,Municipal,,,PO BOX 220,,SCOTTS MILLS,OR,97375,0220,http://www.scottsmills.org/,Scotts Mills
209203,41,047,83750,MARION,CITY OF WOODBURN,Municipal,,,270 MONTGOMERY ST,,WOODBURN,OR,97071,4797,http://www.woodburnor.gov/,Woodburn
173683,41,049,07200,MORROW,CITY OF BOARDMAN,Municipal,,,PO BOX 229,,BOARDMAN,OR,97818,0229,http://www.cityofboardman.com,Boardman
173684,41,049,36400,MORROW,CITY OF IONE,Municipal,,,PO BOX 361,,IONE,OR,97843,0361,,Ione
184237,41,049,33550,MORROW,CITY OF HEPPNER,Municipal,,,PO BOX 756,,HEPPNER,OR,97836,0756,http://www.cityof.heppner.com,Heppner
193968,41,049,42200,MORROW,TOWN OF LEXINGTON,Municipal,,,PO BOX 416,,LEXINGTON,OR,97839,0416,,Lexington
211429,41,049,36500,MORROW,CITY OF IRRIGON,Municipal,,,PO BOX 428,,IRRIGON,OR,97844,0428,http://www.cityofirrigon.org,Irrigon
133230,41,051,46730,MULTNOMAH,CITY OF MAYWOOD PARK,Municipal,,,10100 NE PRESCOTT ST,STE 147,PORTLAND,OR,97220,3597,,Maywood Park
173685,41,051,31250,MULTNOMAH,CITY OF GRESHAM,Municipal,,,1333 NW EASTMAN PKWY,,GRESHAM,OR,97030,3813,http://www.greshamoregon.gov,Gresham
173686,41,051,83950,MULTNOMAH,CITY OF WOOD VILLAGE,Municipal,,,2055 NE 238TH DR,,WOOD VILLAGE,OR,97060,1095,http://www.ci.woodvillage.or.us,Wood Village
209204,41,051,24250,MULTNOMAH,CITY OF FAIRVIEW,Municipal,,,PO BOX 337,,FAIRVIEW,OR,97024,0337,http://www.fairvieworegon.gov,Fairview
209205,41,051,74850,MULTNOMAH,CITY OF TROUTDALE,Municipal,,,104 SE KIBLING ST,,TROUTDALE,OR,97060,2099,http://www.troutdaleoregon.gov,Troutdale
211254,41,051,59000,MULTNOMAH,CITY OF PORTLAND,Municipal,,,1120 SW 5TH AVE,ROOM 1250,PORTLAND,OR,97204,1912,,Portland
111616,41,053,17700,POLK,CITY OF DALLAS,Municipal,,,187 SE COURT ST,,DALLAS,OR,97338,3159,http://www.dallasor.gov,Dallas
133231,41,053,49550,POLK,TOWN OF MONMOUTH,Municipal,,,151 MAIN ST W,,MONMOUTH,OR,97361,2199,http://www.ci.monmouth.or.us/,Monmouth
173687,41,053,36150,POLK,CITY OF INDEPENDENCE,Municipal,,,PO BOX 7,,INDEPENDENCE,OR,97351,0007,http://www.ci.independence.or.us/,Independence
209206,41,053,24550,POLK,CITY OF FALLS CITY,Municipal,,,299 MILL ST,,FALLS CITY,OR,97344,9800,http://www.fallscity.org/,Falls City
111617,41,055,78950,SHERMAN,CITY OF WASCO,Municipal,,,PO BOX 26,,WASCO,OR,97065,0026,http://www.wascooregon.com,Wasco
173688,41,055,30650,SHERMAN,CITY OF GRASS VALLEY,Municipal,,,PO BOX 191,,GRASS VALLEY,OR,97029,0191,,Grass Valley
205219,41,055,64200,SHERMAN,CITY OF RUFUS,Municipal,,,PO BOX 27,,RUFUS,OR,97050,0027,http://www.cityofrufus.net,Rufus
209207,41,055,50000,SHERMAN,CITY OF MORO,Municipal,,,PO BOX 231,,MORO,OR,97039,0231,,Moro
173689,41,057,28000,TILLAMOOK,CITY OF GARIBALDI,Municipal,,,PO BOX 708,,GARIBALDI,OR,97118,0708,http://www.ci.garibaldi.or.us,Garibaldi
173690,41,057,73700,TILLAMOOK,CITY OF TILLAMOOK,Municipal,,,210 LAUREL AVE,,TILLAMOOK,OR,97141,2382,http://www.tillamookor.gov,Tillamook
191293,41,057,51700,TILLAMOOK,TOWN OF NEHALEM,Municipal,,,PO BOX 143,,NEHALEM,OR,97131,0143,http://www.ci.nehalem.or.us,Nehalem
205220,41,057,45700,TILLAMOOK,CITY OF MANZANITA,Municipal,,,PO BOX 129,,MANZANITA,OR,97130,0129,http://www.ci.manzanita.or.us,Manzanita
209208,41,057,04800,TILLAMOOK,CITY OF BAY CITY,Municipal,,,PO BOX 3309,,BAY CITY,OR,97107,3309,,Bay City
209209,41,057,81300,TILLAMOOK,CITY OF WHEELER,Municipal,,,PO BOX 177,,WHEELER,OR,97147,0177,http://www.ci.wheeler.or.us,Wheeler
211430,41,057,62900,TILLAMOOK,CITY OF ROCKAWAY BEACH,Municipal,,,PO BOX 5,,ROCKAWAY BEACH,OR,97136,0005,,Rockaway Beach
111618,41,059,75550,UMATILLA,CITY OF UKIAH,Municipal,,,PO BOX 265,,UKIAH,OR,97880,0265,,Ukiah
133232,41,059,33700,UMATILLA,CITY OF HERMISTON,Municipal,,,180 NE 2ND ST,,HERMISTON,OR,97838,1860,http://www.hermiston.or.us/,Hermiston
133233,41,059,69900,UMATILLA,CITY OF STANFIELD,Municipal,,,PO BOX 369,,STANFIELD,OR,97875,0369,http://www.cityofstanfield.com,Stanfield
173691,41,059,03200,UMATILLA,CITY OF ATHENA,Municipal,,,PO BOX 686,,ATHENA,OR,97813,0686,,Athena
173692,41,059,33250,UMATILLA,CITY OF HELIX,Municipal,,,PO BOX 323,,HELIX,OR,97835,,,Helix
173693,41,059,48600,UMATILLA,CITY OF MILTON FREEWATER,Municipal,,,PO BOX 6,,MILTON FREEWATER,OR,97862,0006,http://www.mfcity.com/,Milton Freewater
173694,41,059,57150,UMATILLA,CITY OF PENDLETON,Municipal,,,500 SW DORION AVE,,PENDLETON,OR,97801,2035,http://www.pendleton.or.us/,Pendleton
173695,41,059,80350,UMATILLA,CITY OF WESTON,Municipal,,,PO BOX 579,,WESTON,OR,97886,0579,http://www.cityofweston.org/,Weston
184239,41,059,57650,UMATILLA,CITY OF PILOT ROCK,Municipal,,,PO BOX 130,,PILOT ROCK,OR,97868,0130,http://www.cityofpilotrock.org/,Pilot Rock
202434,41,059,00350,UMATILLA,CITY OF ADAMS,Municipal,,,PO BOX 20,,ADAMS,OR,97810,0020,http://www.cityofadamsoregon.com,Adams
209210,41,059,22200,UMATILLA,CITY OF ECHO,Municipal,,,PO BOX 9,,ECHO,OR,97826,0009,http://www.echooregon.com,Echo
209211,41,059,75650,UMATILLA,CITY OF UMATILLA,Municipal,,,PO BOX 130,,UMATILLA,OR,97882,0130,http://www.umatilla-city.org,Umatilla
111619,41,061,70850,UNION,TOWN OF SUMMERVILLE,Municipal,,,PO BOX 92,,SUMMERVILLE,OR,97876,0092,,Summerville
133234,41,061,75850,UNION,CITY OF UNION,Municipal,,,PO BOX 529,,UNION,OR,97883,0529,http://www.cityofunion.com/,Union
173696,41,061,22550,UNION,CITY OF ELGIN,Municipal,,,PO BOX 128,,ELGIN,OR,97827,0128,http://www.cityofelginor.org..under.construction,Elgin
173697,41,061,36050,UNION,CITY OF IMBLER,Municipal,,,PO BOX 40,,IMBLER,OR,97841,0040,,Imbler
173698,41,061,40350,UNION,CITY OF LA GRANDE,Municipal,,,PO BOX 670,,LA GRANDE,OR,97850,0670,http://www.cityoflagrande.org,La Grande
173699,41,061,53300,UNION,CITY OF NORTH POWDER,Municipal,,,PO BOX 309,,NORTH POWDER,OR,97867,0309,,North Powder
205221,41,061,16250,UNION,CITY OF COVE,Municipal,,,PO BOX 8,,COVE,OR,97824,0008,,Cove
205222,41,061,36750,UNION,CITY OF ISLAND CITY,Municipal,,,10605 ISLAND AVE,,ISLAND CITY,OR,97850,8449,,Island City
173700,41,063,23500,WALLOWA,CITY OF ENTERPRISE,Municipal,,,108 NE 1ST ST,,ENTERPRISE,OR,97828,1199,http://www.enterpriseoregon.org,Enterprise
173701,41,063,37900,WALLOWA,CITY OF JOSEPH,Municipal,,,PO BOX 15,,JOSEPH,OR,97846,,http://www.josephoregon.org,Joseph
205223,41,063,43900,WALLOWA,CITY OF LOSTINE,Municipal,,,PO BOX 181,,LOSTINE,OR,97857,0181,,Lostine
211255,41,063,78150,WALLOWA,CITY OF WALLOWA,Municipal,,,PO BOX 487,,WALLOWA,OR,97885,0487,,Wallowa
111620,41,065,50050,WASCO,CITY OF MOSIER,Municipal,,,PO BOX 456,,MOSIER,OR,97040,0456,,Mosier
173702,41,065,20900,WASCO,CITY OF DUFUR,Municipal,,,PO BOX 145,,DUFUR,OR,97021,0145,http://www.cityofdufur.org,Dufur
173703,41,065,66700,WASCO,CITY OF SHANIKO,Municipal,,,PO BOX 17,,SHANIKO,OR,97057,0017,,Shaniko
173704,41,065,72950,WASCO,CITY OF THE DALLES,Municipal,,,313 COURT ST,,THE DALLES,OR,97058,2111,,The Dalles
187146,41,065,46500,WASCO,TOWN OF MAUPIN,Municipal,,,PO BOX 308,,MAUPIN,OR,97037,0308,http://www.cityofmaupin.com/,Maupin
212092,41,065,02250,WASCO,CITY OF ANTELOPE,Municipal,,,PO BOX 105,,ANTELOPE,OR,97001,0105,,Antelope
111621,41,067,15550,WASHINGTON,CITY OF CORNELIUS,Municipal,,,1355 N BARLOW ST,,CORNELIUS,OR,97113,8912,http://www.ci.cornelius.or.us/,Cornelius
111622,41,067,74950,WASHINGTON,CITY OF TUALATIN,Municipal,,,18880 SW MARTINAZZI AVE,,TUALATIN,OR,97062,,http://www.ci.tualatin.or.us/,Tualatin
111623,41,067,53150,WASHINGTON,CITY OF NORTH PLAINS,Municipal,,,31360 NW COMMERCIAL ST,,NORTH PLAINS,OR,97133,6215,http://www.northplains.org/,North Plains
173706,41,067,05350,WASHINGTON,CITY OF BEAVERTON,Municipal,,,PO BOX 4755,,BEAVERTON,OR,97076,4755,http://www.beavertonoregon.gov/,Beaverton
173707,41,067,26200,WASHINGTON,CITY OF FOREST GROVE,Municipal,,,PO BOX 326,,FOREST GROVE,OR,97116,0326,http://www.forestgroveor.gov,Forest Grove
173708,41,067,67100,WASHINGTON,CITY OF SHERWOOD,Municipal,,,22560 SW PINE ST,,SHERWOOD,OR,97140,9933,http://www.sherwoodoregon.gov,Sherwood
173709,41,067,21250,WASHINGTON,CITY OF DURHAM,Municipal,,,17160 SW UPPER BOONES FERRY RD,,PORTLAND,OR,97224,7004,http://www.durhamoregon.us,Durham
173710,41,067,73650,WASHINGTON,CITY OF TIGARD,Municipal,,,13125 SW HALL BLVD,,TIGARD,OR,97223,8144,http://www.tigardor.gov/,Tigard
193969,41,067,28100,WASHINGTON,CITY OF GASTON,Municipal,,,PO BOX 129,,GASTON,OR,97119,0129,,Gaston
202435,41,067,03850,WASHINGTON,CITY OF BANKS,Municipal,,,13680 NW MAIN ST,,BANKS,OR,97106,,http://www.cityofbanks.org,Banks
209212,41,067,39150,WASHINGTON,CITY OF KING CITY,Municipal,,,15300 SW 116TH AVE,,KING CITY,OR,97224,2693,http://www.ci.king-city.or.us,King City
211253,41,067,34100,WASHINGTON,CITY OF HILLSBORO,Municipal,,,150 E MAIN ST,,HILLSBORO,OR,97123,4028,http://www.ci.hillsboro.or.us/,Hillsboro
111624,41,069,26650,WHEELER,CITY OF FOSSIL,Municipal,,,PO BOX 467,,FOSSIL,OR,97830,0467,,Fossil
209213,41,069,49150,WHEELER,CITY OF MITCHELL,Municipal,,,PO BOX 97,,MITCHELL,OR,97750,0097,,Mitchell
209214,41,069,69450,WHEELER,TOWN OF SPRAY,Municipal,,,PO BOX 83,,SPRAY,OR,97874,0083,http://www.sprayoregon.us,Spray
111625,41,071,18250,YAMHILL,CITY OF DAYTON,Municipal,,,PO BOX 339,,DAYTON,OR,97114,0339,,Dayton
111626,41,071,45000,YAMHILL,CITY OF MCMINNVILLE,Municipal,,,230 NE 2ND ST,,MCMINNVILLE,OR,97128,4831,http://www.ci.mcminnville.or.us/,Mcminnville
111628,41,071,82350,YAMHILL,CITY OF WILLAMINA,Municipal,,,PO BOX 629,,WILLAMINA,OR,97396,0629,,Willamina
173711,41,071,21050,YAMHILL,CITY OF DUNDEE,Municipal,,,PO BOX 220,,DUNDEE,OR,97115,0220,,Dundee
173712,41,071,52100,YAMHILL,CITY OF NEWBERG,Municipal,,,PO BOX 970,414 E FIRST ST,NEWBERG,OR,97132,0970,http://www.newbergoregon.gov,Newberg
187147,41,071,02000,YAMHILL,CITY OF AMITY,Municipal,,,PO BOX 159,,AMITY,OR,97101,0159,http://www.ci.amity.or.us,Amity
209215,41,071,40300,YAMHILL,CITY OF LAFAYETTE,Municipal,,,PO BOX 55,,LAFAYETTE,OR,97127,0055,,Lafayette
209216,41,071,67050,YAMHILL,CITY OF SHERIDAN,Municipal,,,120 SW MILL ST,,SHERIDAN,OR,97378,1832,http://www.cityofsheridanor.com,Sheridan
209217,41,071,84250,YAMHILL,CITY OF YAMHILL,Municipal,,,PO BOX 9,,YAMHILL,OR,97148,0009,http://www.cityofyamhill.com,Yamhill
212093,41,071,11150,YAMHILL,CITY OF CARLTON,Municipal,,,191 E MAIN ST,,CARLTON,OR,97111,9107,http://www.ci.carlton.or.us/,Carlton
116144,16,073,,OWYHEE,PLEASANT VALLEY ELEMENTARY SCHOOL DISTRICT 364,School District,,ELEMENTARY ONLY,PO BOX 119,,JORDAN VALLEY,OR,97910,,,Pleasant Valley Elementary School District 364
187176,41,001,,BAKER,BURNT RIVER SCH DIST 30J,School District,,ELEMENTARY AND SECONDARY,PO BOX 8,,UNITY,OR,97884,0008,HTTP://WWW.BURNTRIVER.K12.OR.US,Burnt River School District 30J
202458,41,001,,BAKER,PINE EAGLE SCH DIST 61,School District,,ELEMENTARY AND SECONDARY,375B N MAIN ST,,HALFWAY,OR,97834,8153,http://WWW.PINEEAGLE.K12.OR.US,Pine Eagle School District 61
210850,41,001,,BAKER,HUNTINGTON SCH DIST 16J,School District,,ELEMENTARY AND SECONDARY,520 3RD ST E,,HUNTINGTON,OR,97907,5054,HTTPS://WWW.HUNTINGTON.K12.OR.US/,Huntington School District 16J
211833,41,001,,BAKER,BAKER SCH DIST 5J,School District,,ELEMENTARY AND SECONDARY,2090 FOURTH ST,,BAKER CITY,OR,97814,3391,HTTP://WWW.BAKER5J.ORG/,Baker School District 5J
111787,41,003,,BENTON,ALSEA SCH DIST 7J,School District,,ELEMENTARY AND SECONDARY,PO BOX B,,ALSEA,OR,97324,0120,HTTP://WWW.ALSEA.K12.OR.US,Alsea School District 7J
111788,41,003,,BENTON,MONROE SCHOOL DISTRICT 1 J,School District,,ELEMENTARY AND SECONDARY,365 N FIFTH ST,,MONROE,OR,97456,9506,http://www.monroe.k12.or.us/sd1j.htm,Monroe School District 1 J
182352,41,003,,BENTON,CORVALLIS SCH DIST 509-J,School District,,ELEMENTARY AND SECONDARY,PO BOX 3509J,,CORVALLIS,OR,97339,1198,http://WWW.CORVALLIS.K12.OR.US,Corvallis School District 509-J
202459,41,003,,BENTON,PHILOMATH SCH DIST 17J,School District,,ELEMENTARY AND SECONDARY,1620 APPLEGATE ST,,PHILOMATH,OR,97370,9328,http://www.philomath.k12.or.us/,Philomath School District 17J
111790,41,005,,CLACKAMAS,MOLALLA RIVER SCH DIST 35,School District,,ELEMENTARY AND SECONDARY,PO BOX 188,,MOLALLA,OR,97038,0188,HTTPS://WWW.MOLALLARIV.K12.OR.US/,Molalla River School District 35
111791,41,005,,CLACKAMAS,WEST LINN-WILSONVILLE SCH DIST 3J,School District,,ELEMENTARY AND SECONDARY,PO BOX 35,,WEST LINN,OR,97068,0035,http://WWW.WLWV.K12.OR.US,West Linn-Wilsonville School District 3J
118362,41,005,,CLACKAMAS,LAKE OSWEGO SCH DIST 7 J,School District,,ELEMENTARY AND SECONDARY,PO BOX 70,,LAKE OSWEGO,OR,97034,0070,http://WWW.LOSWEGO.K12.OR.US,Lake Oswego School District 7 J
133425,41,005,,CLACKAMAS,COLTON SCH DIST 53,School District,,ELEMENTARY AND SECONDARY,30429 S GRAYS HILL RD,,COLTON,OR,97017,9796,HTTP://WWW.COLTON.K12.OR.US,Colton School District 53
137123,41,005,,CLACKAMAS,CLACKAMAS COMMUNITY COLLEGE,School District,,POST-SECONDARY,19600 S MOLALLA AVE,,OREGON CITY,OR,97045,,http://www.clackamas.edu,Clackamas Community College
182362,41,005,,CLACKAMAS,OREGON CITY SCH DIST 62,School District,,ELEMENTARY AND SECONDARY,PO BOX 2110,,OREGON CITY,OR,97045,5010,http://WWW.ORECITY.K12.OR.US,Oregon City School District 62
182363,41,005,,CLACKAMAS,OREGON TRAIL SCHOOL DISTRICT 46,School District,,ELEMENTARY AND SECONDARY,PO BOX 547,,SANDY,OR,97055,0547,http://www.oregontrailschools.com,Oregon Trail School District 46
202460,41,005,,CLACKAMAS,GLADSTONE SCH DIST 115,School District,,ELEMENTARY AND SECONDARY,17789 WEBSTER RD,,GLADSTONE,OR,97027,1498,http://WWW.GLADSTONE.K12.OR.US,Gladstone School District 115
210851,41,005,,CLACKAMAS,ESTACADA SCH DIST 108,School District,,ELEMENTARY AND SECONDARY,255 NE 6TH AVE,,ESTACADA,OR,97023,9719,http://WWW.ESTACADA.K12.OR.US,Estacada School District 108
210852,41,005,,CLACKAMAS,NORTH CLACKAMAS SCH DIST 12,School District,,ELEMENTARY AND SECONDARY,4444 SE LAKE ROAD,,MILWAUKIE,OR,97222,4799,http://www.nclack.k12.or.us/,North Clackamas School District 12
212176,41,005,,CLACKAMAS,CLACKAMAS EDUCATION SERVICE DISTRICT,School District,,SPECIAL OR VOCATIONAL EDUCATION,PO BOX 216,,MARYLHURST,OR,97036,0216,HTTPS://WWW.CLACKESD.ORG/,Clackamas Education Service District
212771,41,005,,CLACKAMAS,CANBY SCH DIST 86,School District,,ELEMENTARY AND SECONDARY,1110 S IVY,,CANBY,OR,97013,4298,http://WWW.CANBY.K12.OR.US,Canby School District 86
111792,41,007,,CLATSOP,WARRENTON-HAMMOND SCH DIST 30,School District,,ELEMENTARY AND SECONDARY,820 SW CEDAR ST,,WARRENTON,OR,97146,9799,HTTP://WWW.WARRENTONSCHOOLS.COM,Warrenton-Hammond School District 30
118364,41,007,,CLATSOP,JEWELL SCH DIST 8,School District,,ELEMENTARY AND SECONDARY,83874 HWY 103,,SEASIDE,OR,97138,6154,HTTP://WWW.JEWELL.K12.OR.US,Jewell School District 8
182367,41,007,,CLATSOP,SEASIDE SCH DIST 10,School District,,ELEMENTARY AND SECONDARY,1801 S FRANKLIN ST,,SEASIDE,OR,97138,5299,http://WWW.SEASIDE.K12.OR.US,Seaside School District 10
188515,41,007,,CLATSOP,ASTORIA SCH DIST IC,School District,,ELEMENTARY AND SECONDARY,785 ALAMEDA AVE,,ASTORIA,OR,97103,5947,HTTP://WWW.ASTORIA.K12.OR.US,Astoria School District Ic
205253,41,007,,CLATSOP,CLATSOP COMMUNITY COLLEGE,School District,,POST-SECONDARY,1653 JEROME,,ASTORIA,OR,97103,,http://www.clatsopcc.edu,Clatsop Community College
118366,41,009,,COLUMBIA,SCAPPOOSE SCH DIST 1J,School District,,ELEMENTARY AND SECONDARY,33589 SE HIGH SCHOOL WAY,,SCAPPOOSE,OR,97056,3326,http://WWW.SCAPPOOSE.K12.OR.US,Scappoose School District 1J
118367,41,009,,COLUMBIA,RAINIER SCH DIST 13,School District,,ELEMENTARY AND SECONDARY,PO BOX 160,,RAINIER,OR,97048,0160,HTTPS://WWW.RAINIER.K12.OR.US/,Rainier School District 13
139746,41,009,,COLUMBIA,CLATSKANIE SCHOOL DISTRICT 6J,School District,,ELEMENTARY AND SECONDARY,PO BOX 678,,CLATSKANIE,OR,97016,0678,HTTPS://WWW.CSD.K12.OR.US/,Clatskanie School District 6J
139747,41,009,,COLUMBIA,KNAPPA SCHOOL DISTRICT 4,School District,,ELEMENTARY AND SECONDARY,41535 OLD HWY 30,,ASTORIA,OR,97103,8640,HTTPS://WWW.KNAPPA.K12.OR.US/,Knappa School District 4
182368,41,009,,COLUMBIA,ST HELENS SCH DIST 502,School District,,ELEMENTARY AND SECONDARY,474 N. 16TH STREET,,ST HELENS,OR,97051,1340,http://WWW.STHELENS.K12.OR.US,St Helens School District 502
182369,41,009,,COLUMBIA,VERNONIA SCH DIST 47 J,School District,,ELEMENTARY AND SECONDARY,475 BRIDGE ST,,VERNONIA,OR,97064,1215,HTTPS://WWW.VERNONIA.K12.OR.US/,Vernonia School District 47 J
111793,41,011,,COOS,BANDON SCH DIST 54,School District,,ELEMENTARY AND SECONDARY,455 9TH ST SW,,BANDON,OR,97411,9013,http://www.bandon.k12.or.us/,Bandon School District 54
111794,41,011,,COOS,SOUTHWESTERN OREGON COMMUNITY COLLEGE,School District,,POST-SECONDARY,1988 NEWMARK AVE,,COOS BAY,OR,97420,9999,http://www.socc.edu,Southwestern Oregon Community College
118368,41,011,,COOS,POWERS SCH DIST 31,School District,,ELEMENTARY AND SECONDARY,PO BOX 479,,POWERS,OR,97466,0479,HTTPS://WWW.POWERSSCHOOLS.COM/,Powers School District 31
133428,41,011,,COOS,SOUTH COAST EDUCATION SERVICE DISTRICT,School District,,SPECIAL OR VOCATIONAL EDUCATION,1350 TEAKWOOD AVE,,COOS BAY,OR,97420,2593,http://www.scesd.k12.or.us,South Coast Education Service District
182372,41,011,,COOS,COOS BAY SCH DIST 9,School District,,ELEMENTARY AND SECONDARY,PO BOX 509,,COOS BAY,OR,97420,0102,http://WWW.COOS-BAY.K12.OR.US,Coos Bay School District 9
182373,41,011,,COOS,MYRTLE POINT SCH DIST 41,School District,,ELEMENTARY AND SECONDARY,212 SPRUCE ST,,MYRTLE POINT,OR,97458,1094,http://www.mpsd.k12.or.us/,Myrtle Point School District 41
182374,41,011,,COOS,NORTH BEND SCH DIST 13,School District,,ELEMENTARY AND SECONDARY,1913 MEADE ST,,NORTH BEND,OR,97459,3432,HTTPS://WWW.NBEND.K12.OR.US/,North Bend School District 13
203637,41,011,,COOS,COQUILLE SCH DIST 8,School District,,ELEMENTARY AND SECONDARY,790 W 17TH ST,,COQUILLE,OR,97423,1040,http://www.coquille.k12.or.us/,Coquille School District 8
182375,41,013,,CROOK,CROOK CO UNIT SCH DIST,School District,,ELEMENTARY AND SECONDARY,471 NE OCHOCO PLAZA DR STE A,,PRINEVILLE,OR,97754,2498,http://WWW.CROOKCOUNTY.K12.OR.US,Crook Co Unit School District
139749,41,015,,CURRY,CENTRAL CURRY SCHOOL DISTRICT #1,School District,,ELEMENTARY AND SECONDARY,29516 ELLENSBURG AVE,,GOLD BEACH,OR,97444,9754,HTTPS://WWW.CCSD.K12.OR.US/,Central Curry School District #1
182376,41,015,,CURRY,BROOKINGS-HARBOR SCH DIST 17C,School District,,ELEMENTARY AND SECONDARY,629 EASY ST,,BROOKINGS,OR,97415,9109,http://WWW.BROOKINGS.K12.OR.US,Brookings-Harbor School District 17C
203638,41,015,,CURRY,PT ORFORD LANGLOIS SCH DIST 2J,School District,,ELEMENTARY AND SECONDARY,PO BOX 8,,PORT ORFORD,OR,97465,0008,http://WWW.2CJ.COM,Pt Orford Langlois School District 2J
182380,41,017,,DESCHUTES,SISTERS SCH DIST 6,School District,,ELEMENTARY AND SECONDARY,PO BOX 5099,,SISTERS,OR,97759,5099,HTTP://SSD6.ORG/,Sisters School District 6
182381,41,017,,DESCHUTES,CENTRAL OREGON CMTY COLLEGE,School District,,POST-SECONDARY,2600 NORTHWEST COLLEGE WAY,,BEND,OR,97701,,http://www.cocc.edu,Central Oregon Cmty College
182382,41,017,,DESCHUTES,HIGH DESERT EDUCATION SERVICE DISTRICT,School District,,SPECIAL OR VOCATIONAL EDUCATION,145 SE SALMON AVE STE A,,REDMOND,OR,97756,8427,HTTPS://WWW.HDESD.ORG/,High Desert Education Service District
203639,41,017,,DESCHUTES,REDMOND SCH DIST 2J,School District,,ELEMENTARY AND SECONDARY,145 SE SALMON AVE,,REDMOND,OR,97756,8422,http://WWW.REDMOND.K12.OR.US,Redmond School District 2J
212846,41,017,,DESCHUTES,BEND-LA PINE ADMIN SCH DIST 1,School District,,ELEMENTARY AND SECONDARY,520 NW WALL ST,,BEND,OR,97701,2699,HTTP://WWW.BEND.K12.OR.US,Bend-La Pine Admin School District 1
111796,41,019,,DOUGLAS,DAYS CREEK SCH DIST 15,School District,,ELEMENTARY AND SECONDARY,PO BOX 10,,DAYS CREEK,OR,97429,0010,HTTPS://WWW.DAYSCREEK.K12.OR.US/,Days Creek School District 15
111797,41,019,,DOUGLAS,ELKTON SCH DIST 34,School District,,ELEMENTARY AND SECONDARY,PO BOX 390,,ELKTON,OR,97436,0390,http://WWW.ELKTON.K12.OR.US,Elkton School District 34
118370,41,019,,DOUGLAS,CAMAS VALLEY SCH DIST 21,School District,,ELEMENTARY AND SECONDARY,PO BOX 57,,CAMAS VALLEY,OR,97416,0057,HTTPS://WWW.CAMASVALLEY.K12.OR.US/,Camas Valley School District 21
118371,41,019,,DOUGLAS,WINSTON DILLARD SCH DIST 116,School District,,ELEMENTARY AND SECONDARY,620 NW ELWOOD,,WINSTON,OR,97496,8568,,Winston Dillard School District 116
118372,41,019,,DOUGLAS,OAKLAND SCH DIST 1,School District,,ELEMENTARY AND SECONDARY,PO BOX 390,,OAKLAND,OR,97462,0390,http://WWW.OAKLAND.K12.OR.US,Oakland School District 1
118373,41,019,,DOUGLAS,YONCALLA SCH DIST 32,School District,,ELEMENTARY AND SECONDARY,PO BOX 568,,YONCALLA,OR,97499,0568,HTTPS://WWW.YONCALLA.K12.OR.US/,Yoncalla School District 32
133429,41,019,,DOUGLAS,SUTHERLIN SCH DIST 130,School District,,ELEMENTARY AND SECONDARY,531 E CENTRAL AVE,,SUTHERLIN,OR,97479,9532,HTTPS://WWW.SUTHERLIN.K12.OR.US/,Sutherlin School District 130
182383,41,019,,DOUGLAS,GLIDE SCH DIST 12,School District,,ELEMENTARY AND SECONDARY,301 GLIDE LOOP DR,,GLIDE,OR,97443,9744,HTTP://WWW.GLIDE.K12.OR.US,Glide School District 12
182384,41,019,,DOUGLAS,UMPQUA CMTY COLLEGE,School District,,POST-SECONDARY,PO BOX 967,,ROSEBURG,OR,97470,,http://www.umpqua.edu/,Umpqua Cmty College
182385,41,019,,DOUGLAS,SOUTH UMPQUA SCH DIST 19,School District,,ELEMENTARY AND SECONDARY,558 SW CHADWICK LN,,MYRTLE CREEK,OR,97457,9798,HTTPS://WWW.SUSD.K12.OR.US/,South Umpqua School District 19
203640,41,019,,DOUGLAS,GLENDALE SCH DIST 77,School District,,ELEMENTARY AND SECONDARY,PO BOX E,,GLENDALE,OR,97442,0605,http://WWW.GLENDALE.K12.OR.US,Glendale School District 77
203641,41,019,,DOUGLAS,RIDDLE SCH DIST 70,School District,,ELEMENTARY AND SECONDARY,PO BOX 45,,RIDDLE,OR,97469,0045,HTTP://WWW.RIDDLESCHOOLDISTRICT.COM,Riddle School District 70
210853,41,019,,DOUGLAS,NORTH DOUGLAS SCH DIST 22,School District,,ELEMENTARY AND SECONDARY,PO BOX 428,,DRAIN,OR,97435,0428,HTTPS://WWW.NORTHDOUGLAS.K12.OR.US/,North Douglas School District 22
210854,41,019,,DOUGLAS,REEDSPORT SCH DIST 105,School District,,ELEMENTARY AND SECONDARY,100 RANCH RD,,REEDSPORT,OR,97467,1799,http://WWW.REEDSPORT.K12.OR.US,Reedsport School District 105
210855,41,019,,DOUGLAS,DOUGLAS CO SCH DIST 4,School District,,ELEMENTARY AND SECONDARY,1419 NW VALLEY VIEW DR,,ROSEBURG,OR,97470,1767,http://WWW.ROSEBURG.K12.OR.US,Douglas Co School District 4
210856,41,019,,DOUGLAS,DOUGLAS EDUCATION SERVICE DISTRICT,School District,,SPECIAL OR VOCATIONAL EDUCATION,1871 NE STEPHENS ST,,ROSEBURG,OR,97470,1493,http://WWW.DOUGLASESD.K12.OR.US,Douglas Education Service District
118374,41,021,,GILLIAM,CONDON SCH DIST 25,School District,,ELEMENTARY AND SECONDARY,PO BOX 615,,CONDON,OR,97823,0615,http://www.condon.k12.or.us/,Condon School District 25
203642,41,021,,GILLIAM,ARLINGTON SCH DIST 3,School District,,ELEMENTARY AND SECONDARY,PO BOX 10,,ARLINGTON,OR,97812,0010,HTTP://WWW.HONKERNET.NET,Arlington School District 3
111799,41,023,,GRANT,GRANT ADMIN SCHOOL DIST 3,School District,,ELEMENTARY AND SECONDARY,401 N. CANYON CITY BLVD.,,CANYON CITY,OR,97820,6180,http://WWW.GRANTESD.K12.OR.US,Grant Admin School Dist 3
111800,41,023,,GRANT,PRAIRIE CITY SCH DIST 4,School District,,ELEMENTARY AND SECONDARY,PO BOX 345,,PRAIRIE CITY,OR,97869,0345,HTTPS://PRAIRIECITYSCHOOLDISTRICT.WEEBLY.COM/,Prairie City School District 4
182389,41,023,,GRANT,LONG CREEK SCH DIST 17,School District,,ELEMENTARY AND SECONDARY,PO BOX 429,,LONG CREEK,OR,97856,0429,http://WWW.LONGCREEK.ORG,Long Creek School District 17
188517,41,023,,GRANT,DAYVILLE SCH DIST 16J,School District,,ELEMENTARY AND SECONDARY,PO BOX C,,DAYVILLE,OR,97825,0008,HTTP://WWW.DAYVILLESCHOOLS.COM,Dayville School District 16J
203643,41,023,,GRANT,MONUMENT SCH DIST 8,School District,,ELEMENTARY AND SECONDARY,PO BOX 127,,MONUMENT,OR,97864,0127,HTTP://WWW.MONUMENTSCHOOL.COM/,Monument School District 8
111801,41,025,,HARNEY,SOUTH HARNEY SCHOOL DIST 33,School District,,ELEMENTARY ONLY,23657 FIELDS-DENIO RD,,FIELDS,OR,97710,8000,HTTP://WWW.HARNEYESD.K12.OR.US,South Harney School Dist 33
118375,41,025,,HARNEY,HARNEY CO SCH DIST 3,School District,,ELEMENTARY AND SECONDARY,550 N COURT AVE,,BURNS,OR,97720,1590,HTTPS://OR01915672.SCHOOLWIRES.NET/,Harney Co School District 3
118376,41,025,,HARNEY,DIAMOND SCH DIST 7,School District,,ELEMENTARY ONLY,40524 S DIAMOND LN,,DIAMOND,OR,97722,9504,HTTP://WWW.HARNEYESD.K12.OR.US,Diamond School District 7
118377,41,025,,HARNEY,DREWSEY SCH DIST 13,School District,,ELEMENTARY ONLY,PO BOX 109,,DREWSEY,OR,97904,0109,HTTP://WWW.HARNEYUH.K12.OR.US/INDEX.PHP/RURAL-FEEDER-DISTRICTS/DREWSEY-ELEMENTAR,Drewsey School District 13
118378,41,025,,HARNEY,HARNEY COUNTY SCHOOL DIST 4,School District,,ELEMENTARY ONLY,PO BOX 828,,CRANE,OR,97732,0828,,Harney County School Dist 4
182393,41,025,,HARNEY,HARNEY CO UNION HIGH SCH DIST 1J,School District,,SECONDARY ONLY,PO BOX 828,,CRANE,OR,97732,0828,HTTP://CRANEHIGHSCHOOL.ORG,Harney Co Union High School District 1J
182394,41,025,,HARNEY,DOUBLE O SCH DIST 28,School District,,ELEMENTARY ONLY,PO BOX 888,,HINES,OR,97738,0888,,Double O School District 28
182395,41,025,,HARNEY,FRENCHGLEN SCH DIST 16,School District,,ELEMENTARY ONLY,GENERAL DELIVERY,,FRENCHGLEN,OR,97736,,HTTP://WWW.FRENCHGLEN.K12.OR.US/,Frenchglen School District 16
182397,41,025,,HARNEY,SUNTEX SCH DIST 10,School District,,ELEMENTARY ONLY,PO BOX 805,,HINES,OR,97738,0708,,Suntex School District 10
203644,41,025,,HARNEY,PINE CREEK SCH DIST 5,School District,,ELEMENTARY ONLY,79654 PINE CREEK RD,,DREWSEY,OR,97904,5712,,Pine Creek School District 5
111803,41,027,,HOOD RIVER,HOOD RIVER COUNTY SCHOOL DIST,School District,,ELEMENTARY AND SECONDARY,PO BOX 920,,HOOD RIVER,OR,97031,0030,http://WWW.HOODRIVER.K12.OR.US,Hood River County School Dist
111804,41,029,,JACKSON,PINEHURST SCH DIST 94,School District,,ELEMENTARY ONLY,15337 HWY 66,,ASHLAND,OR,97520,9438,http://www.pinehurst.k12.or.us,Pinehurst School District 94
118379,41,029,,JACKSON,CENTRAL POINT SCH DIST 6,School District,,ELEMENTARY AND SECONDARY,300 ASH ST,,CENTRAL POINT,OR,97502,2279,http://WWW.DISTRICT6.ORG,Central Point School District 6
182400,41,029,,JACKSON,BUTTE FALLS SCH DIST 91,School District,,ELEMENTARY AND SECONDARY,PO BOX 228,,BUTTE FALLS,OR,97522,0228,HTTPS://WWW.BUTTEFALLS.K12.OR.US/,Butte Falls School District 91
182401,41,029,,JACKSON,MEDFORD SCH DIST 549C,School District,,ELEMENTARY AND SECONDARY,500 MONROE ST,,MEDFORD,OR,97501,3522,http://WWW.MEDFORD.K12.OR.US,Medford School District 549C
182402,41,029,,JACKSON,ROGUE RIVER SCH DIST 35,School District,,ELEMENTARY AND SECONDARY,PO BOX 1045,,ROGUE RIVER,OR,97537,1045,http://WWW.ROGUERIVER.K12.OR.US,Rogue River School District 35
188518,41,029,,JACKSON,PHOENIX TALENT SCH DIST 4,School District,,ELEMENTARY AND SECONDARY,PO BOX 698,,PHOENIX,OR,97535,0698,http://www.phoenix.k12.or.us/,Phoenix Talent School District 4
194393,41,029,,JACKSON,EAGLE POINT SCH DIST 9,School District,,ELEMENTARY AND SECONDARY,PO BOX 548,,EAGLE POINT,OR,97524,0548,HTTP://WWW.EAGLEPNT.K12.OR.US,Eagle Point School District 9
203645,41,029,,JACKSON,ASHLAND SCH DIST 5,School District,,ELEMENTARY AND SECONDARY,885 SISKIYOU BLVD,,ASHLAND,OR,97520,2197,http://www.ashland.k12.or.us/,Ashland School District 5
203646,41,029,,JACKSON,PROSPECT SCH DIST 59,School District,,ELEMENTARY AND SECONDARY,PO BOX 40,,PROSPECT,OR,97536,0040,HTTPS://WWW.PROSPECT.K12.OR.US/,Prospect School District 59
118380,41,031,,JEFFERSON,ASHWOOD SCH DIST 8,School District,,ELEMENTARY ONLY,PO BOX 2,,ASHWOOD,OR,97711,0002,HTTPS://ASHWOOD.K12.OR.US/,Ashwood School District 8
118381,41,031,,JEFFERSON,JEFFERSON SCH DIST 509 J,School District,,ELEMENTARY AND SECONDARY,445 SE BUFF ST,,MADRAS,OR,97741,1595,http://WWW.WHITEBUFFALOS.NET,Jefferson School District 509 J
182404,41,031,,JEFFERSON,BLACK BUTTE SCH DIST 41,School District,,ELEMENTARY ONLY,PO BOX 150,,CAMP SHERMAN,OR,97730,0150,HTTPS://WWW.BLACKBUTTE.K12.OR.US/,Black Butte School District 41
187179,41,031,,JEFFERSON,CULVER SCH DIST 4,School District,,ELEMENTARY AND SECONDARY,PO BOX 228,,CULVER,OR,97734,0228,HTTPS://WWW.CULVER.K12.OR.US/,Culver School District 4
118382,41,033,,JOSEPHINE,THREE RIVERS/JOSEPHINE CO SCH DIST,School District,,ELEMENTARY AND SECONDARY,PO BOX 160,,MURPHY,OR,97533,0160,http://WWW.THREERIVERS.K12.OR.US,Three Rivers/Josephine Co School District
182406,41,033,,JOSEPHINE,GRANTS PASS SCH DIST 7,School District,,ELEMENTARY AND SECONDARY,725 NE DEAN DR,,GRANTS PASS,OR,97526,1649,http://WWW.GRANTSPASS.K12.OR.US,Grants Pass School District 7
182407,41,033,,JOSEPHINE,ROGUE COMMUNITY COLLEGE,School District,,POST-SECONDARY,3345 REDWOOD HWY,,GRANTS PASS,OR,97527,,http://www.Roguecc.edu,Rogue Community College
118383,41,035,,KLAMATH,KLAMATH COUNTY SCH DIST,School District,,ELEMENTARY AND SECONDARY,2845 GREENSPRINGS DR,,KLAMATH FALLS,OR,97601,5674,http://www.kcsd.k12.or.us/,Klamath County School District
192212,41,035,,KLAMATH,KLAMATH FALLS CITY SCHOOLS,School District,,ELEMENTARY AND SECONDARY,1336 AVALON,,KLAMATH FALLS,OR,97603,4423,http://www.kfalls.k12.or.us,Klamath Falls City Schools
205254,41,035,,KLAMATH,KLAMATH COMM COLLEGE DISTRICT,School District,,POST-SECONDARY,7390 S 6TH ST,,KLAMATH,OR,97601,,http://www.klamathcc.edu,Klamath Comm College District
111805,41,037,,LAKE,PAISLEY SCH DIST 11,School District,,ELEMENTARY AND SECONDARY,PO BOX 97,,PAISLEY,OR,97636,0097,HTTP://WWW.PAISLEYSCHOOLDISTRICT.COM,Paisley School District 11
118384,41,037,,LAKE,ADEL SCH DIST 21,School District,,ELEMENTARY ONLY,357 N L ST,,LAKEVIEW,OR,97630,1232,HTTP://WWW.LAKEESD.K12.OR.US,Adel School District 21
118385,41,037,,LAKE,PLUSH SCH DIST 18,School District,,ELEMENTARY ONLY,PO BOX 3,,PLUSH,OR,97637,9999,HTTPS://WWW.PLUSHSCHOOL.COM/,Plush School District 18
182409,41,037,,LAKE,NORTH LAKE SCHOOL DIST 14,School District,,ELEMENTARY AND SECONDARY,56566 FORT ROCK RD,,SILVER LAKE,OR,97638,9629,HTTPS://WWW.NLAKE.K12.OR.US/,North Lake School Dist 14
188519,41,037,,LAKE,LAKE CO SCH DIST 7,School District,,ELEMENTARY AND SECONDARY,1341 S FIRST ST,,LAKEVIEW,OR,97630,1632,HTTPS://WWW.LAKEVIEW.K12.OR.US/,Lake Co School District 7
111807,41,039,,LANE,LOWELL SCH DIST 71,School District,,ELEMENTARY AND SECONDARY,65 S PIONEER ST,,LOWELL,OR,97452,9721,HTTP://WWW.EDLINE.NET/PAGES/LOWELLSD,Lowell School District 71
111808,41,039,,LANE,SPRINGFIELD SCH DIST 19,School District,,ELEMENTARY AND SECONDARY,525 MILL ST,,SPRINGFIELD,OR,97477,4598,http://www.sps.lane.edu/index.html,Springfield School District 19
111809,41,039,,LANE,BETHEL SCHOOL DIST 52,School District,,ELEMENTARY AND SECONDARY,4640 BARGER DR,,EUGENE,OR,97402,1297,http://www.bethel.k12.or.us/,Bethel School Dist 52
118387,41,039,,LANE,CROW-APPLE GATE-LORANE SCHOOL DIST 66,School District,,ELEMENTARY AND SECONDARY,85955 TERRITORIAL RD,,EUGENE,OR,97402,9206,http://www.cal.k12.or.us/,Crow-Apple Gate-Lorane School Dist 66
133432,41,039,,LANE,MAPLETON SCH DIST 32,School District,,ELEMENTARY AND SECONDARY,10868 E MAPLETON RD,,MAPLETON,OR,97453,9603,http://www.mapleton.k12.or.us/,Mapleton School District 32
182410,41,039,,LANE,BLACHLY SCH DIST 90,School District,,ELEMENTARY AND SECONDARY,20264 BLACHLY GRANGE RD,,BLACHLY,OR,97412,9714,HTTPS://BLACHLY90.ORG/,Blachly School District 90
182411,41,039,,LANE,CRESWELL SCH DIST 40,School District,,ELEMENTARY AND SECONDARY,998 A ST,,CRESWELL,OR,97426,9633,http://WWW.CRESWELL.K12.OR.US,Creswell School District 40
182412,41,039,,LANE,EUGENE SCH DIST 4J,School District,,ELEMENTARY AND SECONDARY,200 N MONROE ST,,EUGENE,OR,97402,4295,http://www.4j.lane.edu/,Eugene School District 4J
182413,41,039,,LANE,JUNCTION CITY SCH DIST 69,School District,,ELEMENTARY AND SECONDARY,325 MAPLE ST,,JUNCTION CITY,OR,97448,1359,http://www.junctioncity.k12.or.us/,Junction City School District 69
182414,41,039,,LANE,PLEASANT HILL SCH DIST 1,School District,,ELEMENTARY AND SECONDARY,36386 HWY 58,,PLEASANT HILL,OR,97455,9614,http://www.pleasanthill.k12.or.us/,Pleasant Hill School District 1
182415,41,039,,LANE,SOUTH LANE SCH DIST 45J3,School District,,ELEMENTARY AND SECONDARY,PO BOX 218,,COTTAGE GROVE,OR,97424,0218,http://WWW.SLANE.K12.OR.US,South Lane School District 45J3
187180,41,039,,LANE,OAKRIDGE SCH DIST 76,School District,,ELEMENTARY AND SECONDARY,76499 ROSE ST,,OAKRIDGE,OR,97463,9434,http://WWW.ODE.STATE.OR.US,Oakridge School District 76
202461,41,039,,LANE,SIUSLAW SCH DIST 97J,School District,,ELEMENTARY AND SECONDARY,2111 OAK STREET,,FLORENCE,OR,97439,9618,HTTPS://WWW.SIUSLAW.K12.OR.US/,Siuslaw School District 97J
202462,41,039,,LANE,MCKENZIE SCH DIST 68,School District,,ELEMENTARY AND SECONDARY,51187 BLUE RIVER DR,,FINN ROCK,OR,97488,9602,http://WWW.MCKENZIE.K12.OR.US,Mckenzie School District 68
202463,41,039,,LANE,FERN RIDGE SCH DIST 28 J,School District,,ELEMENTARY AND SECONDARY,88834 TERRITORIAL RD,,ELMIRA,OR,97437,9756,http://www.fernridge.k12.or.us/,Fern Ridge School District 28 J
210857,41,039,,LANE,MARCOLA SCH DIST 79 J,School District,,ELEMENTARY AND SECONDARY,38300 WENDLING RD,,MARCOLA,OR,97454,9732,http://WWW.ODE.STATE.OR.US,Marcola School District 79 J
210858,41,039,,LANE,LANE COMMUNITY COLLEGE DISTRICT,School District,,POST-SECONDARY,4000 E 30TH AVE,,EUGENE,OR,97405,,http://www.Lanecc.edu,Lane Community College District
139751,41,041,,LINCOLN,OREGON COAST COMMUNITY COLLEGE SERV DIST,School District,,POST-SECONDARY,332 SW COAST HIGHWAY,,NEWPORT,OR,97365,4928,http://www.occc.cc.or.us,Oregon Coast Community College Serv Dist
182417,41,041,,LINCOLN,LINCOLN CO SCH DIST,School District,,ELEMENTARY AND SECONDARY,PO BOX 1110,,NEWPORT,OR,97365,0088,http://WWW.LINCOLN.K12.OR.US,Lincoln Co School District
118390,41,043,,LINN,SCIO SCHOOL DIST 95,School District,,ELEMENTARY AND SECONDARY,38875 NW FIRST AVE,,SCIO,OR,97374,9502,http://www.scio.k12.or.us/,Scio School Dist 95
182422,41,043,,LINN,LEBANON COMM SCHOOL DIST 9,School District,,ELEMENTARY AND SECONDARY,485 S 5TH ST,,LEBANON,OR,97355,2602,http://WWW.LEBANON.K12.OR.US,Lebanon Comm School Dist 9
182423,41,043,,LINN,SANTIAM CANYON SCH DIST 129J,School District,,ELEMENTARY AND SECONDARY,PO BOX 197,,MILL CITY,OR,97360,0197,HTTP://SANTIAM.K12.OR.US/,Santiam Canyon School District 129J
182426,41,043,,LINN,HARRISBURG SCHOOL DIST 7J,School District,,ELEMENTARY AND SECONDARY,PO BOX 208,,HARRISBURG,OR,97446,0208,HTTP://WWW.HARRISBURG.K12.OR.US,Harrisburg School Dist 7J
187181,41,043,,LINN,SWEET HOME SCH DIST 55,School District,,ELEMENTARY AND SECONDARY,1920 LONG ST,,SWEET HOME,OR,97386,2395,http://WWW.SWEETHOME.K12.OR.US,Sweet Home School District 55
202464,41,043,,LINN,GREATER ALBANY SCH DIST 8 J,School District,,ELEMENTARY AND SECONDARY,718 7TH AVE. SW,,ALBANY,OR,97321,2399,http://WWW.8J.NET,Greater Albany School District 8 J
205743,41,043,,LINN,LINN-BENTON CMTY COLLEGE,School District,,POST-SECONDARY,6500 SW PACIFIC BLVD,,ALBANY,OR,97321,,http://www.linnbenton.edu,Linn-Benton Cmty College
210859,41,043,,LINN,CENTRAL LINN SCH DIST 552,School District,,ELEMENTARY AND SECONDARY,331 E BLAKELY AVE,,BROWNSVILLE,OR,97327,2399,http://www.centrallinn.k12.or.us/,Central Linn School District 552
111812,41,045,,MALHEUR,ADRIAN SCH DIST 61,School District,,ELEMENTARY AND SECONDARY,PO BOX 108,,ADRIAN,OR,97901,0108,HTTPS://WWW.ADRIANSD.ORG/,Adrian School District 61
111814,41,045,,MALHEUR,MALHEUR EDUCATION SERVICE DIST,School District,,NON-OPERATING,363 A ST W,,VALE,OR,97918,1305,https://www.malesd.org/,Malheur Education Service Dist
118392,41,045,,MALHEUR,AROCK SCH DIST 81,School District,,ELEMENTARY ONLY,PO BOX 131,,AROCK,OR,97902,0131,HTTP://WWW.MALESD.K12.OR.US,Arock School District 81
118393,41,045,,MALHEUR,JUNTURA SCH DIST 12,School District,,ELEMENTARY ONLY,PO BOX 248,,JUNTURA,OR,97911,0248,HTTP://WWW.MALESD.K12.OR.US,Juntura School District 12
118394,41,045,,MALHEUR,MALHEUR COUNTY SCHOOL DISTRICT 51,School District,,NON-OPERATING,363 A ST W,,VALE,OR,97918,1305,HTTPS://WWW.MALESD.ORG/,Malheur County School District 51
133437,41,045,,MALHEUR,TREASURE VALLEY COMMUNITY COLLEGE,School District,,POST-SECONDARY,650 COLLEGE BLVD,,ONTARIO,OR,97914,,http://www.tvcc.cc,Treasure Valley Community College
139754,41,045,,MALHEUR,VALE SCHOOL DISTRICT 84,School District,,ELEMENTARY AND SECONDARY,403 E ST W,,VALE,OR,97918,1599,HTTPS://WWW.VALESD.ORG/,Vale School District 84
182428,41,045,,MALHEUR,HARPER SCH DIST 66,School District,,ELEMENTARY AND SECONDARY,PO BOX 800,,HARPER,OR,97906,0800,HTTP://WWW.HARPER.K12.OR.US,Harper School District 66
182429,41,045,,MALHEUR,NYSSA SCH DIST 26,School District,,ELEMENTARY AND SECONDARY,804 ADRIAN BLVD,,NYSSA,OR,97319,3689,HTTPS://WWW.NYSSA.K12.OR.US/,Nyssa School District 26
182430,41,045,,MALHEUR,ONTARIO SCH DIST 8C,School District,,ELEMENTARY AND SECONDARY,195 SW 3RD AVE,,ONTARIO,OR,97914,2786,http://www.ontariosd.k12.or.us/,Ontario School District 8C
188520,41,045,,MALHEUR,ANNEX SCH DIST 29,School District,,ELEMENTARY ONLY,402 ANNEX RD,,ONTARIO,OR,97914,8010,HTTP://WWW.ANNEX.K12.OR.US,Annex School District 29
202465,41,045,,MALHEUR,JORDAN VALLEY SCH DIST 3,School District,,ELEMENTARY AND SECONDARY,PO BOX 99,,JORDAN VALLEY,OR,97910,0099,http://www.jordanvalley.k12.or.us/,Jordan Valley School District 3
111816,41,047,,MARION,JEFFERSON SCH DIST 14J,School District,,ELEMENTARY AND SECONDARY,1328 N 2ND ST,,JEFFERSON,OR,97352,9237,http://www.jefferson.k12.or.us/,Jefferson School District 14J
118396,41,047,,MARION,GERVAIS SCHOOL DIST 1,School District,,ELEMENTARY AND SECONDARY,PO BOX 100,,GERVAIS,OR,97026,0100,http://www.gervais.k12.or.us/,Gervais School Dist 1
139759,41,047,,MARION,NORTH SANTIAM SD 29 J,School District,,ELEMENTARY AND SECONDARY,1155 N 3RD AVE,,STAYTON,OR,97383,1801,http://www.nsantiam.k12.or.us/,North Santiam Sd 29 J
182435,41,047,,MARION,CASCADE SCHOOL DISTRICT 5,School District,,ELEMENTARY AND SECONDARY,10226 MARION RD SE,,TURNER,OR,97392,9721,http://www.cascade.k12.or.us/,Cascade School District 5
182442,41,047,,MARION,SALEM KEIZER SCH DIST 24J,School District,,ELEMENTARY AND SECONDARY,PO BOX 12024,,SALEM,OR,97309,0024,http://WWW.SALKEIZ.K12.OR.US,Salem Keizer School District 24J
182446,41,047,,MARION,WOODBURN SCH DIST 103,School District,,ELEMENTARY AND SECONDARY,965 NORTH BOONES FERRY RD.,,WOODBURN,OR,97071,9602,HTTPS://WWW.WOODBURNSD.ORG/,Woodburn School District 103
182447,41,047,,MARION,SILVER FALLS SCHOOL DISTRICT 4J,School District,,ELEMENTARY AND SECONDARY,210 EAST C ST,,SILVERTON,OR,97381,1444,http://silverfallsschools.org/,Silver Falls School District 4J
182448,41,047,,MARION,WILLAMETTE EDUCATION SERVICE DISTRICT,School District,,SPECIAL OR VOCATIONAL EDUCATION,2611 PRINGLE RD SE,,SALEM,OR,97302,1533,HTTPS://WWW.WESD.ORG/,Willamette Education Service District
188521,41,047,,MARION,ST PAUL SCH DIST 45,School District,,ELEMENTARY AND SECONDARY,20449 MAIN ST NE,,ST PAUL,OR,97137,9701,http://WWW.STPAUL.K12.OR.US,St Paul School District 45
191327,41,047,,MARION,CHEMEKETA CMTY COLLEGE,School District,,POST-SECONDARY,PO BOX 14007,,SALEM,OR,97309,,http://www.chemeketa.edu,Chemeketa Cmty College
203647,41,047,,MARION,MT ANGEL SCH DIST 91,School District,,ELEMENTARY AND SECONDARY,PO BOX 1129,,MT ANGEL,OR,97362,9704,HTTP://WWW.MASD91.ORG,Mt Angel School District 91
212177,41,047,,MARION,NORTH MARION SCH DIST 15,School District,,ELEMENTARY AND SECONDARY,20256 GRIM RD NE,,AURORA,OR,97002,9499,http://WWW.NMARION.K12.OR.US,North Marion School District 15
118400,41,049,,MORROW,MORROW CO SCH DIST 1,School District,,ELEMENTARY AND SECONDARY,PO BOX 368,,LEXINGTON,OR,97839,0368,http://www.morrow.k12.or.us/,Morrow Co School District 1
215560,41,049,,MORROW,IONE SCHOOL DISTRICT 2J,School District,,ELEMENTARY AND SECONDARY,PO BOX 167,,IONE,OR,97843,0167,HTTP://WWW.IONE.K12.OR.US,Ione School District 2J
118401,41,051,,MULTNOMAH,CORBETT SCH DIST 39,School District,,ELEMENTARY AND SECONDARY,35800 E HISTORIC COLUMBIA RIVER HWY,,CORBETT,OR,97019,9629,http://WWW.CORBETT.K12.OR.US,Corbett School District 39
118402,41,051,,MULTNOMAH,RIVERDALE SCH DIST 51J,School District,,ELEMENTARY AND SECONDARY,11733 SW BREYMAN AVE,,PORTLAND,OR,97219,8409,http://WWW.RIVERDALE.COM,Riverdale School District 51J
133442,41,051,,MULTNOMAH,PORTLAND CMTY COLLEGE,School District,,POST-SECONDARY,12000 SW 49TH AVE,,PORTLAND,OR,97219,,http://www.pcc.edu,Portland Cmty College
182450,41,051,,MULTNOMAH,GRESHAM-BARLOW SCHOOL DIST 10J,School District,,ELEMENTARY AND SECONDARY,1331 NW EASTMAN PKWY,,GRESHAM,OR,97030,3825,http://DISTRICT.GRESHAM.K12.OR.US,Gresham-Barlow School Dist 10J
182451,41,051,,MULTNOMAH,CENTENNIAL SCH DIST 28 JOINT,School District,,ELEMENTARY AND SECONDARY,18135 SE BROOKLYN ST,,PORTLAND,OR,97236,1099,http://WWW.CENTENNIAL.K12.OR.US,Centennial School District 28 Joint
182452,41,051,,MULTNOMAH,PARKROSE SCH DIST 3,School District,,ELEMENTARY AND SECONDARY,10636 NE PRESCOTT ST,,PORTLAND,OR,97220,2699,http://WWW.PARKROSE.K12.OR.US,Parkrose School District 3
182453,41,051,,MULTNOMAH,PORTLAND SCH DIST 1J,School District,,ELEMENTARY AND SECONDARY,PO BOX 3107,,PORTLAND,OR,97208,3107,http://WWW.PPS.K12.OR.US,Portland School District 1J
182455,41,051,,MULTNOMAH,MULTNOMAH COUNTY EDUCATION SERVICE DISTRICT,School District,,SPECIAL OR VOCATIONAL EDUCATION,PO BOX 301039,,PORTLAND,OR,97294,9039,http://www.mesd.k12.or.us/,Multnomah County Education Service District
202466,41,051,,MULTNOMAH,DAVID DOUGLAS SCH DIST 40,School District,,ELEMENTARY AND SECONDARY,1500 SE 130TH AVE,,PORTLAND,OR,97233,1799,http://WWW.DDOUGLAS.K12.OR.US,David Douglas School District 40
202467,41,051,,MULTNOMAH,MT HOOD COMMUNITY COLLEGE,School District,,POST-SECONDARY,26000 S E STARK,,GRESHAM,OR,97030,,http://www.mhcc.edu,Mt Hood Community College
203648,41,051,,MULTNOMAH,REYNOLDS SCHOOL DIST 7,School District,,ELEMENTARY AND SECONDARY,1204 NE 201ST AVE,,FAIRVIEW,OR,97024,2499,http://WWW.REYNOLDS.K12.OR.US,Reynolds School Dist 7
111819,41,053,,POLK,CENTRAL SCHOOL DIST 13J,School District,,ELEMENTARY AND SECONDARY,1610 MONMOUTH ST,,INDEPENDENCE,OR,97351,1096,HTTPS://WWW.CENTRAL.K12.OR.US/,Central School Dist 13J
118403,41,053,,POLK,FALLS CITY SCH DIST 57,School District,,ELEMENTARY AND SECONDARY,111 N MAIN ST,,FALLS CITY,OR,97344,0107,HTTP://WWW.FALLSCITYSCHOOLS.ORG,Falls City School District 57
188522,41,053,,POLK,DALLAS SCH DIST 2,School District,,ELEMENTARY AND SECONDARY,111 SW ASH ST,,DALLAS,OR,97338,2299,http://www.dallas.k12.or.us/,Dallas School District 2
213073,41,053,,POLK,PERRYDALE SCH DIST 21,School District,,ELEMENTARY AND SECONDARY,7445 PERRYDALE RD,,AMITY,OR,97101,9725,http://WWW.PERRYDALE.K12.OR.US,Perrydale School District 21
203649,41,055,,SHERMAN,SHERMAN COUNTY SCHOOL DIST,School District,,ELEMENTARY AND SECONDARY,PO BOX 66,,WASCO,OR,97065,0066,http://www.sherman.k12.or.us/,Sherman County School Dist
118404,41,057,,TILLAMOOK,NESTUCCA VALLEY SCHOOL DIST 101,School District,,ELEMENTARY AND SECONDARY,PO BOX 327,,HEBO,OR,97122,,http://WWW.NESTUCCA.K12.OR.US,Nestucca Valley School Dist 101
182460,41,057,,TILLAMOOK,TILLAMOOK SCH DIST 9,School District,,ELEMENTARY AND SECONDARY,6825 OFFICERS' ROW,,TILLAMOOK,OR,97141,9699,http://WWW.TILLAMOOK.K12.OR.US,Tillamook School District 9
182461,41,057,,TILLAMOOK,TILLAMOOK BAY COMMUNITY COLLEGE SERV DIST,School District,,POST-SECONDARY,6385 TILLAMOOK AVE,,BAY CITY,OR,97107,9641,http://www.tbcc.cc.or.us,Tillamook Bay Community College Serv Dist
203650,41,057,,TILLAMOOK,NEAH KAH NIE SCH DIST 56,School District,,ELEMENTARY AND SECONDARY,PO BOX 28,,ROCKAWAY BEACH,OR,97136,0028,HTTP://WWW.NKNSD.ORG,Neah Kah Nie School District 56
111821,41,059,,UMATILLA,HELIX SCH DIST 1,School District,,ELEMENTARY AND SECONDARY,PO BOX 398,,HELIX,OR,97835,0398,http://WWW.HELIX.K12.OR.US,Helix School District 1
118405,41,059,,UMATILLA,ECHO SCHOOL DIST 5,School District,,ELEMENTARY AND SECONDARY,600 E GERONE ST,,ECHO,OR,97826,9600,HTTP://WWW.ECHO.K12.OR.US,Echo School Dist 5
118406,41,059,,UMATILLA,MILTON FREEWATER UNIFIED SD 7,School District,,ELEMENTARY AND SECONDARY,138 S MAIN ST,,MILTON-FREEWATER,OR,97862,1343,HTTP://WWW.MILTFREE.K12.OR.US,Milton Freewater Unified Sd 7
133444,41,059,,UMATILLA,PILOT ROCK SCH DIST 2,School District,,ELEMENTARY AND SECONDARY,PO BOX BB,,PILOT ROCK,OR,97868,0420,http://WWW.PILOTROCK.K12.OR.US,Pilot Rock School District 2
133445,41,059,,UMATILLA,BLUE MOUNTAIN COMMUNITY COLLEGE DISTRICT,School District,,POST-SECONDARY,PO BOX 100,,PENDLETON,OR,97801,,http://www.bluecc.edu,Blue Mountain Community College District
182462,41,059,,UMATILLA,ATHENA WESTON SCH DIST 29J,School District,,ELEMENTARY AND SECONDARY,375 S 5TH ST,,ATHENA,OR,97813,6065,HTTP://WWW.ATHWEST.K12.OR.US,Athena Weston School District 29J
182464,41,059,,UMATILLA,HERMISTON SCH DIST 8,School District,,ELEMENTARY AND SECONDARY,341 NE 3RD ST,,HERMISTON,OR,97838,1890,http://WWW.HERMISTON.K12.OR.US,Hermiston School District 8
182465,41,059,,UMATILLA,PENDLETON SCH DIST 16,School District,,ELEMENTARY AND SECONDARY,1207 SW FRAZER AVE,,PENDLETON,OR,97801,2899,http://WWW.PENDLETON.K12.OR.US,Pendleton School District 16
182466,41,059,,UMATILLA,UMATILLA SCH DIST 6,School District,,ELEMENTARY AND SECONDARY,1001 6TH ST,,UMATILLA,OR,97882,6201,http://WWW.UMATILLA.K12.OR.US,Umatilla School District 6
203651,41,059,,UMATILLA,UKIAH SCH DIST 80,School District,,ELEMENTARY AND SECONDARY,PO BOX 218,,UKIAH,OR,97880,0218,HTTPS://WWW.UKIAH.K12.OR.US/,Ukiah School District 80
211590,41,059,,UMATILLA,STANFIELD SCH DIST 61,School District,,ELEMENTARY AND SECONDARY,1120 N MAIN ST,,STANFIELD,OR,97875,9700,HTTP://WWW.STANFIELD.K12.OR.US,Stanfield School District 61
111824,41,061,,UNION,NORTH POWDER SCH DIST 8J,School District,,ELEMENTARY AND SECONDARY,PO BOX 10,,NORTH POWDER,OR,97867,0010,HTTP://WWW.NPOWDER.K12.OR.US,North Powder School District 8J
118407,41,061,,UNION,COVE SCH DIST 15,School District,,ELEMENTARY AND SECONDARY,PO BOX 68,,COVE,OR,97824,0068,HTTP://WWW.COVE.K12.OR.US,Cove School District 15
118408,41,061,,UNION,UNION SCH DIST 5,School District,,ELEMENTARY AND SECONDARY,PO BOX K,,UNION,OR,97883,0500,http://WWW.UNION.K12.OR.US,Union School District 5
182468,41,061,,UNION,ELGIN SCH DIST 23,School District,,ELEMENTARY AND SECONDARY,PO BOX 68,,ELGIN,OR,97827,0068,HTTP://WWW.ELGIN.K12.OR.US,Elgin School District 23
182469,41,061,,UNION,IMBLER SCH DIST 11,School District,,ELEMENTARY AND SECONDARY,PO BOX 164,,IMBLER,OR,97841,0164,HTTPS://WWW.IMBLER.K12.OR.US/,Imbler School District 11
203652,41,061,,UNION,LA GRANDE SCH DIST 1,School District,,ELEMENTARY AND SECONDARY,"708 'K' AVE, STE 100",,LA GRANDE,OR,97850,1392,http://WWW.LAGRANDE.K12.OR.US,La Grande School District 1
118409,41,063,,WALLOWA,ENTERPRISE SCH DIST 21,School District,,ELEMENTARY AND SECONDARY,201 SE 4TH ST,,ENTERPRISE,OR,97828,1350,HTTP://WWW.ENTERPRISE.K12.OR.US,Enterprise School District 21
118410,41,063,,WALLOWA,TROY SCH DIST 54,School District,,ELEMENTARY ONLY,107 SW FIRST ST STE 105,,ENTERPRISE,OR,97828,1285,HTTP://WWW.TROY.K12.OR.US/,Troy School District 54
182471,41,063,,WALLOWA,WALLOWA SCH DIST 12,School District,,ELEMENTARY AND SECONDARY,PO BOX 425,,WALLOWA,OR,97885,0425,HTTP://WWW.WALLOWA.K12.OR.US,Wallowa School District 12
210860,41,063,,WALLOWA,JOSEPH SCH DIST 6,School District,,ELEMENTARY AND SECONDARY,PO BOX W,,JOSEPH,OR,97846,2023,http://www.eoni.com/~joseph1/,Joseph School District 6
118412,41,065,,WASCO,SOUTH WASCO COUNTY SCHL DIST 1,School District,,ELEMENTARY AND SECONDARY,PO BOX 346,,MAUPIN,OR,97037,0346,HTTP://WWW.SWASCO.NET,South Wasco County Schl Dist 1
182472,41,065,,WASCO,NORTH WASCO COUNTY SCHOOL DISTRICT 21,School District,,ELEMENTARY AND SECONDARY,3632 WEST 10TH STREET,,THE DALLES,OR,97058,,http://WWW.nwasco.K12.OR.US,North Wasco County School District 21
182475,41,065,,WASCO,REGION 9 EDUCATION SERVICE DISTRICT,School District,,SPECIAL OR VOCATIONAL EDUCATION,"400 EAST SCENIC DRIVE, SUITE 207",,THE DALLES,OR,97058,2502,http://WWW.R9ESD.K12.OR.US,Region 9 Education Service District
210861,41,065,,WASCO,DUFUR SCH DIST 29,School District,,ELEMENTARY AND SECONDARY,802 NE 5TH ST,,DUFUR,OR,97021,3034,http://WWW.DUFUR.K12.OR.US,Dufur School District 29
210862,41,065,,WASCO,COLUMBIA GORGE COMMUNITY COLLEGE DISTRICT,School District,,POST-SECONDARY,400 E. SCENIC DRIVE,,THE DALLAS,OR,97058,,https://www.cgcc.edu/,Columbia Gorge Community College District
111827,41,067,,WASHINGTON,BEAVERTON SCH DIST 48J,School District,,ELEMENTARY AND SECONDARY,16550 SW MERLO RD,,BEAVERTON,OR,97075,,http://www.beavton.k12.or.us/,Beaverton School District 48J
118413,41,067,,WASHINGTON,BANKS SCH DIST 13,School District,,ELEMENTARY AND SECONDARY,450 S MAIN ST,,BANKS,OR,97106,9008,http://WWW.BANKS.K12.OR.US,Banks School District 13
118416,41,067,,WASHINGTON,TIGARD SCH DIST 23J,School District,,ELEMENTARY AND SECONDARY,6960 SW SANDBURG ST,,TIGARD,OR,97223,,http://WWW.TTSD.K12.OR.US,Tigard School District 23J
182477,41,067,,WASHINGTON,SHERWOOD SCH DIST 88J,School District,,ELEMENTARY AND SECONDARY,23295 SW MAIN ST,,SHERWOOD,OR,97140,9104,http://WWW.SHERWOOD.K12.OR.US,Sherwood School District 88J
182479,41,067,,WASHINGTON,HILLSBORO SCHOOL DIST 1J,School District,,ELEMENTARY AND SECONDARY,3083 NE 49TH PLACE,,HILLSBORO,OR,97124,4108,http://WWW.HSD.K12.OR.US,Hillsboro School Dist 1J
210863,41,067,,WASHINGTON,FOREST GROVE SCH DIST 15,School District,,ELEMENTARY AND SECONDARY,1728 MAIN STREET,,FOREST GROVE,OR,97116,,http://WWW.FGSD.K12.OR.US,Forest Grove School District 15
211437,41,067,,WASHINGTON,NORTHWEST REGIONAL EDUCATION SERVICE DISTRICT,School District,,SPECIAL OR VOCATIONAL EDUCATION,5825 NE RAY CIR,,HILLSBORO,OR,97124,6436,http://www.nwresd.org/,Northwest Regional Education Service District
212847,41,067,,WASHINGTON,GASTON SCH DIST 511 J,School District,,ELEMENTARY AND SECONDARY,PO BOX 68,,GASTON,OR,97119,0068,http://WWW.GASTON.K12.OR.US,Gaston School District 511 J
118417,41,069,,WHEELER,FOSSIL SCHOOL DIST 21J,School District,,ELEMENTARY AND SECONDARY,404 MAIN ST,,FOSSIL,OR,97830,0206,,Fossil School Dist 21J
182480,41,069,,WHEELER,SPRAY SCH DIST 1,School District,,ELEMENTARY AND SECONDARY,PO BOX 230,,SPRAY,OR,97874,0230,http://www.spray.k12.or.us/,Spray School District 1
188524,41,069,,WHEELER,MITCHELL SCH DIST 55,School District,,ELEMENTARY AND SECONDARY,PO BOX 247,,MITCHELL,OR,97750,0247,HTTP://WWW.MITCHELL.K12.OR.US/,Mitchell School District 55
118418,41,071,,YAMHILL,AMITY SCH DIST 4J,School District,,ELEMENTARY AND SECONDARY,807 S TRADE ST,,AMITY,OR,97101,2819,HTTP://WWW.AMITY.K12.OR.US,Amity School District 4J
118419,41,071,,YAMHILL,NEWBERG SCH DIST 29 J,School District,,ELEMENTARY AND SECONDARY,714 E 6TH ST,,NEWBERG,OR,97132,3406,http://WWW.NEWBERG.K12.OR.US,Newberg School District 29 J
118420,41,071,,YAMHILL,WILLAMINA SCH DIST 30J,School District,,ELEMENTARY AND SECONDARY,324 SE ADAMS ST,,WILLAMINA,OR,97396,2717,http://WWW.WILLAMINA.K12.OR.US,Willamina School District 30J
182482,41,071,,YAMHILL,DAYTON SCH DIST 8,School District,,ELEMENTARY AND SECONDARY,526 FERRY ST,,DAYTON,OR,97114,9706,,Dayton School District 8
182483,41,071,,YAMHILL,MCMINNVILLE SCH DIST 40,School District,,ELEMENTARY AND SECONDARY,1500 NE BAKER ST,,MCMINNVILLE,OR,97128,3004,http://WWW.MSD.K12.OR.US,Mcminnville School District 40
182484,41,071,,YAMHILL,SHERIDAN SCH DIST 48J,School District,,ELEMENTARY AND SECONDARY,435 S BRIDGE ST,,SHERIDAN,OR,97378,1811,HTTPS://WWW.SHERIDAN.K12.OR.US/,Sheridan School District 48J
182485,41,071,,YAMHILL,YAMHILL-CARLTON SCHOOL DIST #1,School District,,ELEMENTARY AND SECONDARY,PO BOX 68,,YAMHILL,OR,97148,0068,http://www.ycsd.k12.or.us/,Yamhill-Carlton School Dist #1
141954,06,011,,COLUSA,HOLTHOUSE WATER DISTRICT,Special District,WATER SUPPLY UTILITY,,PO BOX 776,,TUALATIN,OR,97062,0776,,Holthouse Water District
111629,41,001,,BAKER,NEW BRIDGE WATER SUPPLY DISTRICT,Special District,WATER SUPPLY UTILITY,,PO BOX 372,,RICHLAND,OR,97870,0372,,New Bridge Water Supply District
111630,41,001,,BAKER,UNITY COMMUNITY HALL RECREATION DISTRICT,Special District,PARKS AND RECREATION,,PO BOX 74,,UNITY,OR,97884,0074,,Unity Community Hall Recreation District
111631,41,001,,BAKER,HAINES CEMETERY DISTRICT,Special District,CEMETERIES,,2550 BROADWAY ST,,BAKER CITY,OR,97814,3302,,Haines Cemetery District
133235,41,001,,BAKER,BURNT RIVER SOIL AND WATER CONSERVATION DISTRICT,Special District,SOIL AND WATER CONSERVATION,,3990 MIDWAY DR,,BAKER CITY,OR,97814,1453,,Burnt River Soil And Water Conservation District
133236,41,001,,BAKER,KEATING SOIL AND WATER CONSERVATION DISTRICT,Special District,SOIL AND WATER CONSERVATION,,3990 MIDWAY DR,,BAKER CITY,OR,97814,1453,,Keating Soil And Water Conservation District
133238,41,001,,BAKER,EAGLE VALLEY CEMETERY MAINTENANCE DISTRICT,Special District,CEMETERIES,,PO BOX 262,,RICHLAND,OR,97870,0262,,Eagle Valley Cemetery Maintenance District
133239,41,001,,BAKER,UPPER LANDS PUMPING IMPROVEMENT DISTRICT,Special District,IRRIGATION,,2550 BROADWAY ST,,BAKER CITY,OR,97814,3302,,Upper Lands Pumping Improvement District
154591,41,001,,BAKER,EAGLE VALLEY SOIL AND WATER CONSERVATION DISTRICT,Special District,SOIL AND WATER CONSERVATION,,3990 MIDWAY DR,,BAKER CITY,OR,97814,1453,,Eagle Valley Soil And Water Conservation District
154592,41,001,,BAKER,LOWER POWDER RIVER IRRIGATION DISTRICT,Special District,IRRIGATION,,2550 BROADWAY ST,,BAKER CITY,OR,97814,3302,,Lower Powder River Irrigation District
154593,41,001,,BAKER,BAKER COUNTY LIBRARY DISTRICT,Special District,LIBRARIES,,2400 RESORT ST,,BAKER CITY,OR,97814,2798,http://www.bakerlib.org,Baker County Library District
154594,41,001,,BAKER,HEREFORD COMMUNITY HALL RECREATION DISTRICT,Special District,PARKS AND RECREATION,,27375 HWY 245,,HEREFORD,OR,97837,8605,,Hereford Community Hall Recreation District
154595,41,001,,BAKER,BAKER RURAL FIRE PROTECTION DISTRICT,Special District,LOCAL FIRE PROTECTION,,PO BOX 126,,BAKER CITY,OR,97814,0126,,Baker Rural Fire Protection District
154596,41,001,,BAKER,PINE VALLEY CEMETERY MAINTENANCE DISTRICT,Special District,CEMETERIES,,46350 HIGHWAY 86,,HALFWAY,OR,97834,5924,,Pine Valley Cemetery Maintenance District
154597,41,001,,BAKER,PINE VALLEY RURAL FIRE PROTECTION DISTRICT,Special District,LOCAL FIRE PROTECTION,,PO BOX 452,,HALFWAY,OR,97834,0452,,Pine Valley Rural Fire Protection District
154598,41,001,,BAKER,SOUTHSIDE IMPROVEMENT DISTRICT,Special District,IRRIGATION,,PO BOX 568,,BAKER CITY,OR,97814,0568,,Southside Improvement District
191294,41,001,,BAKER,BLUE MOUNTAIN TELEVISION TRANSLATOR DISTRICT,Special District,MISCELLANEOUS COMMERCIAL ACTIVITIES,,PO BOX 901,,LA GRANDE,OR,97850,0901,,Blue Mountain Television Translator District
192857,41,001,,BAKER,WEST EAGLE VALLEY WATER CONTROL DISTRICT,Special District,IRRIGATION,,PO BOX 323,,RICHLAND,OR,97870,0323,,West Eagle Valley Water Control District
205224,41,001,,BAKER,BAKER VALLEY IRRIGATION DISTRICT,Special District,IRRIGATION,,3895 10TH ST,,BAKER CITY,OR,97814,1424,,Baker Valley Irrigation District
211431,41,001,,BAKER,BURNT RIVER IRRIGATION DISTRICT,Special District,IRRIGATION,,19498 HWY 245,,HEREFORD,OR,97837,8617,,Burnt River Irrigation District
211828,41,001,,BAKER,BAKER VALLEY SOIL AND WATER CONSERVATION DISTRICT,Special District,SOIL AND WATER CONSERVATION,,3990 MIDWAY DR,,BAKER CITY,OR,97814,1453,,Baker Valley Soil And Water Conservation District
214723,41,001,,BAKER,EAGLE VALLEY RURAL FIRE PROTECTION DISTRICT,Special District,LOCAL FIRE PROTECTION,,PO BOX 345,,RICHLAND,OR,97870,0345,,Eagle Valley Rural Fire Protection District
214788,41,001,,BAKER,GREATER BOWEN VALLEY RURAL FIRE PROTECTION DISTRICT,Special District,LOCAL FIRE PROTECTION,,PO BOX 613,,BAKER CITY,OR,97814,0613,,Greater Bowen Valley Rural Fire Protection District
214789,41,001,,BAKER,HAINES FIRE PROTECTION DISTRICT,Special District,LOCAL FIRE PROTECTION,,816 COLE STREET,PO BOX 338,HAINES,OR,97833,0338,,Haines Fire Protection District
214790,41,001,,BAKER,KEATING RURAL FIRE PROTECTION DISTRICT,Special District,LOCAL FIRE PROTECTION,,26488 KEATING GRANGE LN,,BAKER CITY,OR,97814,6173,,Keating Rural Fire Protection District
214791,41,001,,BAKER,MEDICAL SPRINGS RURAL FIRE PROTECTION DISTRICT,Special District,LOCAL FIRE PROTECTION,,50378 HIGHWAY 203,,BAKER CITY,OR,97814,6170,,Medical Springs Rural Fire Protection District
214792,41,001,,BAKER,POWDER RIVER RURAL FIRE PROTECTION DISTRICT,Special District,LOCAL FIRE PROTECTION,,PO BOX 173,,SUMPTER,OR,97877,0173,,Powder River Rural Fire Protection District
218167,41,001,,BAKER,POCAHONTAS MINING AND IRRIGATION DISTRICT,Special District,IRRIGATION,,42719 MARBLE CREEK RD,,BAKER CITY,OR,97814,8291,,Pocahontas Mining And Irrigation District
218168,41,001,,BAKER,BURNT RIVER FIRE PROTECTION DISTRICT,Special District,LOCAL FIRE PROTECTION,,PO BOX 7,,UNITY,OR,97884,0007,,Burnt River Fire Protection District
218169,41,001,,BAKER,WESTERN HEIGHTS SPECIAL ROAD DISTRICT,Special District,HIGHWAYS,,2550 BROADWAY ST,,BAKER CITY,OR,97814,3302,,Western Heights Special Road District
218198,41,001,,BAKER,I N KAY YOUNG DITCH DISTRICT,Special District,DRAINAGE,,PO BOX 262,,RICHLAND,OR,97870,0262,,I N Kay Young Ditch District
218199,41,001,,BAKER,WATERBURY AND ALLEN DITCH IMPROVEMENT DISTRICT,Special District,DRAINAGE,,PO BOX 262,,RICHLAND,OR,97870,0262,,Waterbury And Allen Ditch Improvement District
239790,41,001,,BAKER,TRI COUNTY CWMA,Special District,OTHER MULTI-FUNCTION DISTRICTS,,10507 N MCALISTER RD,STE 5,LA GRANDE,OR,97850,8716,,Tri County Cwma
239791,41,001,,BAKER,PINE EAGLE HEALTH DISTRICT,Special District,HOSPITALS,,PO BOX 647,,HALFWAY,OR,97834,0647,,Pine Eagle Health District
111632,41,003,,BENTON,MONROE RURAL FIRE PROTECTION DISTRICT,Special District,LOCAL FIRE PROTECTION,,PO BOX 411,,MONROE,OR,97456,0411,,Monroe Rural Fire Protection District
111633,41,003,,BENTON,CHINOOK DRIVE SPECIAL ROAD DISTRICT,Special District,HIGHWAYS,,PO BOX 501,,CORVALLIS,OR,97339,0501,,Chinook Drive Special Road District
111634,41,003,,BENTON,BLODGETT SUMMIT RURAL FIRE PROTECTION DISTRICT,Special District,LOCAL FIRE PROTECTION,,PO BOX 513,,BLODGETT,OR,97326,0513,,Blodgett Summit Rural Fire Protection District
133240,41,003,,BENTON,NORTH ALBANY RURAL FIRE PROTECTION DISTRICT,Special District,LOCAL FIRE PROTECTION,,2920 SCENIC DR NW,,ALBANY,OR,97321,9827,,North Albany Rural Fire Protection District
133241,41,003,,BENTON,COUNTRY ESTATES ROAD DISTRICT,Special District,HIGHWAYS,,7110 NW VALLEY VIEW DR,,CORVALLIS,OR,97330,9796,,Country Estates Road District
133242,41,003,,BENTON,NORTH F STREET ROAD DISTRICT,Special District,HIGHWAYS,,807 N 12TH ST,,PHILOMATH,OR,97370,9309,,North F Street Road District
133243,41,003,,BENTON,VINEYARD MOUNTAIN SPECIAL ROAD DISTRICT,Special District,HIGHWAYS,,6940 NW CARDINAL DR,,CORVALLIS,OR,97330,9527,,Vineyard Mountain Special Road District
133244,41,003,,BENTON,PALESTINE RURAL FIRE PROTECTION DISTRICT,Special District,LOCAL FIRE PROTECTION,,712 9TH AVE SW,,ALBANY,OR,97321,2415,,Palestine Rural Fire Protection District
133246,41,003,,BENTON,ADAIR RURAL FIRE PROTECTION DISTRICT,Special District,LOCAL FIRE PROTECTION,,6021 NE MARCUS HARRIS AVE,,ADAIR VILLAGE,OR,97330,9490,,Adair Rural Fire Protection District
139665,41,003,,BENTON,ROSEWOOD ESTATES ROAD DISTRICT,Special District,HIGHWAYS,,2543 NEWGATE DR,,PHILOMATH,OR,97370,9541,,Rosewood Estates Road District
154600,41,003,,BENTON,CORVALLIS RURAL FIRE PROTECTION DISTRICT,Special District,LOCAL FIRE PROTECTION,,544 NW LEWISBURG AVE,,CORVALLIS,OR,97330,9603,http://www.corvallisrfpd.com/,Corvallis Rural Fire Protection District
154601,41,003,,BENTON,PHILOMATH FIRE AND RESCUE,Special District,LOCAL FIRE PROTECTION,,1035 MAIN STREET,PO BOX 247,PHILOMATH,OR,97370,0247,http://www.philomathfire.com,Philomath Fire And Rescue
154602,41,003,,BENTON,BROWNLY MARSHALL ROAD DISTRICT,Special District,HIGHWAYS,,2275 NW RUSSELL PL,,CORVALLIS,OR,97339,9720,,Brownly Marshall Road District
154603,41,003,,BENTON,MARYS RIVER ESTATES ROAD DISTRICT,Special District,HIGHWAYS,,PO BOX 644,,PHILOMATH,OR,97370,0644,http://www.marysriver.philomath.or.us,Marys River Estates Road District
154604,41,003,,BENTON,MCDONALD FOREST ESTATES SPECIAL ROAD DISTRICT,Special District,HIGHWAYS,,3317 NW TANAGER DR,,CORVALLIS,OR,97330,2731,,Mcdonald Forest Estates Special Road District
154605,41,003,,BENTON,RIDGEWOOD DEVELOPMENT ROAD DISTRICT,Special District,HIGHWAYS,,PO BOX 1958,,CORVALLIS,OR,97339,1958,,Ridgewood Development Road District
154606,41,003,,BENTON,WESTWOOD HILLS ROAD DISTRICT,Special District,HIGHWAYS,,910 NW OVERLOOK DRIVE,,CORVALLIS,OR,97330,9545,,Westwood Hills Road District
154607,41,003,,BENTON,ALSEA RURAL FIRE PROTECTION DISTRICT,Special District,LOCAL FIRE PROTECTION,,PO BOX 81,,ALSEA,OR,97324,0081,,Alsea Rural Fire Protection District
154608,41,003,,BENTON,HOSKINS KINGS VALLEY RURAL FIRE PROTECTION DISTRICT,Special District,LOCAL FIRE PROTECTION,,PO BOX 116,,PHILOMATH,OR,97370,0116,,Hoskins Kings Valley Rural Fire Protection District
154609,41,003,,BENTON,VINEYARD MOUNTAIN PARKS AND RECREATION DISTRICT,Special District,PARKS AND RECREATION,,1420 NW WORDEN CIR,,CORVALLIS,OR,97330,9505,https://sites.google.com/site/vineyardmountain/,Vineyard Mountain Parks And Recreation District
154610,41,003,,BENTON,ALSEA CEMETERY MAINTENANCE DISTRICT,Special District,CEMETERIES,,PO BOX 164,,ALSEA,OR,97324,0164,,Alsea Cemetery Maintenance District
154611,41,003,,BENTON,SUMMIT CEMETERY MAINTENANCE DISTRICT,Special District,CEMETERIES,,37676 MARYS RIVER RD,,BLODGETT,OR,97326,9419,,Summit Cemetery Maintenance District
187148,41,003,,BENTON,BENTON COUNTY SOIL AND WATER CONSERVATION DISTRICT,Special District,SOIL AND WATER CONSERVATION,,136 SW WASHINGTON AVE,SUITE 201,CORVALLIS,OR,97333,4781,http://www.bentonswcd.org,Benton County Soil And Water Conservation District
192858,41,003,,BENTON,OAKWOOD HEIGHTS ROAD DISTRICT,Special District,HIGHWAYS,,8165 NW OXBOW DR,,CORVALLIS,OR,97330,2827,,Oakwood Heights Road District
214727,41,003,,BENTON,GREENBERRY IRRIGATION DISTRICT,Special District,IRRIGATION,,30742 VENELL LN,,CORVALLIS,OR,97333,9218,,Greenberry Irrigation District
214773,41,003,,BENTON,DUMBECK LANE WATER SUPPLY DISTRICT,Special District,WATER SUPPLY UTILITY,,P.O. BOX 802,,ALBANY,OR,97321,0280,,Dumbeck Lane Water Supply District
219971,41,003,,BENTON,BENTON COUNTY LIBRARY DISTRICT,Special District,LIBRARIES,,PO BOX 964,,CORVALLIS,OR,97339,0964,,Benton County Library District
249972,41,003,,BENTON,ASBAHR PILKINGTON ROAD DISTRICT,Special District,HIGHWAYS,,4070 NE PIN OAK ST,,CORVALLIS,OR,97330,,HTTPS://WWW.CO.BENTON.OR.US/PUBLICWORKS/PAGE/ROAD-DISTRICTS,Asbahr Pilkington Road District
249981,41,003,,BENTON,HIDDEN VALLEY SPECIAL ROAD DISTRICT,Special District,HIGHWAYS,,25151 PLEASANT VIEW DR,,PHILOMATH,OR,97370,,HTTPS://WWW.CO.BENTON.OR.US/PUBLICWORKS/PAGE/ROAD-DISTRICTS,Hidden Valley Special Road District
111635,41,005,,CLACKAMAS,COLTON RURAL FIRE PROTECTION DISTRICT,Special District,LOCAL FIRE PROTECTION,,PO BOX 71,,COLTON,OR,97017,0071,http://www.coltonfiredistrict.org,Colton Rural Fire Protection District
111638,41,005,,CLACKAMAS,LAKE GROVE WATER DISTRICT,Special District,WATER SUPPLY UTILITY,,4550 KRUSE WAY SUITE 360,STE 1,LAKE OSWEGO,OR,97035,4294,,Lake Grove Water District
111639,41,005,,CLACKAMAS,CLACKAMAS COUNTY SOIL AND WATER CONSERVATION DISTRICT,Special District,SOIL AND WATER CONSERVATION,,221 MOLALLA AVE,SUITE 102,BEAVERCREEK,OR,97004,3072,http://www.conservationdistrict.org,Clackamas County Soil And Water Conservation District
111640,41,005,,CLACKAMAS,BORING WATER DISTRICT,Special District,WATER SUPPLY UTILITY,,PO BOX 66,,BORING,OR,97009,0066,,Boring Water District
133247,41,005,,CLACKAMAS,COLTON WATER DISTRICT,Special District,WATER SUPPLY UTILITY,,PO BOX 171,,COLTON,OR,97017,0171,,Colton Water District
133248,41,005,,CLACKAMAS,ESTACADA RURAL FIRE PROTECTION DISTRICT,Special District,LOCAL FIRE PROTECTION,,PO BOX 608,,ESTACADA,OR,97023,0608,http://www.estacadafire.org,Estacada Rural Fire Protection District
133251,41,005,,CLACKAMAS,WILDWOOD ANNEX WATER DISTRICT,Special District,WATER SUPPLY UTILITY,,PO BOX 122,,WELCHES,OR,97067,0122,,Wildwood Annex Water District
133253,41,005,,CLACKAMAS,SLEEPY HOLLOW WATER DISTRICT,Special District,WATER SUPPLY UTILITY,,PO BOX 331,,BRIGHTWOOD,OR,97011,0331,,Sleepy Hollow Water District
133254,41,005,,CLACKAMAS,MOSSY BRAE WATER DISTRICT,Special District,WATER SUPPLY UTILITY,,PO BOX 412,,WEST LINN,OR,97068,0412,,Mossy Brae Water District
133256,41,005,,CLACKAMAS,ESTACADA CEMETERY MAINTENANCE DISTRICT,Special District,CEMETERIES,,PO BOX 1390,,ESTACADA,OR,97023,1390,,Estacada Cemetery Maintenance District
133257,41,005,,CLACKAMAS,SOUTHWOOD PARK WATER DISTRICT,Special District,WATER SUPPLY UTILITY,,PO BOX 2024,,LAKE OSWEGO,OR,97035,0629,,Southwood Park Water District
139670,41,005,,CLACKAMAS,MOLALLA RIVER IMPROVEMENT DISTRICT,Special District,FLOOD CONTROL,,PO BOX 1124,,CANBY,OR,97013,1124,,Molalla River Improvement District
139671,41,005,,CLACKAMAS,CLACKAMAS COUNTY RURAL FIRE PROTECTION DISTRICT 1,Special District,LOCAL FIRE PROTECTION,,11300 SE FULLER RD,,MILWAUKIE,OR,97222,1124,http://www.clackamasfire.com,Clackamas County Rural Fire Protection District 1
154614,41,005,,CLACKAMAS,CLACKAMAS RIVER WATER DISTRICT,Special District,WATER SUPPLY UTILITY,,PO BOX 2439,,CLACKAMAS,OR,97015,2439,http://www.crwater.com,Clackamas River Water District
154616,41,005,,CLACKAMAS,GOVERNMENT CAMP SANITARY DISTRICT,Special District,SEWERAGE,,PO BOX 25,,GOVERNMENT CAMP,OR,97028,0025,,Government Camp Sanitary District
154620,41,005,,CLACKAMAS,SOUTH FORK WATER BOARD,Special District,WATER SUPPLY UTILITY,,15962 HUNTER AVE,,OREGON CITY,OR,97045,1345,http://www.sfwb.org,South Fork Water Board
154621,41,005,,CLACKAMAS,ALDER CREEK BARLOW WATER DISTRICT,Special District,WATER SUPPLY UTILITY,,PO BOX 542,,SANDY,OR,97055,0542,,Alder Creek Barlow Water District
154623,41,005,,CLACKAMAS,RIVERSIDE WATER DISTRICT,Special District,WATER SUPPLY UTILITY,,54901 E KIRKWOOD DR,,SANDY,OR,97055,7705,,Riverside Water District
154627,41,005,,CLACKAMAS,MULINO WATER DISTRICT,Special District,WATER SUPPLY UTILITY,,PO BOX 867,,MULINO,OR,97042,0867,,Mulino Water District
154629,41,005,,CLACKAMAS,RIVERGROVE WATER DISTRICT,Special District,WATER SUPPLY UTILITY,,17661 PILKINGTON RD,,LAKE OSWEGO,OR,97035,5360,http://www.rivergrovewater.com,Rivergrove Water District
154631,41,005,,CLACKAMAS,HOODLAND RURAL FIRE PROTECTION DISTRICT 74,Special District,LOCAL FIRE PROTECTION,,69634 E HIGHWAY 26,,WELCHES,OR,97067,9600,http://WWW.HOODLANDFIRE.ORG,Hoodland Rural Fire Protection District 74
154632,41,005,,CLACKAMAS,PALATINE HILL WATER DISTRICT,Special District,WATER SUPPLY UTILITY,,PO BOX 1193,,LAKE OSWEGO,OR,97035,0512,,Palatine Hill Water District
154634,41,005,,CLACKAMAS,MOLALLA RURAL FIRE PROTECTION DISTRICT,Special District,LOCAL FIRE PROTECTION,,PO BOX 655,,MOLALLA,OR,97038,0655,http://WWW.MOLALLAFIRE.ORG,Molalla Rural Fire Protection District
191295,41,005,,CLACKAMAS,COUNTRY CLUB WATER DISTRICT,Special District,WATER SUPPLY UTILITY,,PO BOX 168,,BRIGHTWOOD,OR,97011,0168,,Country Club Water District
202437,41,005,,CLACKAMAS,SOUTH CLACKAMAS TRANSPORTATION DISTRICT,Special District,PUBLIC MASS TRANSIT UTILITY,,PO BOX 517,,MOLALLA,OR,97038,0517,http://www.sctd.org,South Clackamas Transportation District
202438,41,005,,CLACKAMAS,LAKE GROVE PARK DISTRICT,Special District,PARKS AND RECREATION,,PO BOX 70,,LAKE OSWEGO,OR,97034,0070,,Lake Grove Park District
205225,41,005,,CLACKAMAS,RIVERDALE RURAL FIRE PROTECTION DISTRICT,Special District,LOCAL FIRE PROTECTION,,10957 S COLLINA AVE.,,PORTLAND,OR,97219,7837,,Riverdale Rural Fire Protection District
207053,41,005,,CLACKAMAS,OAK LODGE WATER SERVICES DISTRICT,Special District,WATER SUPPLY UTILITY,,14496 SE RIVER RD,,MILWAUKIE,OR,97267,1199,http://www.oaklodgewaterservices.org,Oak Lodge Water Services District
207056,41,005,,CLACKAMAS,SANDY RURAL FIRE PROTECTION DISTRICT 72,Special District,LOCAL FIRE PROTECTION,,PO BOX 518,,SANDY,OR,97055,0518,http://www.sandyfire.org,Sandy Rural Fire Protection District 72
211829,41,005,,CLACKAMAS,CANBY RURAL FIRE PROTECTION DISTRICT 62,Special District,LOCAL FIRE PROTECTION,,221 S PINE ST,,CANBY,OR,97013,4525,,Canby Rural Fire Protection District 62
214764,41,005,,CLACKAMAS,GNR WATER DISTRICT,Special District,WATER SUPPLY UTILITY,,12345 SE MARSH RD,,SANDY,OR,97055,8566,,Gnr Water District
214909,41,005,,CLACKAMAS,NORTH CLACKAMAS COUNTY WATER COMMISSION,Special District,WATER SUPPLY UTILITY,,14496 SE RIVER RD,,MILWAUKIE,OR,97267,1115,,North Clackamas County Water Commission
218181,41,005,,CLACKAMAS,SALMON RIVER PARK WATER IMPROVEMENT DISTRICT,Special District,OTHER NATURAL RESOURCES,,PO BOX 247,,BRIGHTWOOD,OR,97011,0247,,Salmon River Park Water Improvement District
218211,41,005,,CLACKAMAS,RIVERBEND RIVERBANK WATER IMPROVEMENT DISTRICT,Special District,OTHER NATURAL RESOURCES,,461 SW HEBB PARK RD,,WEST LINN,OR,97068,9423,http://www.rrwd.org,Riverbend Riverbank Water Improvement District
249966,41,005,,CLACKAMAS,MOLALLA AQUATIC DISTRICT,Special District,PARKS AND RECREATION,,PO BOX 1308,,MOLALLA,OR,97038,,HTTPS://MOLALLAAQUATICCENTER.COM/,Molalla Aquatic District
249979,41,005,,CLACKAMAS,GOVERNMENT CAMP ROAD DISTRICT,Special District,HIGHWAYS,,PO BOX 22,,GOVERNMENT CAMP,OR,97028,,,Government Camp Road District
111641,41,007,,CLATSOP,KNAPPA SVENSEN RURAL FIRE PROTECTION DISTRICT,Special District,LOCAL FIRE PROTECTION,,43114 HILLCREST LOOP,,ASTORIA,OR,97103,8446,,Knappa Svensen Rural Fire Protection District
111642,41,007,,CLATSOP,WILLOW DALE WATER DISTRICT,Special District,WATER SUPPLY UTILITY,,36766 CHRISTIANS LN,,ASTORIA,OR,97103,8116,,Willow Dale Water District
111644,41,007,,CLATSOP,FALCON COVE BEACH WATER DISTRICT,Special District,WATER SUPPLY UTILITY,,79387 RAY BROWN ROAD,,ARCH CAPE,OR,97102,0151,,Falcon Cove Beach Water District
133258,41,007,,CLATSOP,YOUNGS RIVER LEWIS CLARK WATER DISTRICT,Special District,WATER SUPPLY UTILITY,,34583 HWY 101 BUSINESS,,ASTORIA,OR,97103,3091,,Youngs River Lewis Clark Water District
133260,41,007,,CLATSOP,HAMLET RURAL FIRE PROTECTION DISTRICT,Special District,LOCAL FIRE PROTECTION,,PO BOX 765,,SEASIDE,OR,97138,6359,,Hamlet Rural Fire Protection District
133261,41,007,,CLATSOP,GEARHART RURAL FIRE PROTECTION DISTRICT,Special District,LOCAL FIRE PROTECTION,,PO BOX 2371,,GEARHART,OR,97138,2371,,Gearhart Rural Fire Protection District
139673,41,007,,CLATSOP,ARCH CAPE SANITARY DISTRICT,Special District,SEWERAGE,,32065 E SHINGLE MILL LN,,ARCH CAPE,OR,97102,0168,,Arch Cape Sanitary District
139674,41,007,,CLATSOP,JOHN DAY WATER DISTRICT,Special District,WATER SUPPLY UTILITY,,PO BOX 1317,,ASTORIA,OR,97103,1317,,John Day Water District
154637,41,007,,CLATSOP,PORT OF ASTORIA,Special District,OTHER MULTI-FUNCTION DISTRICTS,,422 GATEWAY AVE,STE 100,ASTORIA,OR,97103,6035,portofastoria.com,Port Of Astoria
154638,41,007,,CLATSOP,SEASIDE RURAL FIRE PROTECTION DISTRICT,Special District,LOCAL FIRE PROTECTION,,150 S LINCOLN ST,,SEASIDE,OR,97138,7655,,Seaside Rural Fire Protection District
154639,41,007,,CLATSOP,WICKIUP WATER DISTRICT,Special District,WATER SUPPLY UTILITY,,92648 SVENSEN MARKET RD,,ASTORIA,OR,97103,8221,,Wickiup Water District
154640,41,007,,CLATSOP,UNION HEALTH DISTRICT OF CLATSOP COUNTY,Special District,HOSPITALS,,610 18TH ST,,ASTORIA,OR,97103,3507,,Union Health District Of Clatsop County
154641,41,007,,CLATSOP,NORTHWEST OREGON HOUSING AUTHORITY,Special District,HOUSING AND COMMUNITY DEVELOPMENT,,PO BOX 1149,,WARRENTON,OR,97146,1149,http://www.nwoha.org/,Northwest Oregon Housing Authority
154643,41,007,,CLATSOP,ELSIE VINEMAPLE RURAL FIRE PROTECTION DISTRICT,Special District,LOCAL FIRE PROTECTION,,42644 LOYD LN,,SEASIDE,OR,97138,6095,,Elsie Vinemaple Rural Fire Protection District
154644,41,007,,CLATSOP,WARRENTON RURAL FIRE PROTECTION DISTRICT,Special District,LOCAL FIRE PROTECTION,,PO BOX 1003,,WARRENTON,OR,97146,1003,,Warrenton Rural Fire Protection District
154646,41,007,,CLATSOP,WESTPORT WAUNA RURAL FIRE PROTECTION DISTRICT,Special District,LOCAL FIRE PROTECTION,,91177 WESTPORT FERRY RD,,WESTPORT,OR,97016,,,Westport Wauna Rural Fire Protection District
154647,41,007,,CLATSOP,WAUNA WATER DISTRICT,Special District,WATER SUPPLY UTILITY,,49206 HIGHWAY 30,,WESTPORT,OR,97016,8281,,Wauna Water District
154648,41,007,,CLATSOP,SUNSET EMPIRE PARKS AND RECREATION DISTRICT,Special District,PARKS AND RECREATION,,1140 BROADWAY STREET,,SEASIDE,OR,97138,0514,,Sunset Empire Parks And Recreation District
187150,41,007,,CLATSOP,SUNSET EMPIRE TRANSPORTATION DISTRICT,Special District,PUBLIC MASS TRANSIT UTILITY,,900 MARINE DR,,ASTORIA,OR,97103,4218,http://www.ridethebus.org,Sunset Empire Transportation District
191297,41,007,,CLATSOP,JOHN DAY FERNHILL RURAL FIRE PROTECTION DISTRICT,Special District,LOCAL FIRE PROTECTION,,43114 HILLCREST LOOP,,ASTORIA,OR,97103,8446,,John Day Fernhill Rural Fire Protection District
192860,41,007,,CLATSOP,CLATSOP COUNTY SOIL AND WATER CONSERVATION DISTRICT,Special District,SOIL AND WATER CONSERVATION,,750 COMMERCIAL ST,STE 207,ASTORIA,OR,97103,4546,http://www.clatsopswcd.org,Clatsop County Soil And Water Conservation District
198519,41,007,,CLATSOP,SHORELINE SANITARY DISTRICT,Special District,SEWERAGE,,PO BOX 732,,WARRENTON,OR,97146,0732,,Shoreline Sanitary District
205226,41,007,,CLATSOP,LEWIS AND CLARK RURAL FIRE PROTECTION DISTRICT,Special District,LOCAL FIRE PROTECTION,,34571 HIGHWAY 101 BUSINESS,,ASTORIA,OR,97103,,,Lewis And Clark Rural Fire Protection District
207057,41,007,,CLATSOP,CANNON BEACH RURAL FIRE PROTECTION DISTRICT,Special District,LOCAL FIRE PROTECTION,,PO BOX 24,,CANNON BEACH,OR,97110,0024,,Cannon Beach Rural Fire Protection District
207058,41,007,,CLATSOP,CLATSOP COUNTY CARE CENTER HEALTH DISTRICT,Special District,PUBLIC WELFARE INSTITUTIONS,,646 16TH ST,,ASTORIA,OR,97103,3709,http://WWW.CLATSOPCARE.ORG,Clatsop County Care Center Health District
214725,41,007,,CLATSOP,OLNEY WALLUSKI FIRE AND RESCUE DISTRICT,Special District,LOCAL FIRE PROTECTION,,36115 RIVER POINT DR,,ASTORIA,OR,97103,8540,,Olney Walluski Fire And Rescue District
214752,41,007,,CLATSOP,MILES CROSSING SANITARY SEWER DISTRICT,Special District,SEWERAGE,,34583 HWY 101 BUSINESS,,ASTORIA,OR,97103,6662,,Miles Crossing Sanitary Sewer District
214912,41,007,,CLATSOP,WESTERN GENERATION AGENCY,Special District,ELECTRIC POWER UTILITY,,PO BOX 216,,CLATSKANIE,OR,97016,0216,,Western Generation Agency
218170,41,007,,CLATSOP,ARCH CAPE DOMESTIC WATER SUPPLY DISTRICT,Special District,WATER SUPPLY UTILITY,,32065 E SHINGLE MILL LN,,ARCH CAPE,OR,97102,0168,,Arch Cape Domestic Water Supply District
239794,41,007,,CLATSOP,SUNDOWN SANITATION DISTRICT,Special District,SEWERAGE,,PO BOX 97,,WARRENTON,OR,97146,0097,,Sundown Sanitation District
251559,41,007,,CLATSOP,GEARHART ROAD DISTRICT,Special District,HIGHWAYS,,PO BOX 2510,,GEARHART,OR,97138,,,Gearhart Road District
111648,41,009,,COLUMBIA,GREATER SAINT HELENS AQUATIC DISTRICT,Special District,PARKS AND RECREATION,,1070 EISENSCHMIDT LN,,SAINT HELENS,OR,97051,3212,http://www.sthelenspool.com,Greater Saint Helens Aquatic District
133264,41,009,,COLUMBIA,RAINIER CEMETERY DISTRICT,Special District,CEMETERIES,,PO BOX 307,,CLATSKANIE,OR,97016,0307,http://www.rainiercemeterydistrict.com,Rainier Cemetery District
133265,41,009,,COLUMBIA,WOODSON DRAINAGE DISTRICT,Special District,DRAINAGE,,PO BOX 629,,CLATSKANIE,OR,97016,1016,,Woodson Drainage District
154650,41,009,,COLUMBIA,JOHN DRAINAGE DISTRICT,Special District,DRAINAGE,,20787 JOHN DISTRICT RD,,CLATSKANIE,OR,97016,2225,,John Drainage District
154652,41,009,,COLUMBIA,PORT OF COLUMBIA COUNTY,Special District,INDUSTRIAL DEVELOPMENT,,PO BOX 190,,COLUMBIA CITY,OR,97018,0190,https://www.portofcolumbiacounty.org,Port Of Columbia County
154654,41,009,,COLUMBIA,COLUMBIA COUNTY SOIL AND WATER CONSERVATION DISTRICT,Special District,SOIL AND WATER CONSERVATION,,35285 MILLARD RD,,SAINT HELENS,OR,97051,3224,http://www.columbiaswcd.com,Columbia County Soil And Water Conservation District
154655,41,009,,COLUMBIA,VERNONIA RURAL FIRE PROTECTION DISTRICT,Special District,LOCAL FIRE PROTECTION,,555 BRIDGE ST E,,VERNONIA,OR,97064,1406,http://www.vernoniafire.com,Vernonia Rural Fire Protection District
154656,41,009,,COLUMBIA,CLATSKANIE LIBRARY DISTRICT,Special District,LIBRARIES,,PO BOX 577,,CLATSKANIE,OR,97016,0577,,Clatskanie Library District
154657,41,009,,COLUMBIA,SCAPPOOSE PUBLIC LIBRARY DISTRICT,Special District,LIBRARIES,,PO BOX 400,,SCAPPOOSE,OR,97056,0400,,Scappoose Public Library District
154658,41,009,,COLUMBIA,COLUMBIA 9-1-1 COMMUNICATIONS DISTRICT,Special District,OTHER SINGLE FUNCTION DISTRICTS,,PO BOX 998,,SAINT HELENS,OR,97051,0998,http://WWW.COLUMBIA911.COM,Columbia 9-1-1 Communications District
154661,41,009,,COLUMBIA,MIST BIRKENFELD RURAL FIRE PROTECTION DISTRICT,Special District,LOCAL FIRE PROTECTION,,12525 HIGHWAY 202,,CLATSKANIE,OR,97016,7219,http://www.mbrfpd.org,Mist Birkenfeld Rural Fire Protection District
154662,41,009,,COLUMBIA,CLATSKANIE PARKS AND RECREATION DISTRICT,Special District,PARKS AND RECREATION,,PO BOX 737,,CLATSKANIE,OR,97016,0737,,Clatskanie Parks And Recreation District
154663,41,009,,COLUMBIA,CLATSKANIE RURAL FIRE PROTECTION DISTRICT,Special District,LOCAL FIRE PROTECTION,,PO BOX 807,,CLATSKANIE,OR,97016,0807,http://www.clatskaniefire.org,Clatskanie Rural Fire Protection District
191298,41,009,,COLUMBIA,COLUMBIA RIVER PEOPLES UTILITY DISTRICT,Special District,ELECTRIC POWER UTILITY,,PO BOX 1193,,SAINT HELENS,OR,97051,8193,http://www.crpud.net/,Columbia River Peoples Utility District
205228,41,009,,COLUMBIA,SCAPPOOSE RURAL FIRE PROTECTION DISTRICT,Special District,LOCAL FIRE PROTECTION,,PO BOX 625,,SCAPPOOSE,OR,97056,0625,http://www.srfd.us,Scappoose Rural Fire Protection District
207060,41,009,,COLUMBIA,CLATSKANIE PEOPLES UTILITY DISTRICT,Special District,ELECTRIC POWER UTILITY,,PO BOX 216,,CLATSKANIE,OR,97016,0216,http://WWW.CLATSKANIEPUD.COM,Clatskanie Peoples Utility District
207061,41,009,,COLUMBIA,COLUMBIA RIVER FIRE AND RESCUE DISTRICT,Special District,LOCAL FIRE PROTECTION,,270 COLUMBIA BLVD,,SAINT HELENS,OR,97051,2022,http://www.crfr.com/,Columbia River Fire And Rescue District
214797,41,009,,COLUMBIA,COLUMBIA DRAINAGE DISTRICT 1,Special District,DRAINAGE,,18330 NW SAUVIE ISLAND RD,,PORTLAND,OR,97231,1312,,Columbia Drainage District 1
218201,41,009,,COLUMBIA,MCNULTY WATER PUBLIC UTILITY DISTRICT,Special District,WATER SUPPLY UTILITY,,PO BOX 260,,SAINT HELENS,OR,97051,0260,,Mcnulty Water Public Utility District
218208,41,009,,COLUMBIA,BERNDT SUBDIVISION WATER IMPROVEMENT DISTRICT,Special District,WATER SUPPLY UTILITY,,15278 CREEK VIEW LN,,VERNONIA,OR,97064,9417,,Berndt Subdivision Water Improvement District
111649,41,011,,COOS,FAT ELK DRAINAGE DISTRICT,Special District,DRAINAGE,,56328 FAT ELK RD,,COQUILLE,OR,97423,9611,,Fat Elk Drainage District
111650,41,011,,COOS,CARLSON-PRIMROSE SPECIAL ROAD DISTRICT,Special District,HIGHWAYS,,PO BOX 1215,,NORTH BEND,OR,97459,0065,,Carlson-Primrose Special Road District
111651,41,011,,COOS,FAIRVIEW RURAL FIRE PROTECTION DISTRICT,Special District,LOCAL FIRE PROTECTION,,96775 FAIRVIEW SUMNER LN,,COQUILLE,OR,97423,8774,,Fairview Rural Fire Protection District
111653,41,011,,COOS,DORA SITKUM RURAL FIRE PROTECTION DISTRICT,Special District,LOCAL FIRE PROTECTION,,56129 GOLDBRICK RD,,MYRTLE POINT,OR,97458,9615,http://www.dora-sitkumrfpd.org,Dora Sitkum Rural Fire Protection District
111654,41,011,,COOS,COOS COUNTY SOIL AND WATER CONSERVATION DISTRICT,Special District,SOIL AND WATER CONSERVATION,,379 NORTH ADAMS STREET,,COQUILLE,OR,97423,1707,http://www.coosswcd.org,Coos County Soil And Water Conservation District
111655,41,011,,COOS,BANDON RURAL FIRE PROTECTION DISTRICT,Special District,LOCAL FIRE PROTECTION,,PO BOX 1467,,BANDON,OR,97411,1467,,Bandon Rural Fire Protection District
111656,41,011,,COOS,BAY AREA HEALTH DISTRICT,Special District,HOSPITALS,,1775 THOMPSON RD,,COOS BAY,OR,97420,2125,http://WWW.BAYAREAHOSPITAL.ORG,Bay Area Health District
111657,41,011,,COOS,SUMNER RURAL FIRE PROTECTION DISTRICT,Special District,LOCAL FIRE PROTECTION,,60817 SELANDER RD,,COOS BAY,OR,97420,7464,,Sumner Rural Fire Protection District
133268,41,011,,COOS,BUNKER HILL SANITARY DISTRICT,Special District,SEWERAGE,,590 COMMERCIAL AVE,,COOS BAY,OR,97420,1808,,Bunker Hill Sanitary District
133269,41,011,,COOS,LIBBY DRAINAGE DISTRICT,Special District,DRAINAGE,,63293 RED DYKE RD,,COOS BAY,OR,97420,7282,,Libby Drainage District
133270,41,011,,COOS,SHOREWOOD ROAD DISTRICT,Special District,HIGHWAYS,,93295 GREY LOG LN,,NORTH BEND,OR,97459,8602,,Shorewood Road District
139677,41,011,,COOS,POWERS HEALTH DISTRICT,Special District,HEALTH,,570 3RD AVE,P.O. BOX 365,POWERS,OR,97466,9660,,Powers Health District
139678,41,011,,COOS,GARDEN DRIVE SPECIAL ROAD DISTRICT,Special District,HIGHWAYS,,63114 LILAC DR,,COOS BAY,OR,97420,7244,,Garden Drive Special Road District
139679,41,011,,COOS,COOS CURRY HOUSING AUTHORITY,Special District,HOUSING AND COMMUNITY DEVELOPMENT,,1700 MONROE ST,,NORTH BEND,OR,97459,3598,,Coos Curry Housing Authority
154664,41,011,,COOS,BUNKER HILL RURAL FIRE PROTECTION DISTRICT 1,Special District,LOCAL FIRE PROTECTION,,590 COMMERCIAL AVE,,COOS BAY,OR,97420,1808,,Bunker Hill Rural Fire Protection District 1
154665,41,011,,COOS,CATCHING INLET DRAINAGE DISTRICT,Special District,DRAINAGE,,62937 ROSS INLET RD,,COOS BAY,OR,97420,7318,,Catching Inlet Drainage District
154666,41,011,,COOS,COQUILLE RURAL FIRE PROTECTION DISTRICT,Special District,LOCAL FIRE PROTECTION,,280 N COLLIER ST,,COQUILLE,OR,97423,1833,,Coquille Rural Fire Protection District
154667,41,011,,COOS,HAYNES INLET DRAINAGE DISTRICT,Special District,DRAINAGE,,94592 MEADOW LANE,,NORTH BEND,OR,97459,8551,,Haynes Inlet Drainage District
154668,41,011,,COOS,LAKESIDE RURAL FIRE PROTECTION DISTRICT,Special District,LOCAL FIRE PROTECTION,,PO BOX 243,,LAKESIDE,OR,97449,0243,,Lakeside Rural Fire Protection District
154669,41,011,,COOS,PORT OF BANDON,Special District,SEA AND INLAND PORT FACILITIES,,390 1ST ST SW,STE A,BANDON,OR,97411,4500,http://www.portofbrandon.com,Port Of Bandon
154671,41,011,,COOS,MILLICOMA RIVER PARK AND RECREATION DISTRICT,Special District,PARKS AND RECREATION,,PO BOX 155,,ALLEGANY,OR,97407,0155,,Millicoma River Park And Recreation District
154672,41,011,,COOS,COOS RANCHETTE SPECIAL ROAD DISTRICT,Special District,HIGHWAYS,,95317 UPPER SUN LN,,COOS BAY,OR,97420,6370,,Coos Ranchette Special Road District
154673,41,011,,COOS,STEWARTS SPECIAL ROAD DISTRICT,Special District,HIGHWAYS,,476 W 23RD AVENUE,,EUGENE,OR,97405,2093,,Stewarts Special Road District
154676,41,011,,COOS,PACIFIC RIVERA ROAD DISTRICT,Special District,HIGHWAYS,,58598 DRU RD,,BANDON,OR,97411,8324,,Pacific Rivera Road District
154677,41,011,,COOS,BAKER RIVERTON ROAD DISTRICT,Special District,HIGHWAYS,,56379 BAKER RD,,COQUILLE,OR,97423,9603,,Baker Riverton Road District
154678,41,011,,COOS,COALEDO DRAINAGE DISTRICT,Special District,DRAINAGE,,91729 NORTH BANK LANE,,COQUILLE,OR,97423,,,Coaledo Drainage District
154679,41,011,,COOS,BRIDGE WATER DISTRICT,Special District,WATER SUPPLY UTILITY,,PO BOX 84,,MYRTLE POINT,OR,97458,0084,,Bridge Water District
154681,41,011,,COOS,LAKESIDE WATER DISTRICT,Special District,WATER SUPPLY UTILITY,,PO BOX 314,,LAKESIDE,OR,97449,0314,,Lakeside Water District
154682,41,011,,COOS,RINK CREEK WATER DISTRICT,Special District,WATER SUPPLY UTILITY,,PO BOX 65,,COQUILLE,OR,97423,7762,,Rink Creek Water District
154684,41,011,,COOS,CHARLESTON SANITARY DISTRICT,Special District,SEWERAGE,,PO BOX 5522,,CHARLESTON,OR,97420,0619,,Charleston Sanitary District
154685,41,011,,COOS,COQUILLE VALLEY HOSPITAL DISTRICT,Special District,HOSPITALS,,940 E 5TH ST,,COQUILLE,OR,97423,1699,,Coquille Valley Hospital District
154686,41,011,,COOS,HAUSER RURAL FIRE PROTECTION DISTRICT,Special District,LOCAL FIRE PROTECTION,,93622 VIKING LN,,NORTH BEND,OR,97459,8623,,Hauser Rural Fire Protection District
154687,41,011,,COOS,LIBBY RURAL FIRE PROTECTION DISTRICT,Special District,LOCAL FIRE PROTECTION,,750 CENTRAL AVE,STE 102,COOS BAY,OR,97420,1729,,Libby Rural Fire Protection District
187151,41,011,,COOS,BEAVER SLOUGH DRAINAGE DISTRICT,Special District,DRAINAGE,,60196 OLD WAGON RD,,COOS BAY,OR,97420,8501,,Beaver Slough Drainage District
187152,41,011,,COOS,NORTH BAY RURAL FIRE PROTECTION DISTRICT,Special District,LOCAL FIRE PROTECTION,,PO BOX 664,,NORTH BEND,OR,97459,0053,,North Bay Rural Fire Protection District
192861,41,011,,COOS,BRIDGE RURAL FIRE PROTECTION DISTRICT,Special District,LOCAL FIRE PROTECTION,,98183 BRIDGE LN,,MYRTLE POINT,OR,97458,9823,,Bridge Rural Fire Protection District
192862,41,011,,COOS,GREEN ACRES RURAL FIRE PROTECTION DISTRICT,Special District,LOCAL FIRE PROTECTION,,93449 GREEN ACRES LN,,COOS BAY,OR,97420,8451,,Green Acres Rural Fire Protection District
198789,41,011,,COOS,BANDON CRANBERRY WATER CONTROL DISTRICT,Special District,WATER SUPPLY UTILITY,,PO BOX 1832,,BANDON,OR,97411,0511,,Bandon Cranberry Water Control District
202440,41,011,,COOS,SOUTHERN COOS HEALTH DISTRICT,Special District,HOSPITALS,,900 11TH ST SE,,BANDON,OR,97411,9114,http://www.southerncoos.org,Southern Coos Health District
202441,41,011,,COOS,MYRTLE POINT HEALTH DISTRICT,Special District,HEALTH,,424 5TH ST,,MYRTLE POINT,OR,97458,1114,,Myrtle Point Health District
202442,41,011,,COOS,MILLINGTON RURAL FIRE PROTECTION DISTRICT 5,Special District,LOCAL FIRE PROTECTION,,62866 MILLINGTON FRONTAGE RD,,COOS BAY,OR,97420,6231,,Millington Rural Fire Protection District 5
205229,41,011,,COOS,FISHTRAP DRAINAGE DISTRICT,Special District,DRAINAGE,,93120 ARAGO VALLEY LN,,MYRTLE POINT,OR,97458,,,Fishtrap Drainage District
205230,41,011,,COOS,PORT OF COQUILLE RIVER,Special District,OTHER MULTI-FUNCTION DISTRICTS,,PO BOX 640,,MYRTLE POINT,OR,97458,0640,,Port Of Coquille River
205231,41,011,,COOS,OREGON INTERNATIONAL PORT OF COOS BAY,Special District,SEA AND INLAND PORT FACILITIES,,PO BOX 1215,,COOS BAY,OR,97420,0311,http://www.portotcoosbay.com,Oregon International Port Of Coos Bay
207062,41,011,,COOS,LARSON SLOUGH DRAINAGE DISTRICT,Special District,DRAINAGE,,2142 COMMERCIAL ST,,NORTH BEND,OR,97459,1329,,Larson Slough Drainage District
207063,41,011,,COOS,TIMBER PARK RURAL FIRE PROTECTION DISTRICT,Special District,LOCAL FIRE PROTECTION,,95037 TIMBER PARK LN,,COOS BAY,OR,97420,6526,,Timber Park Rural Fire Protection District
207064,41,011,,COOS,MYRTLE POINT RURAL FIRE PROTECTION DISTRICT,Special District,LOCAL FIRE PROTECTION,,95672 SITKUM LN,,MYRTLE POINT,OR,97458,8617,,Myrtle Point Rural Fire Protection District
207065,41,011,,COOS,CHARLESTON RURAL FIRE PROTECTION DISTRICT,Special District,LOCAL FIRE PROTECTION,,92342 CAPE ARAGO HWY,,COOS BAY,OR,97420,8745,http://www.charlestonfire.net,Charleston Rural Fire Protection District
207066,41,011,,COOS,SHELLEY ROAD CREST ACRES WATER DISTRICT,Special District,WATER SUPPLY UTILITY,,PO BOX 128,,COQUILLE,OR,97423,0128,,Shelley Road Crest Acres Water District
207067,41,011,,COOS,NORTH BEND CITY HOUSING AUTHORITY,Special District,HOUSING AND COMMUNITY DEVELOPMENT,,1700 MONROE ST,,NORTH BEND,OR,97459,3553,,North Bend City Housing Authority
213847,41,011,,COOS,COOS COUNTY AIRPORT DISTRICT,Special District,AIR TRANSPORTATION,,1100 AIRPORT LN,FL 3,NORTH BEND,OR,97459,2006,http://www.flyoth.com,Coos County Airport District
214822,41,011,,COOS,COOS BAY NORTH BEND WATER BOARD,Special District,WATER SUPPLY UTILITY,,PO BOX 539,,COOS BAY,OR,97420,0108,http://www.cbnbh2o.com/,Coos Bay North Bend Water Board
218171,41,011,,COOS,DEAN MINARD WATER DISTRICT,Special District,WATER SUPPLY UTILITY,,PO BOX 164,,COQUILLE,OR,97423,0164,,Dean Minard Water District
218172,41,011,,COOS,WOODS ROAD DISTRICT,Special District,HIGHWAYS,,56965 GLADEWOOD RD,,COQUILLE,OR,97423,8509,,Woods Road District
219972,41,011,,COOS,COOS COUNTY LIBRARY SERVICE DISTRICT,Special District,LIBRARIES,,525 ANDERSON AVE,,COOS BAY,OR,97420,1629,http://www.cooslibraries.org/,Coos County Library Service District
249973,41,011,,COOS,CEDAR CREST SPECIAL ROAD DISTRICT,Special District,HIGHWAYS,,63353 JUNIPER DR,,COOS BAY,OR,97420,,,Cedar Crest Special Road District
249974,41,011,,COOS,COOS COUNTY TRANSPORTATION DISTRICT,Special District,PUBLIC MASS TRANSIT UTILITY,,2810 OCEAN BLVD,,COOS BAY,OR,97420,,HTTPS://WWW.COOSTRANSIT.ORG/,Coos County Transportation District
251560,41,011,,COOS,CAMMANN ROAD DISTRICT,Special District,HIGHWAYS,,91628 HARGENS RD,,COOS BAY,OR,97420,,,Cammann Road District
111658,41,013,,CROOK,PRINEVILLE LAKE ACRES SPECIAL ROAD DISTRICT 1,Special District,HIGHWAYS,,14344 SE SHARPS ST,,PRINEVILLE,OR,97754,8475,http://www.plat-srd.com,Prineville Lake Acres Special Road District 1
111659,41,013,,CROOK,JORDAN WATER CONTROL DISTRICT,Special District,IRRIGATION,,7540 NW VISTA VIEW RD,,PRINEVILLE,OR,97754,8280,,Jordan Water Control District
111660,41,013,,CROOK,OCHOCO WEST WATER AND SANITARY AUTHORITY,Special District,SEWERAGE AND WATER SUPPLY,,5488 NW PRINE RD,,PRINEVILLE,OR,97754,8369,,Ochoco West Water And Sanitary Authority
133271,41,013,,CROOK,CROOK COUNTY PARKS AND RECREATION DISTRICT,Special District,PARKS AND RECREATION,,296 S MAIN ST,,PRINEVILLE,OR,97754,2743,http://www.ccprd.org,Crook County Parks And Recreation District
154688,41,013,,CROOK,CROOK COUNTY CEMETERY DISTRICT,Special District,CEMETERIES,,PO BOX 158,,PRINEVILLE,OR,97754,0158,http://juniperhaven.org/,Crook County Cemetery District
154689,41,013,,CROOK,LONE PINE IRRIGATION DISTRICT,Special District,IRRIGATION,,PO BOX 564,,TERREBONNE,OR,97760,0564,,Lone Pine Irrigation District
154690,41,013,,CROOK,HIGHLAND SUBDIVISION WATER DISTRICT,Special District,WATER SUPPLY UTILITY,,7064 SE DAVIS LOOP,,PRINEVILLE,OR,97754,8871,,Highland Subdivision Water District
154691,41,013,,CROOK,JASPER KNOLLS WATER DISTRICT,Special District,WATER SUPPLY UTILITY,,18164 SE RIDGE RD,,PRINEVILLE,OR,97754,7798,,Jasper Knolls Water District
154692,41,013,,CROOK,JUNIPER CANYON WATER CONTROL DISTRICT,Special District,FLOOD CONTROL,,545 NE 7TH ST,,PRINEVILLE,OR,97754,3106,,Juniper Canyon Water Control District
154694,41,013,,CROOK,CROOK COUNTY SOIL AND WATER CONSERVATION DISTRICT,Special District,SOIL AND WATER CONSERVATION,,498 SE LYNN BLVD,,PRINEVILLE,OR,97754,2840,,Crook County Soil And Water Conservation District
191299,41,013,,CROOK,OCHOCO IRRIGATION DISTRICT,Special District,IRRIGATION,,1001 NW DEER ST,,PRINEVILLE,OR,97754,1134,,Ochoco Irrigation District
218195,41,013,,CROOK,HAHLEN ROAD SPECIAL DISTRICT,Special District,HIGHWAYS,,200 NE 2ND ST,,PRINEVILLE,OR,97754,1911,,Hahlen Road Special District
218196,41,013,,CROOK,QUAIL VALLEY PARK IMPROVEMENT DISTRICT,Special District,WATER SUPPLY UTILITY,,2261 NE QUAIL VALLEY DR,,PRINEVILLE,OR,97754,8651,,Quail Valley Park Improvement District
219985,41,013,,CROOK,CROOK COUNTY FIRE AND RESCUE DISTRICT,Special District,LOCAL FIRE PROTECTION,,500 NE BELKNAP ST,,PRINEVILLE,OR,97754,1932,http://www.crookcountyfireandrescue.com,Crook County Fire And Rescue District
111661,41,015,,CURRY,CEDAR VALLEY NORTH BANK RURAL FIRE PROTECTION DISTRICT,Special District,LOCAL FIRE PROTECTION,,PO BOX 301,,GOLD BEACH,OR,97444,0301,,Cedar Valley North Bank Rural Fire Protection District
111662,41,015,,CURRY,UPPER CHETEO RURAL FIRE PROTECTION DISTRICT,Special District,LOCAL FIRE PROTECTION,,PO BOX 2526,,BROOKINGS,OR,97415,0318,,Upper Cheteo Rural Fire Protection District
111663,41,015,,CURRY,PORT OF BROOKINGS HARBOR,Special District,OTHER MULTI-FUNCTION DISTRICTS,,PO BOX 848,,BROOKINGS,OR,97415,0015,http://www.portbrookingsharbor.com,Port Of Brookings Harbor
111665,41,015,,CURRY,PISTOL RIVER CEMETERY MAINTENANCE DISTRICT,Special District,CEMETERIES,,94550 CEMETERY ROAD,,GOLDEN BEACH,OR,97444,9659,,Pistol River Cemetery Maintenance District
111666,41,015,,CURRY,CAMELLIA PARK SANITARY DISTRICT,Special District,SEWERAGE,,PO BOX 2573,,BROOKINGS,OR,97415,0319,,Camellia Park Sanitary District
133274,41,015,,CURRY,CURRY COUNTY SOIL AND WATER CONSERVATION DISTRICT,Special District,SOIL AND WATER CONSERVATION,,PO BOX 666,,GOLD BEACH,OR,97444,0666,,Curry County Soil And Water Conservation District
133275,41,015,,CURRY,CHETCO COMMUNITY LIBRARY DISTRICT,Special District,LIBRARIES,,405 ALDER ST,,BROOKINGS,OR,97415,9014,http://www.chetcolibrary.org,Chetco Community Library District
133277,41,015,,CURRY,PORT ORFORD PUBLIC LIBRARY DISTRICT,Special District,LIBRARIES,,PO BOX 130,,PORT ORFORD,OR,97465,0130,,Port Orford Public Library District
133278,41,015,,CURRY,WINCHUCK RURAL FIRE PROTECTION DISTRICT,Special District,LOCAL FIRE PROTECTION,,363 WINCHUCK RIVER RD,,BROOKINGS,OR,97415,8311,,Winchuck Rural Fire Protection District
133279,41,015,,CURRY,CURRY COUNTY HEALTH DISTRICT,Special District,HOSPITALS,,94220 4TH ST,,GOLD BEACH,OR,97444,7756,http://www.curryhealthnetwork.com,Curry County Health District
133280,41,015,,CURRY,PORT ORFORD RURAL FIRE PROTECTION DISTRICT,Special District,LOCAL FIRE PROTECTION,,PO BOX 363,,PORT ORFORD,OR,97465,0363,,Port Orford Rural Fire Protection District
133281,41,015,,CURRY,SOUTH CURRY COUNTY CEMETERY MAINTENANCE DISTRICT,Special District,CEMETERIES,,PO BOX 1083,,BROOKINGS,OR,97415,0027,,South Curry County Cemetery Maintenance District
133282,41,015,,CURRY,HARBOR SANITARY DISTRICT,Special District,SEWERAGE,,PO BOX 2457,,BROOKINGS,OR,97415,0316,,Harbor Sanitary District
133283,41,015,,CURRY,LANGLOIS RURAL FIRE PROTECTION DISTRICT 4,Special District,LOCAL FIRE PROTECTION,,PO BOX 97,,LANGLOIS,OR,97450,0097,,Langlois Rural Fire Protection District 4
154695,41,015,,CURRY,HARBOR RURAL FIRE PROTECTION DISTRICT,Special District,LOCAL FIRE PROTECTION,,PO BOX 2001,,HARBOR,OR,97415,0300,http://www.harborfire.org,Harbor Rural Fire Protection District
154696,41,015,,CURRY,GOLD BEACH WEDDERBURN RURAL FIRE PROTECTION DISTRICT 1,Special District,LOCAL FIRE PROTECTION,,PO BOX 298,,GOLD BEACH,OR,97444,0298,,Gold Beach Wedderburn Rural Fire Protection District 1
154697,41,015,,CURRY,PORT OF PORT ORFORD,Special District,SEA AND INLAND PORT FACILITIES,,PO BOX 490,,PORT ORFORD,OR,97465,0490,http://www.portofportorford.com,Port Of Port Orford
154698,41,015,,CURRY,CAPE FERRELO RURAL FIRE PROTECTION DISTRICT,Special District,LOCAL FIRE PROTECTION,,96349 CAPE FERRELO ROAD,P.O. BOX 4068,BROOKINGS,OR,97415,0070,,Cape Ferrelo Rural Fire Protection District
154699,41,015,,CURRY,SIXES RURAL FIRE PROTECTION DISTRICT,Special District,LOCAL FIRE PROTECTION,,P.O. BOX 246,,SIXES,OR,97476,0246,,Sixes Rural Fire Protection District
154702,41,015,,CURRY,LANGLOIS PUBLIC LIBRARY DISTRICT,Special District,LIBRARIES,,PO BOX 277,,LANGLOIS,OR,97450,0277,http://www.langlois.plinkit.org,Langlois Public Library District
154703,41,015,,CURRY,AGNESS COMMUNITY LIBRARY DISTRICT,Special District,LIBRARIES,,PO BOX 33,,AGNESS,OR,97406,0033,,Agness Community Library District
154705,41,015,,CURRY,LANGLOIS CEMETERY MAINTENANCE DISTRICT,Special District,CEMETERIES,,PO BOX 183,,LANGLOIS,OR,97450,0183,,Langlois Cemetery Maintenance District
154706,41,015,,CURRY,PORT ORFORD CEMETERY DISTRICT,Special District,CEMETERIES,,PO BOX 27,,PORT ORFORD,OR,97465,0027,,Port Orford Cemetery District
154707,41,015,,CURRY,LANGLOIS WATER DISTRICT,Special District,WATER SUPPLY UTILITY,,PO BOX 38,,LANGLOIS,OR,97450,0038,http://www.langloiswaterdistrict.com,Langlois Water District
154709,41,015,,CURRY,NESIKA BEACH OPHIR WATER DISTRICT,Special District,WATER SUPPLY UTILITY,,PO BOX 39,,OPHIR,OR,97464,0039,,Nesika Beach Ophir Water District
154710,41,015,,CURRY,HARBOR WATER PEOPLES UTILITY DISTRICT,Special District,WATER SUPPLY UTILITY,,98069 WEST BENHAM LANE,,BROOKINGS,OR,97415,0315,,Harbor Water Peoples Utility District
154712,41,015,,CURRY,WEDDERBURN SANITARY DISTRICT,Special District,SEWERAGE,,PO BOX 6,,WEDDERBURN,OR,97491,0006,,Wedderburn Sanitary District
154713,41,015,,CURRY,ROGUE RIVER CEMETERY MAINTENANCE DISTRICT,Special District,CEMETERIES,,PO BOX 1102,,GOLD BEACH,OR,97444,1102,,Rogue River Cemetery Maintenance District
191300,41,015,,CURRY,PORT OF GOLD BEACH,Special District,OTHER MULTI-FUNCTION DISTRICTS,,PO BOX 1126,,GOLD BEACH,OR,97444,1126,http://www.portofgoldbeach.com,Port Of Gold Beach
191301,41,015,,CURRY,OPHIR RURAL FIRE PROTECTION DISTRICT,Special District,LOCAL FIRE PROTECTION,,34477 OPHIR RD,,GOLD BEACH,OR,97444,8509,,Ophir Rural Fire Protection District
198522,41,015,,CURRY,PISTOL RIVER FIRE DISTRICT,Special District,LOCAL FIRE PROTECTION,,24686 PISTOL RIVER LOOP,,GOLD BEACH,OR,97444,9601,,Pistol River Fire District
198523,41,015,,CURRY,MOUNTAIN DRIVE ROAD DISTRICT,Special District,HIGHWAYS,,98354 THOMAS LN,,BROOKINGS,OR,97415,9245,,Mountain Drive Road District
207068,41,015,,CURRY,BROOKINGS RURAL FIRE PROTECTION DISTRICT,Special District,LOCAL FIRE PROTECTION,,PO BOX 1013,,BROOKINGS,OR,97415,0023,,Brookings Rural Fire Protection District
211433,41,015,,CURRY,CURRY COUNTY PUBLIC LIBRARY DISTRICT,Special District,LIBRARIES,,94341 3RD ST,,GOLD BEACH,OR,97444,8732,http://www.curry.plinkit.org/,Curry County Public Library District
239795,41,015,,CURRY,AGNESS ILLAHE RFPD,Special District,LOCAL FIRE PROTECTION,,PO BOX 27,,AGNESS,OR,97406,0027,,Agness Illahe Rfpd
111667,41,017,,DESCHUTES,DESCHUTES COUNTY RURAL FIRE PROTECTION DISTRICT 1,Special District,LOCAL FIRE PROTECTION,,341 NW DOGWOOD AVE,,REDMOND,OR,97756,1671,http://www.redmondfireandrescue.org,Deschutes County Rural Fire Protection District 1
111668,41,017,,DESCHUTES,LAZY RIVER SPECIAL ROAD DISTRICT,Special District,HIGHWAYS,,PO BOX 4552,,SUNRIVER,OR,97707,1552,,Lazy River Special Road District
111670,41,017,,DESCHUTES,CENTRAL OREGON REGIONAL HOUSING AUTHORITY,Special District,HOUSING AND COMMUNITY DEVELOPMENT,,405 SW 6TH ST,,REDMOND,OR,97756,2204,http://www.oregonhousingworks.org,Central Oregon Regional Housing Authority
133284,41,017,,DESCHUTES,DESCHUTES COUNTY RURAL FIRE PROTECTION DISTRICT 2,Special District,LOCAL FIRE PROTECTION,,1212 SW SIMPSON AVE,,BEND,OR,97702,3191,http://www.dcrfpd2.com,Deschutes County Rural Fire Protection District 2
133285,41,017,,DESCHUTES,RIMROCK WEST IMPROVEMENT DISTRICT,Special District,SEWERAGE,,PO BOX 1184,,REDMOND,OR,97756,0223,,Rimrock West Improvement District
133286,41,017,,DESCHUTES,DESCHUTES COUNTY SPECIAL ROAD DISTRICT 6,Special District,HIGHWAYS,,16237 BEAR LN,,BEND,OR,97707,2603,http://www.sites.google.com/site/drrh612/home/hoa2,Deschutes County Special Road District 6
133288,41,017,,DESCHUTES,RIVER FOREST ACRES SPECIAL ROAD DISTRICT,Special District,HIGHWAYS,,54970 MALLARD DR,,BEND,OR,97707,2409,,River Forest Acres Special Road District
133289,41,017,,DESCHUTES,SWALLEY IRRIGATION DISTRICT,Special District,IRRIGATION,,64672 COOK AVE,STE 1,BEND,OR,97703,8069,http://www.swalley.com,Swalley Irrigation District
133290,41,017,,DESCHUTES,STARWOOD SANITARY DISTRICT,Special District,SEWERAGE,,64619 HWY 20 UNIT C,STE 9A,BEND,OR,97703,3570,,Starwood Sanitary District
133291,41,017,,DESCHUTES,BLACK BUTTE RANCH RURAL FIRE PROTECTION DISTRICT,Special District,LOCAL FIRE PROTECTION,,13511 HAWKS BEARD,PMB 8190 POB 8000,SISTERS,OR,97759,8000,http://www.blackbutteranchfire.com,Black Butte Ranch Rural Fire Protection District
139684,41,017,,DESCHUTES,CIRCLE C IMPROVEMENT DISTRICT,Special District,WATER SUPPLY UTILITY,,1885 NW DAVIDSON WAY,,TERREBONNE,OR,97760,9476,,Circle C Improvement District
154714,41,017,,DESCHUTES,ARNOLD IRRIGATION DISTRICT,Special District,IRRIGATION,,19604 BUCK CANYON RD,,BEND,OR,97702,7915,arnoldirrigationdistrict.com/,Arnold Irrigation District
154716,41,017,,DESCHUTES,SISTERS CAMP SHERMAN RURAL FIRE PROTECTION DISTRICT,Special District,LOCAL FIRE PROTECTION,,PO BOX 1509,,SISTERS,OR,97759,1509,http://www.sistersfire.com,Sisters Camp Sherman Rural Fire Protection District
154717,41,017,,DESCHUTES,TERREBONNE DOMESTIC WATER DISTRICT,Special District,WATER SUPPLY UTILITY,,PO BOX 31,,TERREBONNE,OR,97760,0080,,Terrebonne Domestic Water District
154718,41,017,,DESCHUTES,DESCHUTES COUNTY SOIL AND WATER CONSERVATION DISTRICT,Special District,SOIL AND WATER CONSERVATION,,625 SE SALMON AVE,STE 7,REDMOND,OR,97756,8696,http://www.deschutesswcd.com,Deschutes County Soil And Water Conservation District
154719,41,017,,DESCHUTES,DESCHUTES COUNTY SPECIAL ROAD DISTRICT 8,Special District,HIGHWAYS,,PO BOX 646,,LA PINE,OR,97739,0646,,Deschutes County Special Road District 8
154720,41,017,,DESCHUTES,RIVER BEND ESTATES SPECIAL ROAD DISTRICT,Special District,HIGHWAYS,,61580 SUNNY BREEZE LN,,BEND,OR,97702,8942,,River Bend Estates Special Road District
154722,41,017,,DESCHUTES,VANDEVERT ACRES SPECIAL ROAD DISTRICT,Special District,HIGHWAYS,,17822 TRADER LN,,BEND,OR,97707,2340,,Vandevert Acres Special Road District
154723,41,017,,DESCHUTES,DESCHUTES COUNTY 911 SERVICE DISTRICT,Special District,OTHER SINGLE FUNCTION DISTRICTS,,20355 POE SHOLES DR,STE 300,BEND,OR,97703,7399,,Deschutes County 911 Service District
154727,41,017,,DESCHUTES,LAIDLAW WATER DISTRICT,Special District,WATER SUPPLY UTILITY,,64619 HWY 20 UNIT C,,BEND,OR,97703,9098,,Laidlaw Water District
154728,41,017,,DESCHUTES,BEND METRO PARKS AND RECREATION DISTRICT,Special District,PARKS AND RECREATION,,799 SW COLUMBIA ST,,BEND,OR,97702,3218,bendparksandrec.org/,Bend Metro Parks And Recreation District
154729,41,017,,DESCHUTES,OREGON WATER WONDERLAND SANITARY DISTRICT,Special District,SEWERAGE,,55841 SWAN RD,,BEND,OR,97707,2119,http://www.oww2sd.com,Oregon Water Wonderland Sanitary District
154731,41,017,,DESCHUTES,CLOVERDALE RURAL FIRE PROTECTION DISTRICT,Special District,LOCAL FIRE PROTECTION,,67433 CLOVERDALE RD,,SISTERS,OR,97759,9435,http://www.cloverdalefire.com,Cloverdale Rural Fire Protection District
154733,41,017,,DESCHUTES,LA PINE RURAL FIRE PROTECTION DISTRICT,Special District,LOCAL FIRE PROTECTION,,PO BOX 10,,LA PINE,OR,97739,0010,http://www.lapinefire.org,La Pine Rural Fire Protection District
191302,41,017,,DESCHUTES,THREE SISTERS IRRIGATION DISTRICT,Special District,IRRIGATION,,PO BOX 2230,,SISTERS,OR,97759,2230,http://www.tsidonline.org,Three Sisters Irrigation District
191303,41,017,,DESCHUTES,TUMALO IRRIGATION DISTRICT,Special District,IRRIGATION,,64697 COOK AVE,,BEND,OR,97703,9034,,Tumalo Irrigation District
192863,41,017,,DESCHUTES,CENTRAL OREGON IRRIGATION DISTRICT,Special District,IRRIGATION,,1055 SW LAKE COURT,,REDMOND,OR,97756,1469,http://WWW.COID.ORG,Central Oregon Irrigation District
192864,41,017,,DESCHUTES,HOWELL HILLTOP ACRES SPECIAL ROAD DISTRICT,Special District,HIGHWAYS,,5150 NW GREENWOOD AVE,,REDMOND,OR,97756,9309,,Howell Hilltop Acres Special Road District
207070,41,017,,DESCHUTES,DESCHUTES COUNTY SPECIAL ROAD DISTRICT 1,Special District,HIGHWAYS,,PO BOX 3695,,SUNRIVER,OR,97707,,http://srd1.org,Deschutes County Special Road District 1
211434,41,017,,DESCHUTES,LA PINE PARK AND RECREATION DISTRICT,Special District,PARKS AND RECREATION,,16405 1ST ST,,LA PINE,OR,97739,7533,http://www.lapineparks.org/,La Pine Park And Recreation District
214731,41,017,,DESCHUTES,FOREST VIEW SPECIAL ROAD DISTRICT,Special District,HIGHWAYS,,PO BOX 101,,LA PINE,OR,97739,0101,,Forest View Special Road District
214733,41,017,,DESCHUTES,PONDEROSA PINES EAST SPECIAL ROAD DISTRICT,Special District,HIGHWAYS,,51767 PINE LOOP DR,,LA PINE,OR,97739,8932,,Ponderosa Pines East Special Road District
214737,41,017,,DESCHUTES,BEAVER SPECIAL ROAD DISTRICT,Special District,HIGHWAYS,,PO BOX 3281,,SUNRIVER,OR,97707,0281,,Beaver Special Road District
214739,41,017,,DESCHUTES,FALL RIVER ESTATES SPECIAL ROAD DISTRICT,Special District,HIGHWAYS,,P.O. BOX 4181,,BEND,OR,97707,2718,,Fall River Estates Special Road District
214741,41,017,,DESCHUTES,NEWBERRY ESTATES SPECIAL ROAD DISTRICT,Special District,HIGHWAYS,,PO BOX 1103,,LA PINE,OR,97739,1103,,Newberry Estates Special Road District
214742,41,017,,DESCHUTES,PANORAMIC ACCESS SPECIAL ROAD DISTRICT,Special District,HIGHWAYS,,PO BOX 1226,,SISTERS,OR,97759,1226,,Panoramic Access Special Road District
214743,41,017,,DESCHUTES,CASCADE VIEW ESTATES TRACT 2 SPECIAL ROAD DISTRICT,Special District,HIGHWAYS,,PO BOX 8451,,BEND,OR,97708,8451,,Cascade View Estates Tract 2 Special Road District
214744,41,017,,DESCHUTES,SPRING RIVER SPECIAL ROAD DISTRICT,Special District,HIGHWAYS,,PO BOX 3577,,SUNRIVER,OR,97707,0577,,Spring River Special Road District
214745,41,017,,DESCHUTES,SUN MOUNTAIN RANCHES SPECIAL ROAD DISTRICT,Special District,HIGHWAYS,,PO BOX 3500 PMB 426,,SISTERS,OR,97759,9232,,Sun Mountain Ranches Special Road District
214747,41,017,,DESCHUTES,CHAPARRAL WATER CONTROL DISTRICT,Special District,IRRIGATION,,5599 SW 58TH PL,,REDMOND,OR,97756,8163,,Chaparral Water Control District
217758,41,017,,DESCHUTES,CENTRAL AND EASTERN OREGON JUVENILE JUSTICE CONSORTIUM,Special District,OTHER CORRECTIONS,,62910 O B RILEY RD,STE 208,BEND,OR,97703,9899,,Central And Eastern Oregon Juvenile Justice Consortium
218173,41,017,,DESCHUTES,ALSEA RIVIERA WATER IMPROVEMENT DISTRICT,Special District,WATER SUPPLY UTILITY,,14866 BLUEGRASS,,SISTERS,OR,97759,2154,,Alsea Riviera Water Improvement District
218185,41,017,,DESCHUTES,SUNFOREST ESTATES SPECIAL ROAD DISTRICT,Special District,HIGHWAYS,,13000 SUN FOREST DR,,LA PINE,OR,97739,9498,,Sunforest Estates Special Road District
218187,41,017,,DESCHUTES,OREGON OUTBACK RURAL FIRE PROTECTION DISTRICT,Special District,LOCAL FIRE PROTECTION,,13099 SUN FOREST DR,,LA PINE,OR,97739,9498,,Oregon Outback Rural Fire Protection District
219967,41,017,,DESCHUTES,REDMOND AREA PARK AND RECREATION DISTRICT,Special District,PARKS AND RECREATION,,PO BOX 843,,REDMOND,OR,97756,0175,http://www.raprd.org/,Redmond Area Park And Recreation District
219968,41,017,,DESCHUTES,SISTERS ORGANIZATION FOR ACTIVITIES AND RECREATION DISTRICT,Special District,PARKS AND RECREATION,,PO BOX 2215,,SISTERS,OR,97759,2215,http://www.sistersrecreation.com/,Sisters Organization For Activities And Recreation District
219970,41,017,,DESCHUTES,DESCHUTES PUBLIC LIBRARY DISTRICT,Special District,LIBRARIES,,507 NW WALL ST,,BEND,OR,97703,2607,http://www.deschuteslibrary.org,Deschutes Public Library District
249971,41,017,,DESCHUTES,ALFALFA FIRE DISTRICT,Special District,LOCAL FIRE PROTECTION,,62900 DESCHUTES RD,,BEND,OR,97701,,HTTPS://WWW.ALFALFAFIREDISTRICT.ORG/,Alfalfa Fire District
249987,41,017,,DESCHUTES,SISTERS PARKS & RECREATION DISTRICT,Special District,PARKS AND RECREATION,,PO BOX 2215,,SISTERS,OR,97759,,HTTPS://WWW.SISTERSCOUNTRY.COM/RECREATION-AND-ACTIVITIES,Sisters Parks & Recreation District
251561,41,017,,DESCHUTES,TWO RIVERS SPECIAL ROAD DISTRICT,Special District,HIGHWAYS,,PO BOX 3037,,SUNRIVER,OR,97707,,,Two Rivers Special Road District
111672,41,019,,DOUGLAS,WINCHESTER BAY RURAL FIRE PROTECTION DISTRICT,Special District,LOCAL FIRE PROTECTION,,PO BOX 1006,,WINCHESTER BAY,OR,97467,0801,,Winchester Bay Rural Fire Protection District
111674,41,019,,DOUGLAS,UNION GAP SANITARY DISTRICT,Special District,SEWERAGE,,PO BOX 344,,OAKLAND,OR,97462,0344,,Union Gap Sanitary District
111675,41,019,,DOUGLAS,HUMPHREY ROAD DISTRICT,Special District,HIGHWAYS,,137 HUMPHREY ADDITION RD,,GLENDALE,OR,97442,9603,,Humphrey Road District
111677,41,019,,DOUGLAS,RIDGEWOOD WATER DISTRICT,Special District,IRRIGATION,,22 HILLCREST DRIVE,,ROSEBURG,OR,97471,9228,,Ridgewood Water District
111678,41,019,,DOUGLAS,GARDINER SANITARY DISTRICT,Special District,SEWERAGE,,PO BOX 217,,GARDINER,OR,97441,0217,http://www.gardinersanitarydistrict.blogspot.com,Gardiner Sanitary District
133293,41,019,,DOUGLAS,ROSEBURG URBAN SANITARY DISTRICT,Special District,SEWERAGE,,PO BOX 1185,,ROSEBURG,OR,97470,0265,,Roseburg Urban Sanitary District
133294,41,019,,DOUGLAS,ROBERTS CREEK WATER DISTRICT,Special District,WATER SUPPLY UTILITY,,4336 OLD HIGHWAY 99 S,,ROSEBURG,OR,97471,4598,http://www.rcwaterdistrict.com,Roberts Creek Water District
133295,41,019,,DOUGLAS,GLENDALE RURAL FIRE PROTECTION DISTRICT,Special District,LOCAL FIRE PROTECTION,,PO BOX 777,,GLENDALE,OR,97442,0777,,Glendale Rural Fire Protection District
133296,41,019,,DOUGLAS,NORTH DOUGLAS COUNTY PARKS AND RECREATION DISTRICT,Special District,PARKS AND RECREATION,,PO BOX 14,,DRAIN,OR,97435,0014,,North Douglas County Parks And Recreation District
133297,41,019,,DOUGLAS,YONCALLA PARKS AND RECREATION DISTRICT,Special District,PARKS AND RECREATION,,PO BOX 148,,YONCALLA,OR,97499,0148,,Yoncalla Parks And Recreation District
133298,41,019,,DOUGLAS,BAR L RANCH ROAD DISTRICT,Special District,HIGHWAYS,,PO BOX 591,,GLIDE,OR,97443,0591,,Bar L Ranch Road District
133299,41,019,,DOUGLAS,SUNSHINE ACRES SPECIAL ROAD DISTRICT,Special District,HIGHWAYS,,1286 WILD IRIS LN,,ROSEBURG,OR,97470,9469,,Sunshine Acres Special Road District
133301,41,019,,DOUGLAS,UNION GAP WATER DISTRICT,Special District,WATER SUPPLY UTILITY,,PO BOX 344,,OAKLAND,OR,97462,0344,,Union Gap Water District
133302,41,019,,DOUGLAS,CANYONVILLE SOUTH UMPQUA RURAL FIRE PROTECTION DISTRICT,Special District,LOCAL FIRE PROTECTION,,PO BOX 714,,CANYONVILLE,OR,97417,0714,,Canyonville South Umpqua Rural Fire Protection District
133303,41,019,,DOUGLAS,WINCHESTER WATER CONTROL DISTRICT,Special District,IRRIGATION,,PO BOX 661,,WINCHESTER,OR,97495,0661,,Winchester Water Control District
139686,41,019,,DOUGLAS,AZALEA RURAL FIRE PROTECTION DISTRICT,Special District,LOCAL FIRE PROTECTION,,PO BOX 316,,AZALEA,OR,97410,0316,,Azalea Rural Fire Protection District
139688,41,019,,DOUGLAS,LAWSON A WATER DISTRICT,Special District,WATER SUPPLY UTILITY,,PO BOX 317,,RIDDLE,OR,97469,0317,,Lawson A Water District
139689,41,019,,DOUGLAS,SABLE DRIVE SPECIAL ROAD DISTRICT,Special District,HIGHWAYS,,PO BOX 181,,WINCHESTER,OR,97495,0181,,Sable Drive Special Road District
139690,41,019,,DOUGLAS,LOWER UMPQUA PARKS AND RECREATION DISTRICT,Special District,PARKS AND RECREATION,,PO BOX 640,,REEDSPORT,OR,97467,0640,,Lower Umpqua Parks And Recreation District
139691,41,019,,DOUGLAS,SUTHERLIN WATER CONTROL DISTRICT,Special District,FLOOD CONTROL,,495 N STATE ST,,SUTHERLIN,OR,97479,9100,,Sutherlin Water Control District
154734,41,019,,DOUGLAS,GARDINER RURAL FIRE PROTECTION DISTRICT 1,Special District,LOCAL FIRE PROTECTION,,PO BOX 102,,GARDINER,OR,97441,0102,,Gardiner Rural Fire Protection District 1
154735,41,019,,DOUGLAS,GREEN SANITARY DISTRICT,Special District,SEWERAGE,,3879 OLD HIGHWAY 99 S,,ROSEBURG,OR,97471,4499,,Green Sanitary District
154736,41,019,,DOUGLAS,MYRTLE CREEK RURAL FIRE PROTECTION DISTRICT,Special District,LOCAL FIRE PROTECTION,,PO BOX 2206,,MYRTLE CREEK,OR,97457,0180,,Myrtle Creek Rural Fire Protection District
154737,41,019,,DOUGLAS,TRI CITY WATER AND SANITARY AUTHORITY,Special District,SEWERAGE AND WATER SUPPLY,,215 PACIFIC HWY NW,,MYRTLE CREEK,OR,97457,,http://www.tcwsa.com,Tri City Water And Sanitary Authority
154739,41,019,,DOUGLAS,UMPQUA SOIL AND WATER CONSERVATION DISTRICT,Special District,SOIL AND WATER CONSERVATION,,PO BOX 415,,REEDSPORT,OR,97467,0415,http://www.umpquasoilandwater.com,Umpqua Soil And Water Conservation District
154740,41,019,,DOUGLAS,WINSTON DILLARD WATER DISTRICT,Special District,WATER SUPPLY UTILITY,,121 NW DOUGLAS BLVD,,WINSTON,OR,97496,9670,http://www.wdwd.us,Winston Dillard Water District
154742,41,019,,DOUGLAS,DAYS CREEK RURAL FIRE PROTECTION DISTRICT,Special District,LOCAL FIRE PROTECTION,,PO BOX 33,,DAYS CREEK,OR,97429,0033,,Days Creek Rural Fire Protection District
154745,41,019,,DOUGLAS,ROARING CAMP SPECIAL ROAD DISTRICT,Special District,HIGHWAYS,,PO BOX 1130,,DRAIN,OR,97435,1130,,Roaring Camp Special Road District
154746,41,019,,DOUGLAS,GLENDALE AMBULANCE DISTRICT,Special District,HEALTH,,416 TUNNEL ROAD,PO BOX 495,GLENDALE,OR,97442,9707,,Glendale Ambulance District
154748,41,019,,DOUGLAS,TENMILE RURAL FIRE PROTECTION DISTRICT,Special District,LOCAL FIRE PROTECTION,,PO BOX 77,,TENMILE,OR,97481,0077,,Tenmile Rural Fire Protection District
154749,41,019,,DOUGLAS,LOOKINGLASS RURAL FIRE PROTECTION DISTRICT,Special District,LOCAL FIRE PROTECTION,,7173 LOOKINGGLASS RD,,ROSEBURG,OR,97471,9189,http://www.lookingglass.rural.fire.org,Lookinglass Rural Fire Protection District
154750,41,019,,DOUGLAS,RIDDLE CEMETERY MAINTENANCE DISTRICT,Special District,CEMETERIES,,325 WINTER GREEN DR,,RIDDLE,OR,97469,9772,,Riddle Cemetery Maintenance District
154751,41,019,,DOUGLAS,DOUGLAS COUNTY RURAL FIRE PROTECTION DISTRICT 2,Special District,LOCAL FIRE PROTECTION,,1290 NE CEDAR ST,,ROSEBURG,OR,97470,2016,http://www.dcfd.org,Douglas County Rural Fire Protection District 2
154752,41,019,,DOUGLAS,GLIDE RURAL FIRE PROTECTION DISTRICT,Special District,LOCAL FIRE PROTECTION,,PO BOX 446,,GLIDE,OR,97443,0446,,Glide Rural Fire Protection District
154753,41,019,,DOUGLAS,ELKTON RURAL FIRE PROTECTION DISTRICT,Special District,LOCAL FIRE PROTECTION,,PO BOX 445,,ELKTON,OR,97436,0445,http://WWW.ELKTONONLINE.COM,Elkton Rural Fire Protection District
154754,41,019,,DOUGLAS,MILO VOLUNTEER FIRE DISTRICT,Special District,LOCAL FIRE PROTECTION,,21484 TILLER TRAIL HWY,,DAYS CREEK,OR,97429,9725,,Milo Volunteer Fire District
154756,41,019,,DOUGLAS,FAIR OAKS RURAL FIRE PROTECTION DISTRICT,Special District,LOCAL FIRE PROTECTION,,PO BOX 655,,SUTHERLIN,OR,97479,0655,,Fair Oaks Rural Fire Protection District
187153,41,019,,DOUGLAS,RIDDLE RURAL FIRE PROTECTION DISTRICT,Special District,LOCAL FIRE PROTECTION,,PO BOX 143,,RIDDLE,OR,97469,0143,,Riddle Rural Fire Protection District
187154,41,019,,DOUGLAS,TILLER RURAL FIRE PROTECTION DISTRICT,Special District,LOCAL FIRE PROTECTION,,PO BOX 114,,TILLER,OR,97484,0114,,Tiller Rural Fire Protection District
191304,41,019,,DOUGLAS,DOUGLAS COUNTY SOIL AND WATER CONSERVATION DISTRICT,Special District,SOIL AND WATER CONSERVATION,,2741 W HARVARD AVE,,ROSEBURG,OR,97471,2669,,Douglas County Soil And Water Conservation District
192865,41,019,,DOUGLAS,WINCHESTER BAY SANITARY DISTRICT,Special District,SEWERAGE,,PO BOX 1256,,WINCHESTER BAY,OR,97467,0812,http://www.winchesterbaysd.com,Winchester Bay Sanitary District
202443,41,019,,DOUGLAS,LOOKINGGLASS OLALLA WATER CONTROL DISTRICT,Special District,IRRIGATION,,PO BOX 1579,,ROSEBURG,OR,97470,0366,,Lookingglass Olalla Water Control District
205232,41,019,,DOUGLAS,LOWER UMPQUA HOSPITAL DISTRICT,Special District,HOSPITALS,,600 RANCH RD,,REEDSPORT,OR,97467,1795,http://www.lowerumpquahospital.org,Lower Umpqua Hospital District
205233,41,019,,DOUGLAS,SUTHERLIN PARKS AND RECREATION DISTRICT,Special District,PARKS AND RECREATION,,PO BOX 1393,,SUTHERLIN,OR,97479,9556,http://www.ci.sutherlin.or.us,Sutherlin Parks And Recreation District
205234,41,019,,DOUGLAS,CALAPOOIA RURAL FIRE PROTECTION DISTRICT,Special District,LOCAL FIRE PROTECTION,,250 S. STATE ST.,,SUTHERLIN,OR,97479,8460,http://WWW.SUTHERLINFIRE.ORG,Calapooia Rural Fire Protection District
207072,41,019,,DOUGLAS,PORT OF UMPQUA,Special District,OTHER MULTI-FUNCTION DISTRICTS,,PO BOX 388,,REEDSPORT,OR,97467,0388,http://www.portofumpqua.org,Port Of Umpqua
207073,41,019,,DOUGLAS,TRI CITY RURAL FIRE PROTECTION DISTRICT 04,Special District,LOCAL FIRE PROTECTION,,PO BOX 1270,,MYRTLE CREEK,OR,97457,0131,,Tri City Rural Fire Protection District 04
207074,41,019,,DOUGLAS,WINSTON DILLARD FIRE DISTRICT,Special District,LOCAL FIRE PROTECTION,,PO BOX 1779,,WINSTON,OR,97496,1779,,Winston Dillard Fire District
207075,41,019,,DOUGLAS,SPRINGBROOK SPECIAL ROAD DISTRICT,Special District,HIGHWAYS,,PO BOX 2014,,MYRTLE CREEK,OR,97457,0160,,Springbrook Special Road District
207076,41,019,,DOUGLAS,SCOTTSBURG RURAL FIRE PROTECTION DISTRICT,Special District,LOCAL FIRE PROTECTION,,PO BOX 625,,SCOTTSBURG,OR,97473,0625,,Scottsburg Rural Fire Protection District
207077,41,019,,DOUGLAS,OAKLAND RURAL FIRE PROTECTION DISTRICT,Special District,LOCAL FIRE PROTECTION,,PO BOX 385,,OAKLAND,OR,97462,0385,,Oakland Rural Fire Protection District
212770,41,019,,DOUGLAS,DOUGLAS COUNTY HOUSING AUTHORITY,Special District,HOUSING AND COMMUNITY DEVELOPMENT,,1000 W. STANTON STREET,,ROSEBURG,OR,97471,2757,http://HADCOR.ORG,Douglas County Housing Authority
214724,41,019,,DOUGLAS,KELLOGG RURAL FIRE PROTECTION DISTRICT,Special District,LOCAL FIRE PROTECTION,,15218 TYEE RD,,UMPQUA,OR,97486,9761,,Kellogg Rural Fire Protection District
214736,41,019,,DOUGLAS,UPPER CLEVELAND RAPIDS ROAD DISTRICT,Special District,HIGHWAYS,,1091 UPPER CLEVELAND RAPIDS RD,,ROSEBURG,OR,97471,9672,,Upper Cleveland Rapids Road District
214750,41,019,,DOUGLAS,OAK HILL SANITARY DISTRICT,Special District,SEWERAGE,,100 KELLY AVE,,ROSEBURG,OR,97471,,,Oak Hill Sanitary District
219986,41,019,,DOUGLAS,NORTH DOUGLAS COUNTY FIRE AND EMS DISTRICT,Special District,LOCAL FIRE PROTECTION,,PO BOX 277,,DRAIN,OR,97435,0277,,North Douglas County Fire And Ems District
239796,41,019,,DOUGLAS,CRESCENT WATER SUPPLY & IMPROVEMENT DIST,Special District,IRRIGATION,,PO BOX 247,,CRESCENT,OR,97733,0247,,Crescent Water Supply & Improvement Dist
239797,41,019,,DOUGLAS,GLIDE-IDLEYLD SANITARY DISTRICT,Special District,SEWERAGE,,PO BOX 597,,GLIDE,OR,97443,0597,,Glide-Idleyld Sanitary District
249965,41,019,,DOUGLAS,LOWER UMPQUA LIBRARY DISTRICT,Special District,LIBRARIES,,395 WINCHESTER AVE,,REEDSPORT,OR,97467,,HTTPS://WWW.LULD.ORG/,Lower Umpqua Library District
249968,41,019,,DOUGLAS,NORTH DOUGLAS LIBRARY DISTRICT,Special District,LIBRARIES,,PO BOX 128,,DRAIN,OR,97435,,HTTPS://WWW.NDLD.ORG,North Douglas Library District
249969,41,019,,DOUGLAS,UMPQUA PUBLIC TRANSPORTATION DISTRICT,Special District,PUBLIC MASS TRANSIT UTILITY,,3076 NE DIAMOND LAKE BLVD,,ROSEBURG,OR,97470,,HTTPS://UMPQUATRANSIT.COM/,Umpqua Public Transportation District
249976,41,019,,DOUGLAS,ELKTON ESTATES PHASE II SPECIAL ROAD DISTRICT,Special District,HIGHWAYS,,PO BOX 713,,ELKTON,OR,97436,,,Elkton Estates Phase Ii Special Road District
111680,41,021,,GILLIAM,PORT OF ARLINGTON,Special District,OTHER MULTI-FUNCTION DISTRICTS,,PO BOX 279,,ARLINGTON,OR,97812,0279,http://www.portofarlington.com,Port Of Arlington
133304,41,021,,GILLIAM,SOUTH GILLIAM COUNTY HEALTH DISTRICT,Special District,HEALTH,,PO BOX 597,,CONDON,OR,97823,0597,,South Gilliam County Health District
154759,41,021,,GILLIAM,GILLIAM COUNTY SOIL AND WATER CONSERVATION DISTRICT,Special District,SOIL AND WATER CONSERVATION,,PO BOX 106,,CONDON,OR,97823,0106,,Gilliam County Soil And Water Conservation District
154760,41,021,,GILLIAM,NORTH GILLIAM COUNTY CEMETERY DISTRICT,Special District,CEMETERIES,,PO BOX 265,,ARLINGTON,OR,97812,0265,,North Gilliam County Cemetery District
154763,41,021,,GILLIAM,ROCK CREEK WATER CONTROL DISTRICT,Special District,IRRIGATION,,66979 FRENCH CHARLIE RD,,ARLINGTON,OR,97812,6546,,Rock Creek Water Control District
154764,41,021,,GILLIAM,SOUTH GILLIAM COUNTY CEMETERY DISTRICT,Special District,CEMETERIES,,PO BOX 124,,CONDON,OR,97823,0124,,South Gilliam County Cemetery District
154765,41,021,,GILLIAM,SOUTH GILLIAM COUNTY RURAL FIRE PROTECTION DISTRICT,Special District,LOCAL FIRE PROTECTION,,PO BOX 623,,CONDON,OR,97823,0623,,South Gilliam County Rural Fire Protection District
191306,41,021,,GILLIAM,NORTH GILLIAM COUNTY HEALTH DISTRICT,Special District,HEALTH,,PO BOX 176,,ARLINGTON,OR,97812,0176,,North Gilliam County Health District
192866,41,021,,GILLIAM,NORTH GILLIAM COUNTY RURAL FIRE PROTECTION DISTRICT,Special District,LOCAL FIRE PROTECTION,,PO BOX 476,,ARLINGTON,OR,97812,0476,,North Gilliam County Rural Fire Protection District
111681,41,023,,GRANT,LONG CREEK CEMETERY DISTRICT,Special District,CEMETERIES,,PO BOX 134,,LONG CREEK,OR,97856,0134,,Long Creek Cemetery District
111683,41,023,,GRANT,FOX CEMETERY MAINTENANCE DISTRICT,Special District,CEMETERIES,,54888 FOX VALLEY LN,,FOX,OR,97856,7027,,Fox Cemetery Maintenance District
133305,41,023,,GRANT,DAYVILLE CEMETERY MAINTENANCE DISTRICT,Special District,CEMETERIES,,490 ERVIN ST,PO BOX 31,DAYVILLE,OR,97825,0031,,Dayville Cemetery Maintenance District
154766,41,023,,GRANT,MID COUNTY CEMETERY MAINTENANCE DISTRICT,Special District,CEMETERIES,,PO BOX 508,,JOHN DAY,OR,97845,0508,,Mid County Cemetery Maintenance District
154767,41,023,,GRANT,MOUNT VERNON RURAL FIRE PROTECTION DISTRICT,Special District,LOCAL FIRE PROTECTION,,PO BOX 328,,MOUNT VERNON,OR,97865,0328,,Mount Vernon Rural Fire Protection District
154768,41,023,,GRANT,PRAIRIE CEMETERY MAINTENANCE DISTRICT,Special District,CEMETERIES,,PO BOX 633,,PRAIRIE CITY,OR,97869,0633,,Prairie Cemetery Maintenance District
154769,41,023,,GRANT,GRANT COUNTY TRANSPORTATION DISTRICT,Special District,PUBLIC MASS TRANSIT UTILITY,,PO BOX 126,,JOHN DAY,OR,97845,0126,,Grant County Transportation District
154772,41,023,,GRANT,BLUE MOUNTAIN HOSPITAL DISTRICT,Special District,HOSPITALS,,170 FORD RD,,JOHN DAY,OR,97845,2009,http://www.bluemountainhospital.org,Blue Mountain Hospital District
154773,41,023,,GRANT,GRANT COUNTY SOIL AND WATER CONSERVATION DISTRICT,Special District,SOIL AND WATER CONSERVATION,,721 S CANYON BLVD,,JOHN DAY,OR,97845,1054,,Grant County Soil And Water Conservation District
154774,41,023,,GRANT,MONUMENT CEMETERY MAINTENANCE DISTRICT,Special District,CEMETERIES,,48659 HWY 402,,KIMBERLY,OR,97848,6248,,Monument Cemetery Maintenance District
202444,41,023,,GRANT,PRAIRIE CITY RURAL FIRE PROTECTION DISTRICT,Special District,LOCAL FIRE PROTECTION,,28961 N RIVER RD,,PRAIRIE CITY,OR,97869,8221,,Prairie City Rural Fire Protection District
205236,41,023,,GRANT,MONUMENT SOIL AND WATER CONSERVATION DISTRICT,Special District,SOIL AND WATER CONSERVATION,,PO BOX 95,,MONUMENT,OR,97864,0095,http://www.monumentswcd.org,Monument Soil And Water Conservation District
207078,41,023,,GRANT,JOHN DAY CANYON CITY AREA PARKS AND RECREATION DISTRICT,Special District,PARKS AND RECREATION,,PO BOX 762,,JOHN DAY,OR,97845,0762,http://www.jdccparksandrec.weebly.com,John Day Canyon City Area Parks And Recreation District
211435,41,023,,GRANT,JOHN DAY RURAL FIRE PROTECTION DISTRICT,Special District,LOCAL FIRE PROTECTION,,450 E MAIN ST,,JOHN DAY,OR,97845,1238,,John Day Rural Fire Protection District
111685,41,025,,HARNEY,HARNEY COUNTY SOIL AND WATER CONSERVATION DISTRICT,Special District,SOIL AND WATER CONSERVATION,,PO BOX 848,,HINES,OR,97738,0848,,Harney County Soil And Water Conservation District
154775,41,025,,HARNEY,DREWSEY CEMETERY MAINTENANCE DISTRICT,Special District,CEMETERIES,,PO BOX 162,,DREWSEY,OR,97904,0162,,Drewsey Cemetery Maintenance District
207079,41,025,,HARNEY,HARNEY COUNTY HEALTH DISTRICT,Special District,HOSPITALS,,557 W WASHINGTON ST,,BURNS,OR,97720,1441,http://www.harneydh.com,Harney County Health District
207080,41,025,,HARNEY,HIGH DESERT PARKS AND RECREATION DISTRICT,Special District,PARKS AND RECREATION,,PO BOX 238,,BURNS,OR,97720,0238,,High Desert Parks And Recreation District
111686,41,027,,HOOD RIVER,MOUNT HOOD IRRIGATION DISTRICT,Special District,IRRIGATION,,PO BOX 426,,MOUNT HOOD PARKDALE,OR,97041,0426,,Mount Hood Irrigation District
133306,41,027,,HOOD RIVER,PARKDALE SANITARY DISTRICT,Special District,SEWERAGE,,PO BOX 194,,MOUNT HOOD PARKDALE,OR,97041,0194,,Parkdale Sanitary District
133307,41,027,,HOOD RIVER,ICE FOUNTAIN WATER DISTRICT,Special District,WATER SUPPLY UTILITY,,1185 TUCKER RD,,HOOD RIVER,OR,97031,9673,,Ice Fountain Water District
154776,41,027,,HOOD RIVER,DEE IRRIGATION DISTRICT,Special District,IRRIGATION,,4835 OLEARY RD,,HOOD RIVER,OR,97031,9448,,Dee Irrigation District
154777,41,027,,HOOD RIVER,MIDDLE FORK IRRIGATION DISTRICT,Special District,OTHER MULTI-FUNCTION DISTRICTS,,PO BOX 291,,MOUNT HOOD PARKDALE,OR,97041,0291,,Middle Fork Irrigation District
154778,41,027,,HOOD RIVER,WY'EAST FIRE DISTRICT,Special District,LOCAL FIRE PROTECTION,,PO BOX 56,,ODELL,OR,97044,0056,http://www.odellfire.com,Wy'East Fire District
154779,41,027,,HOOD RIVER,PARKDALE RURAL FIRE PROTECTION DISTRICT,Special District,LOCAL FIRE PROTECTION,,P.O. BOX 40,,PARKDALE,OR,97041,0040,http://WWW.PARKDALEFIRE.COM,Parkdale Rural Fire Protection District
154780,41,027,,HOOD RIVER,PORT OF CASCADE LOCKS,Special District,TOLL HIGHWAYS,,PO BOX 307,,CASCADE LOCKS,OR,97014,0307,http://www.portofcascadelocks.org/,Port Of Cascade Locks
154781,41,027,,HOOD RIVER,HOOD RIVER COUNTY TRANSPORTATION DISTRICT,Special District,PUBLIC MASS TRANSIT UTILITY,,PO BOX 1147,,HOOD RIVER,OR,97031,0073,http://www.community.gorge.net/hrctd,Hood River County Transportation District
154782,41,027,,HOOD RIVER,FARMERS IRRIGATION DISTRICT,Special District,IRRIGATION,,1985 COUNTRY CLUB RD,,HOOD RIVER,OR,97031,9652,http://www.fidhr.org,Farmers Irrigation District
154783,41,027,,HOOD RIVER,CRYSTAL SPRINGS WATER DISTRICT,Special District,WATER SUPPLY UTILITY,,PO BOX 186,,ODELL,OR,97044,0186,http://www.cswdhr.com,Crystal Springs Water District
202445,41,027,,HOOD RIVER,EAST FORK IRRIGATION DISTRICT,Special District,IRRIGATION,,PO BOX 162,,ODELL,OR,97044,0162,,East Fork Irrigation District
202446,41,027,,HOOD RIVER,PORT OF HOOD RIVER,Special District,OTHER MULTI-FUNCTION DISTRICTS,,1000 E PORT MARINA DR,,HOOD RIVER,OR,97031,1186,portofhoodriver.com,Port Of Hood River
202447,41,027,,HOOD RIVER,ODELL SANITARY DISTRICT,Special District,SEWERAGE,,3700 DETHMAN RIDGE DR,,HOOD RIVER,OR,97031,9571,,Odell Sanitary District
207081,41,027,,HOOD RIVER,HOOD RIVER COUNTY SOIL AND WATER CONSERVATION DISTRICT,Special District,SOIL AND WATER CONSERVATION,,3007 EXPERIMENT STATION DR,,HOOD RIVER,OR,97031,9512,http://www.hoodriverswcd.org,Hood River County Soil And Water Conservation District
207082,41,027,,HOOD RIVER,WESTSIDE RURAL FIRE PROTECTION DISTRICT,Special District,LOCAL FIRE PROTECTION,,1185 TUCKER RD,,HOOD RIVER,OR,97031,9673,http://www.westsidefire.com,Westside Rural Fire Protection District
207083,41,027,,HOOD RIVER,HOOD RIVER VALLEY PARKS AND RECREATION DISTRICT,Special District,PARKS AND RECREATION,,1601 MAY ST,,HOOD RIVER,OR,97031,1350,http://www.hoodriverparksandrec.org,Hood River Valley Parks And Recreation District
239798,41,027,,HOOD RIVER,MT HOOD ECONOMIC ALLIANCE,Special District,OTHER MULTI-FUNCTION DISTRICTS,,802 CHENOWITH LOOP RD,,THE DALLES,OR,97058,4439,,Mt Hood Economic Alliance
249967,41,027,,HOOD RIVER,NORTH CENTRAL PUBLIC HEALTH DISTRICT,Special District,HEALTH,,419 EAST 7TH STREET,,THE DALLES,OR,97058,,HTTPS://WWW.NCPHD.ORG/,North Central Public Health District
249982,41,027,,HOOD RIVER,HOOD RIVER COUNTY LIBRARY DISTRICT,Special District,LIBRARIES,,502 STATE ST,,HOOD RIVER,OR,97031,,HTTPS://HOODRIVERLIBRARY.ORG/,Hood River County Library District
111689,41,029,,JACKSON,GOLD HILL IRRIGATION DISTRICT,Special District,IRRIGATION,,PO BOX 785,,ROGUE RIVER,OR,97537,0785,,Gold Hill Irrigation District
111692,41,029,,JACKSON,ROGUE VALLEY SEWER SERVICES,Special District,SEWERAGE,,PO BOX 3130,,CENTRAL POINT,OR,97502,0005,http://www.rvss.us,Rogue Valley Sewer Services
133309,41,029,,JACKSON,MEDFORD IRRIGATION DISTRICT,Special District,IRRIGATION,,PO BOX 70,,JACKSONVILLE,OR,97530,0070,medfordid.org/,Medford Irrigation District
133310,41,029,,JACKSON,JACKSON COUNTY SOIL AND WATER CONSERVATION DISTRICT,Special District,SOIL AND WATER CONSERVATION,,89 ALDER ST,,CENTRAL POINT,OR,97502,2273,http://www.jsncd.org,Jackson County Soil And Water Conservation District
133311,41,029,,JACKSON,JACKSON COUNTY RURAL FIRE PROTECTION DISTRICT 4,Special District,LOCAL FIRE PROTECTION,,PO BOX 1400,,SHADY COVE,OR,97539,1400,,Jackson County Rural Fire Protection District 4
133312,41,029,,JACKSON,JACKSON COUNTY RURAL FIRE PROTECTION DISTRICT 5,Special District,LOCAL FIRE PROTECTION,,5811 S PACIFIC HWY,,PHOENIX,OR,97535,9605,http://www.jcfd5.com,Jackson County Rural Fire Protection District 5
139699,41,029,,JACKSON,NYE DITCH USERS INCORPORATED,Special District,NATURAL RESOURCES AND WATER SUPPLY,,PO BOX 93,,PROSPECT,OR,97536,0093,,Nye Ditch Users Incorporated
154784,41,029,,JACKSON,JACKSON COUNTY RURAL FIRE PROTECTION DISTRICT 3,Special District,LOCAL FIRE PROTECTION,,8333 AGATE RD,,WHITE CITY,OR,97503,1075,http://WWW.JCFD3.COM,Jackson County Rural Fire Protection District 3
154785,41,029,,JACKSON,CHARLOTTE ANN WATER DISTRICT,Special District,WATER SUPPLY UTILITY,,19 S ORANGE ST,,MEDFORD,OR,97501,2948,,Charlotte Ann Water District
154788,41,029,,JACKSON,ROGUE RIVER RURAL FIRE PROTECTION DISTRICT,Special District,LOCAL FIRE PROTECTION,,PO BOX 1170,,ROGUE RIVER,OR,97537,1170,http://www.rogueriverfd.com,Rogue River Rural Fire Protection District
154789,41,029,,JACKSON,ROGUE RIVER VALLEY IRRIGATION DISTRICT,Special District,IRRIGATION,,3139 MERRIMAN RD,,MEDFORD,OR,97501,1270,http://www.rruid.org,Rogue River Valley Irrigation District
154790,41,029,,JACKSON,TALENT IRRIGATION DISTRICT,Special District,IRRIGATION,,PO BOX 467,,TALENT,OR,97540,0467,http://www.talentid.org,Talent Irrigation District
154791,41,029,,JACKSON,ELK CITY WATER DISTRICT,Special District,WATER SUPPLY UTILITY,,PO BOX 3171,,CENTRAL POINT,OR,97502,0006,,Elk City Water District
154793,41,029,,JACKSON,COLESTINE RURAL FIRE PROTECTION DISTRICT,Special District,LOCAL FIRE PROTECTION,,1700 COLESTIN RD,,ASHLAND,OR,97520,9023,http://www.crfd.org,Colestine Rural Fire Protection District
154796,41,029,,JACKSON,ROGUE VALLEY TRANSPORTATION DISTRICT,Special District,PUBLIC MASS TRANSIT UTILITY,,3200 CRATER LAKE AVE,,MEDFORD,OR,97504,9075,http://www.rvtd.org,Rogue Valley Transportation District
154797,41,029,,JACKSON,APPLEGATE VALLEY RURAL FIRE PROTECTION DISTRICT 9,Special District,LOCAL FIRE PROTECTION,,1095 UPPER APPLEGATE RD,,JACKSONVILLE,OR,97530,9175,http://www.applegatefd.com,Applegate Valley Rural Fire Protection District 9
154798,41,029,,JACKSON,EVANS VALLEY FIRE DISTRICT 6,Special District,LOCAL FIRE PROTECTION,,8677 E EVANS CREEK RD,,ROGUE RIVER,OR,97537,6660,http://www.evfire.org,Evans Valley Fire District 6
154799,41,029,,JACKSON,PROSPECT RURAL FIRE PROTECTION DISTRICT,Special District,LOCAL FIRE PROTECTION,,PO BOX 32,,PROSPECT,OR,97536,0032,http://www.prospectfpd.org,Prospect Rural Fire Protection District
187157,41,029,,JACKSON,MEDFORD RURAL FIRE PROTECTION DISTRICT,Special District,LOCAL FIRE PROTECTION,,6482 PIONEER RD,,MEDFORD,OR,97501,9648,,Medford Rural Fire Protection District
191307,41,029,,JACKSON,SAMS VALLEY IRRIGATION ASSOCIATION,Special District,IRRIGATION,,9468 RAMSEY RD,,GOLD HILL,OR,97525,0418,,Sams Valley Irrigation Association
192208,41,029,,JACKSON,EAGLE POINT IRRIGATION DISTRICT,Special District,IRRIGATION,,PO BOX 157,,EAGLE POINT,OR,97524,0157,http://www.owrc.org/directory/basins/eaglept.htm,Eagle Point Irrigation District
192867,41,029,,JACKSON,LAKE CREEK RURAL FIRE PROTECTION DISTRICT,Special District,LOCAL FIRE PROTECTION,,1584 S FORK LITTLE BUTTE CR RD,,EAGLE POINT,OR,97524,5517,,Lake Creek Rural Fire Protection District
192868,41,029,,JACKSON,JACKSON COUNTY HOUSING AUTHORITY,Special District,HOUSING AND COMMUNITY DEVELOPMENT,,2251 TABLE ROCK RD,,MEDFORD,OR,97501,1409,http://www.hajc.net,Jackson County Housing Authority
218175,41,029,,JACKSON,CORPORATE RANCH ROAD WATER IMPROVEMENT DISTRICT,Special District,WATER SUPPLY UTILITY,,10888 CORP RANCH ROAD,,ASHLAND,OR,97520,9749,,Corporate Ranch Road Water Improvement District
218182,41,029,,JACKSON,VALLEY VISTA ESTATES WATER IMPROVEMENT DISTRICT,Special District,WATER SUPPLY UTILITY,,395 ROBLEDA DR,,CENTRAL POINT,OR,97502,9327,,Valley Vista Estates Water Improvement District
239800,41,029,,JACKSON,GREENSPRINGS RFPD,Special District,LOCAL FIRE PROTECTION,,1147 HWY 66,,ASHLAND,OR,97520,,,Greensprings Rfpd
248421,41,029,,JACKSON,JACKSON COUNTY LIBRARY DISTRICT,Special District,LIBRARIES,,205 SOUTH CENTRAL AVENUE,STE 222,MEDFORD,OR,97501,,http://jcls.org/sp_final,Jackson County Library District
249977,41,029,,JACKSON,FERN VALLEY ESTATES IMPROVEMENT DISTRICT,Special District,OTHER NATURAL RESOURCES,,2604 DAVID LN,,MEDFORD,OR,97504,,,Fern Valley Estates Improvement District
111693,41,031,,JEFFERSON,CROOKED RIVER RANCH ROAD DISTRICT,Special District,HIGHWAYS,,PO BOX 842,,CROOKED RIVER RANCH,OR,97760,0842,,Crooked River Ranch Road District
133313,41,031,,JEFFERSON,JEFFERSON COUNTY RURAL FIRE PROTECTION DISTRICT 1,Special District,LOCAL FIRE PROTECTION,,PO BOX 30,,MADRAS,OR,97741,0011,http://www.jcfdl.org,Jefferson County Rural Fire Protection District 1
139701,41,031,,JEFFERSON,DESCHUTES VALLEY WATER DISTRICT,Special District,WATER SUPPLY UTILITY,,881 SW CULVER HWY,,MADRAS,OR,97741,9305,,Deschutes Valley Water District
154800,41,031,,JEFFERSON,NORTH UNIT IRRIGATION DISTRICT,Special District,IRRIGATION,,2024 NW BEECH ST,,MADRAS,OR,97741,9457,http://www.northunitid.com,North Unit Irrigation District
154801,41,031,,JEFFERSON,JEFFERSON COUNTY EMERGENCY MEDICAL SERVICES DISTRICT,Special District,HEALTH,,360 SW CULVER HWY,,MADRAS,OR,97741,0039,,Jefferson County Emergency Medical Services District
154802,41,031,,JEFFERSON,CROOKED RIVER RANCH RURAL FIRE PROTECTION DISTRICT,Special District,LOCAL FIRE PROTECTION,,6971 SW SHAD RD,,CROOKED RIVER,OR,97760,7792,http://www.crrfire.org,Crooked River Ranch Rural Fire Protection District
154803,41,031,,JEFFERSON,JEFFERSON COUNTY SOIL AND WATER CONSERVATION DISTRICT,Special District,SOIL AND WATER CONSERVATION,,625 SE SALMON AVE,STE 6,REDMOND,OR,97756,8696,,Jefferson County Soil And Water Conservation District
198795,41,031,,JEFFERSON,JEFFERSON COUNTY LIBRARY DISTRICT,Special District,LIBRARIES,,241 SE 7TH ST,,MADRAS,OR,97741,1610,http://www.jcld.org,Jefferson County Library District
218157,41,031,,JEFFERSON,CAMP SHERMAN ROAD DISTRICT 18,Special District,HIGHWAYS,,P O BOX 133,,CAMP SHERMAN,OR,97730,0143,,Camp Sherman Road District 18
218191,41,031,,JEFFERSON,MADRAS AQUATIC CENTER DISTRICT,Special District,PARKS AND RECREATION,,1195 SE KEMPER WAY,,MADRAS,OR,97741,1011,,Madras Aquatic Center District
249983,41,031,,JEFFERSON,JUNIPER BUTTE ROAD DISTRICT,Special District,HIGHWAYS,,PO BOX 333,,CULVER,OR,97734,,HTTPS://WWW.JEFFCO.NET/BC-JBRD,Juniper Butte Road District
249984,41,031,,JEFFERSON,LAKE CHINOOK FIRE & RESCUE PROTECTION DISTRICT,Special District,LOCAL FIRE PROTECTION,,11700 SW GRAHAM RD,,CULVER,OR,97734,,HTTP://LAKECHINOOKFIREANDRESCUE.ORG/,Lake Chinook Fire & Rescue Protection District
111695,41,033,,JOSEPHINE,ILLINOIS VALLEY SOIL AND WATER CONSERVATION DISTRICT,Special District,SOIL AND WATER CONSERVATION,,PO BOX 352,,CAVE JUNCTION,OR,97523,0352,http://www.ivstreamteam.org,Illinois Valley Soil And Water Conservation District
133315,41,033,,JOSEPHINE,JOSEPHINE COUNTY SOIL AND WATER CONSERVATION DISTRICT,Special District,SOIL AND WATER CONSERVATION,,1440 PARKDALE DR,,GRANTS PASS,OR,97527,4925,,Josephine County Soil And Water Conservation District
154804,41,033,,JOSEPHINE,FORT VANNOY IRRIGATION DISTRICT,Special District,IRRIGATION,,PO BOX 2316,,GRANTS PASS,OR,97528,0206,,Fort Vannoy Irrigation District
154805,41,033,,JOSEPHINE,ILLINOIS VALLEY RURAL FIRE PROTECTION DISTRICT,Special District,LOCAL FIRE PROTECTION,,681 CAVES HWY,,CAVE JUNCTION,OR,97523,9820,http://www.ivfire.com,Illinois Valley Rural Fire Protection District
154806,41,033,,JOSEPHINE,MURPHY DITCH ASSOCIATION,Special District,IRRIGATION,,PO BOX 112,,MURPHY,OR,97533,0112,,Murphy Ditch Association
154807,41,033,,JOSEPHINE,NORTHSIDE APPLEGATE RIVER DITCH,Special District,IRRIGATION,,13465 NORTH APPLEGATE ROAD,,GRANT PASS,OR,97527,8611,,Northside Applegate River Ditch
154808,41,033,,JOSEPHINE,WOLF CREEK RURAL FIRE PROTECTION DISTRICT,Special District,LOCAL FIRE PROTECTION,,PO BOX 1,,WOLF CREEK,OR,97497,0001,,Wolf Creek Rural Fire Protection District
154809,41,033,,JOSEPHINE,WILLIAMS RURAL FIRE PROTECTION DISTRICT,Special District,LOCAL FIRE PROTECTION,,PO BOX 81,,WILLIAMS,OR,97544,0081,http://WWW.WRFPD.ORG,Williams Rural Fire Protection District
207085,41,033,,JOSEPHINE,GRANTS PASS IRRIGATION DISTRICT,Special District,IRRIGATION,,200 FRUITDALE DR,,GRANTS PASS,OR,97527,5268,http://GPID.COM,Grants Pass Irrigation District
207086,41,033,,JOSEPHINE,JOSEPHINE COUNTY HOUSING AND COMMUNITY DEVELOPMENT AUTHORITY,Special District,HOUSING AND COMMUNITY DEVELOPMENT,,1205 NE 7TH ST,,GRANTS PASS,OR,97526,1423,http://www.jhcdc.net,Josephine County Housing And Community Development Authority
211436,41,033,,JOSEPHINE,MERLIN PARK DISTRICT,Special District,PARKS AND RECREATION,,PO BOX 412,,MERLIN,OR,97532,0412,,Merlin Park District
214766,41,033,,JOSEPHINE,NORWOOD PEOPLES UTILITY DISTRICT,Special District,WATER SUPPLY UTILITY,,1151 WILLOW LN,,GRANTS PASS,OR,97527,6220,,Norwood Peoples Utility District
214804,41,033,,JOSEPHINE,JOSEPHINE COUNTY 911 AGENCY,Special District,OTHER SINGLE FUNCTION DISTRICTS,,726 NE 7TH,,GRANTS PASS,OR,97526,2000,,Josephine County 911 Agency
219999,41,033,,JOSEPHINE,JOSEPHINE COUNTY-CITY OF GRANTS PASS SOLID WASTE AGENCY,Special District,SEWERAGE,,101 NW A ST,,GRANTS PASS,OR,97526,2000,,Josephine County-City Of Grants Pass Solid Waste Agency
239801,41,033,,JOSEPHINE,JEFFERSON BEHAVIORAL HEALTH,Special District,OTHER MULTI-FUNCTION DISTRICTS,,550 NE E ST,,GRANTS PASS,OR,97526,2326,,Jefferson Behavioral Health
239802,41,033,,JOSEPHINE,KERBY WATER DISTRICT,Special District,WATER SUPPLY UTILITY,,PO BOX 3157,,KERBY,OR,97531,3157,,Kerby Water District
249964,41,033,,JOSEPHINE,JOSEPHINE COMMUNITY LIBRARY DISTRICT,Special District,LIBRARIES,,200 NW C ST,,GRANTS PASS,OR,97526,,HTTPS://JOSEPHINELIBRARY.ORG/,Josephine Community Library District
249990,41,033,,JOSEPHINE,TWO RIVERS SOIL AND WATER CONSERVATION DISTRICT,Special District,SOIL AND WATER CONSERVATION,,1440 PARKDALE DR,,GRANTS PASS,OR,97527,,HTTPS://OCEANCONNECT.ORG/DISTRICTS.PHP?DID=22,Two Rivers Soil And Water Conservation District
111696,41,035,,KLAMATH,BONANZA RURAL FIRE PROTECTION DISTRICT,Special District,LOCAL FIRE PROTECTION,,PO BOX 296,,BONANZA,OR,97623,0296,,Bonanza Rural Fire Protection District
111697,41,035,,KLAMATH,KLAMATH IRRIGATION DISTRICT,Special District,IRRIGATION,,6640 KID LN,,KLAMATH FALLS,OR,97603,9658,,Klamath Irrigation District
111698,41,035,,KLAMATH,MALIN RURAL FIRE PROTECTION DISTRICT,Special District,LOCAL FIRE PROTECTION,,PO BOX 195,,MALIN,OR,97632,0195,,Malin Rural Fire Protection District
111699,41,035,,KLAMATH,KLAMATH COUNTY RURAL FIRE PROTECTION DISTRICT 4,Special District,LOCAL FIRE PROTECTION,,4041 BALSAM DR,,KLAMATH FALLS,OR,97601,5406,http://www.firedistrict4.com,Klamath County Rural Fire Protection District 4
111700,41,035,,KLAMATH,WIARD MEMORIAL PARK DISTRICT,Special District,PARKS AND RECREATION,,PO BOX 1438,,KLAMATH FALLS,OR,97601,0078,http://www.wiardpark.com,Wiard Memorial Park District
111701,41,035,,KLAMATH,JACK PINE VILLAGE SPECIAL ROAD DISTRICT,Special District,HIGHWAYS,,100 TUMBO DR,,GILCHRIST,OR,97737,9751,,Jack Pine Village Special Road District
111704,41,035,,KLAMATH,SOUTH SUBURBAN SANITARY DISTRICT,Special District,SEWERAGE,,2201 LAVERNE AVE,,KLAMATH FALLS,OR,97603,4570,http://www.sssd.org,South Suburban Sanitary District
111705,41,035,,KLAMATH,CRESCENT SANITARY DISTRICT,Special District,SEWERAGE,,PO BOX 265,,CRESCENT,OR,97733,0265,,Crescent Sanitary District
111706,41,035,,KLAMATH,BLY WATER DISTRICT,Special District,WATER SUPPLY UTILITY,,PO BOX 72,,BLY,OR,97622,0072,,Bly Water District
133318,41,035,,KLAMATH,ENTERPRISE IRRIGATION DISTRICT,Special District,IRRIGATION,,3939 S 6TH ST,,KLAMATH FALLS,OR,97603,4728,,Enterprise Irrigation District
133319,41,035,,KLAMATH,KLAMATH COUNTY SOIL AND WATER CONSERVATION DISTRICT,Special District,SOIL AND WATER CONSERVATION,,1945 MAIN STREET,SUITE 200,KLAMATH FALLS,OR,97601,4300,http://www.klamathswcd.org,Klamath County Soil And Water Conservation District
133320,41,035,,KLAMATH,MALIN IRRIGATION DISTRICT,Special District,IRRIGATION,,PO BOX 355,,MALIN,OR,97632,0355,,Malin Irrigation District
133321,41,035,,KLAMATH,MEADOWS DRAINAGE DISTRICT,Special District,DRAINAGE,,PO BOX 426,,FORT KLAMATH,OR,97626,0426,,Meadows Drainage District
133322,41,035,,KLAMATH,SHASTA VIEW IRRIGATION DISTRICT,Special District,IRRIGATION,,PO BOX 46,,MALIN,OR,97632,0046,,Shasta View Irrigation District
133323,41,035,,KLAMATH,SUBURBAN LIGHTING DISTRICT,Special District,HIGHWAYS,,122 S 5TH ST,,KLAMATH FALLS,OR,97601,6151,,Suburban Lighting District
133324,41,035,,KLAMATH,PINE FLAT DISTRICT IMPROVEMENT CO,Special District,IRRIGATION,,20990 HIGHWAY 140 E,,DAIRY,OR,97625,9722,,Pine Flat District Improvement Co
133325,41,035,,KLAMATH,RIVER PINES ESTATES SPECIAL ROAD DISTRICT,Special District,HIGHWAYS,,1000 HACKETT DRIVE,,LA PINE,OR,97739,2330,,River Pines Estates Special Road District
133326,41,035,,KLAMATH,KENO PINES SPECIAL ROAD DISTRICT,Special District,HIGHWAYS,,PO BOX 572,,KENO,OR,97627,0572,,Keno Pines Special Road District
133327,41,035,,KLAMATH,PINE GROVE HIGHLANDS SPECIAL ROAD DISTRICT,Special District,HIGHWAYS,,4213 JANA DR,,KLAMATH FALLS,OR,97603,8933,,Pine Grove Highlands Special Road District
133329,41,035,,KLAMATH,MOUNT LAKI CEMETERY DISTRICT,Special District,CEMETERIES,,PO BOX 2,,MIDLAND,OR,97634,0002,,Mount Laki Cemetery District
133330,41,035,,KLAMATH,CHEMULT RURAL FIRE PROTECTION DISTRICT,Special District,LOCAL FIRE PROTECTION,,PO BOX 145,,CHEMULT,OR,97731,0145,,Chemult Rural Fire Protection District
133331,41,035,,KLAMATH,KLAMATH COUNTY RURAL FIRE PROTECTION DISTRICT 1,Special District,LOCAL FIRE PROTECTION,,143 N BROAD STREET,,KLAMATH FALLS,OR,97601,5958,http://www.kcfd1.com,Klamath County Rural Fire Protection District 1
133333,41,035,,KLAMATH,ROCKY POINT FIRE AND EMS DISTRICT,Special District,LOCAL FIRE PROTECTION,,25600 ROCKY POINT RD,,KLAMATH FALLS,OR,97601,8528,,Rocky Point Fire And Ems District
139704,41,035,,KLAMATH,WOCUS DRAINAGE DISTRICT,Special District,DRAINAGE,,PO BOX 1090,,KLAMATH FALLS,OR,97601,0059,,Wocus Drainage District
154810,41,035,,KLAMATH,HORSEFLY IRRIGATION DISTRICT,Special District,IRRIGATION,,PO BOX 188,,BONANZA,OR,97623,0188,http://www.water-law.com/horsefly.htm,Horsefly Irrigation District
154811,41,035,,KLAMATH,KENO IRRIGATION DISTRICT,Special District,IRRIGATION,,9350 HIGHWAY 66,,KLAMATH FALLS,OR,97601,9520,,Keno Irrigation District
154812,41,035,,KLAMATH,KLAMATH DRAINAGE DISTRICT,Special District,DRAINAGE,,PO BOX 1090,,KLAMATH FALLS,OR,97601,0059,,Klamath Drainage District
154813,41,035,,KLAMATH,LAKESHORE GARDENS DRAINAGE DISTRICT,Special District,DRAINAGE,,PO BOX 1925,,KLAMATH FALLS,OR,97601,0110,,Lakeshore Gardens Drainage District
154814,41,035,,KLAMATH,MALIN COMMUNITY CEMETERY MAINTENANCE DISTRICT,Special District,CEMETERIES,,PO BOX 28,,MALIN,OR,97632,0028,,Malin Community Cemetery Maintenance District
154815,41,035,,KLAMATH,MERRILL PARK DISTRICT,Special District,PARKS AND RECREATION,,PO BOX 1,,MERRILL,OR,97633,0001,,Merrill Park District
154816,41,035,,KLAMATH,MERRILL RURAL FIRE PROTECTION DISTRICT 1,Special District,LOCAL FIRE PROTECTION,,PO BOX 261,,MERRILL,OR,97633,0261,,Merrill Rural Fire Protection District 1
154817,41,035,,KLAMATH,PINE GROVE IRRIGATION DISTRICT,Special District,IRRIGATION,,6510 S 6TH ST,,KLAMATH FALLS,OR,97603,7112,,Pine Grove Irrigation District
154818,41,035,,KLAMATH,SUNNYSIDE IRRIGATION DISTRICT,Special District,IRRIGATION,,PO BOX 393,,MERRILL,OR,97633,,,Sunnyside Irrigation District
154819,41,035,,KLAMATH,UPPER VAN BRIMMER DRAINAGE DISTRICT,Special District,DRAINAGE,,14889 ANDERSON RD,,KLAMATH FALLS,OR,97603,9776,,Upper Van Brimmer Drainage District
154821,41,035,,KLAMATH,WILLOW VALLEY IRRIGATION DISTRICT,Special District,IRRIGATION,,17717 E LANGELL VALLEY RD,,BONANZA,OR,97623,9713,,Willow Valley Irrigation District
154822,41,035,,KLAMATH,CHILOQUIN AGENCY LAKE RURAL FIRE PROTECTION DISTRICT,Special District,LOCAL FIRE PROTECTION,,PO BOX 437,,CHILOQUIN,OR,97624,0437,,Chiloquin Agency Lake Rural Fire Protection District
154823,41,035,,KLAMATH,KLAMATH COUNTY FIRE DISTRICT 5,Special District,LOCAL FIRE PROTECTION,,9139 BLY MOUNTAIN CUTOFF RD,,BONANZA,OR,97623,8725,,Klamath County Fire District 5
154827,41,035,,KLAMATH,NORTHSIDE DRAINAGE DISTRICT,Special District,DRAINAGE,,5518 WOCUS RD,,KLAMATH FALLS,OR,97601,9317,,Northside Drainage District
154828,41,035,,KLAMATH,KLAMATH 9-1-1 EMERGENCY COMMUNICATIONS DISTRICT,Special District,OTHER SINGLE FUNCTION DISTRICTS,,2543 SHASTA WAY,,KLAMATH FALLS,OR,97601,4355,http://www.klamath911.com,Klamath 9-1-1 Emergency Communications District
154829,41,035,,KLAMATH,ANTELOPE MEADOWS SPECIAL ROAD DISTRICT,Special District,HIGHWAYS,,8099 HOWARD RD,,LA PINE,OR,97739,7643,,Antelope Meadows Special Road District
154830,41,035,,KLAMATH,VALLEY ACRES SPECIAL ROAD DISTRICT,Special District,HIGHWAYS,,PO BOX 292,,BEATTY,OR,97621,0292,,Valley Acres Special Road District
154831,41,035,,KLAMATH,WOODLAND PARK SPECIAL ROAD DISTRICT,Special District,HIGHWAYS,,PO BOX 443,,CHILOQUIN,OR,97624,0443,,Woodland Park Special Road District
154832,41,035,,KLAMATH,YONNA WOODS SPECIAL ROAD DISTRICT,Special District,HIGHWAYS,,27942 PETERSTEINER RD,,BONANZA,OR,97623,8777,,Yonna Woods Special Road District
154834,41,035,,KLAMATH,KLAMATH FALLS FOREST ESTATES ROAD DISTRICT,Special District,HIGHWAYS,,30220 SNOW SHOE LN,,BONANZA,OR,97623,8751,,Klamath Falls Forest Estates Road District
154835,41,035,,KLAMATH,CEDAR TRAILS ROAD DISTRICT,Special District,HIGHWAYS,,PO BOX 755,,KENO,OR,97627,0755,,Cedar Trails Road District
154838,41,035,,KLAMATH,BASIN TRANSIT SERVICE TRANSPORTATION DISTRICT,Special District,PUBLIC MASS TRANSIT UTILITY,,1130 ADAMS ST,,KLAMATH FALLS,OR,97601,3393,http://www.basintransit.com,Basin Transit Service Transportation District
154840,41,035,,KLAMATH,POE VALLEY PARKS AND RECREATION DISTRICT,Special District,PARKS AND RECREATION,,16000 S POE VALLEY RD,,KLAMATH FALLS,OR,97603,2634,,Poe Valley Parks And Recreation District
154841,41,035,,KLAMATH,BLY RURAL FIRE PROTECTION DISTRICT,Special District,LOCAL FIRE PROTECTION,,PO BOX 148,,BLY,OR,97622,0148,,Bly Rural Fire Protection District
154843,41,035,,KLAMATH,MERRILL CEMETERY MAINTENANCE DISTRICT,Special District,CEMETERIES,,PO BOX 547,,MERRILL,OR,97633,0547,,Merrill Cemetery Maintenance District
154844,41,035,,KLAMATH,MODOC POINT IRRIGATION DISTRICT,Special District,IRRIGATION,,PO BOX 278,,CHILOQUIN,OR,97624,0278,,Modoc Point Irrigation District
154845,41,035,,KLAMATH,BLY SANITARY DISTRICT,Special District,SEWERAGE,,PO BOX 72,,BLY,OR,97622,0072,,Bly Sanitary District
187158,41,035,,KLAMATH,RAINBOW PARK PINE RIDGE ROAD DISTRICT,Special District,HIGHWAYS,,PO BOX 633,,CHILOQUIN,OR,97624,0633,,Rainbow Park Pine Ridge Road District
187159,41,035,,KLAMATH,KLAMATH BASIN IMPROVEMENT DISTRICT,Special District,IRRIGATION,,6640 KID LN,,KLAMATH FALLS,OR,97603,9623,,Klamath Basin Improvement District
191310,41,035,,KLAMATH,POE VALLEY IMPROVEMENT DISTRICT,Special District,IRRIGATION,,6640 KID LN,,KLAMATH FALLS,OR,97603,9623,,Poe Valley Improvement District
192869,41,035,,KLAMATH,KLAMATH RIVER ACRES SPECIAL ROAD DISTRICT,Special District,HIGHWAYS,,PO BOX 231,,KENO,OR,97627,0231,,Klamath River Acres Special Road District
207087,41,035,,KLAMATH,BONANZA MEMORIAL PARK CEMETERY DISTRICT,Special District,CEMETERIES,,PO BOX 54,,BONANZA,OR,97623,0054,,Bonanza Memorial Park Cemetery District
207088,41,035,,KLAMATH,LANGELL VALLEY IRRIGATION DISTRICT,Special District,IRRIGATION,,9787 E LANGELL VALLEY RD,,BONANZA,OR,97623,9706,,Langell Valley Irrigation District
207089,41,035,,KLAMATH,MALIN COMMUNITY PARKS AND RECREATION DISTRICT,Special District,PARKS AND RECREATION,,PO BOX 21,,MALIN,OR,97632,0021,,Malin Community Parks And Recreation District
207090,41,035,,KLAMATH,KLAMATH HOUSING AUTHORITY,Special District,HOUSING AND COMMUNITY DEVELOPMENT,,1445 AVALON ST,OFFICE,KLAMATH FALLS,OR,97603,4498,klamathhousing.org,Klamath Housing Authority
207091,41,035,,KLAMATH,BONANZA BIG SPRINGS PARKS AND RECREATION DISTRICT,Special District,PARKS AND RECREATION,,PO BOX 383,,BONANZA,OR,97623,0383,,Bonanza Big Springs Parks And Recreation District
207092,41,035,,KLAMATH,KENO RURAL FIRE PROTECTION DISTRICT,Special District,LOCAL FIRE PROTECTION,,PO BOX 10,,KENO,OR,97627,0010,http://www.kenofire.com,Keno Rural Fire Protection District
218176,41,035,,KLAMATH,MODOC POINT SANITARY DISTRICT,Special District,SEWERAGE,,24515 MODOC POINT RD,,CHILOQUIN,OR,97624,6753,,Modoc Point Sanitary District
218177,41,035,,KLAMATH,TWO RIVERS NORTH SPECIAL ROAD DISTRICT,Special District,HIGHWAYS,,PO BOX 123,,CRESCENT,OR,97733,0123,,Two Rivers North Special Road District
218183,41,035,,KLAMATH,GREEN KNOLLS SPECIAL ROAD DISTRICT,Special District,HIGHWAYS,,1710 ALISA LN,,KLAMATH FALLS,OR,97601,9368,,Green Knolls Special Road District
218184,41,035,,KLAMATH,PINE GROVE WATER DISTRICT-KLAMATH FALLS,Special District,WATER SUPPLY UTILITY,,3700 GORDON ST,,KLAMATH FALLS,OR,97603,6411,,Pine Grove Water District-Klamath Falls
218192,41,035,,KLAMATH,MIDLAND COMMUNITY PARK DISTRICT,Special District,PARKS AND RECREATION,,PO BOX 40,,MIDLAND,OR,97634,0040,,Midland Community Park District
218203,41,035,,KLAMATH,KLAMATH COUNTY RURAL FIRE PROTECTION DISTRICT 3,Special District,LOCAL FIRE PROTECTION,,PO BOX 51,,SPRAGUE RIVER,OR,97639,0051,,Klamath County Rural Fire Protection District 3
219973,41,035,,KLAMATH,KLAMATH COUNTY LIBRARY SERVICE DISTRICT,Special District,LIBRARIES,,126 S 3RD ST,,KLAMATH FALLS,OR,97601,6319,http://www.klamathlibrary.plinkit.org,Klamath County Library Service District
220003,41,035,,KLAMATH,CENTRAL CASCADES FIRE AND EMS DISTRICT,Special District,LOCAL FIRE PROTECTION,,PO BOX 1065,,CRESCENT LAKE,OR,97733,7044,,Central Cascades Fire And Ems District
239803,41,035,,KLAMATH,SOUTH CENTRAL OREGON ECONOMIC DEV DIST,Special District,OTHER MULTI-FUNCTION DISTRICTS,,PO BOX 1529,,KLAMATH FALLS,OR,97601,0155,,South Central Oregon Economic Dev Dist
239804,41,035,,KLAMATH,FALCON HEIGHTS WATER & SEWER DISTRICT,Special District,SEWERAGE AND WATER SUPPLY,,2115 ORCHARD AVE,,KLAMATH FALLS,OR,97601,3260,,Falcon Heights Water & Sewer District
249978,41,035,,KLAMATH,GOLDFINCH ROAD DISTRICT,Special District,HIGHWAYS,,11558 FISHER ST,,BONANZA,OR,97623,,HTTPS://WWW.KLAMATHCOUNTY.ORG/653/GOLDFINCH-SPECIAL-ROAD-DISTRICT,Goldfinch Road District
111708,41,037,,LAKE,CHRISTMAS VALLEY PARKS AND RECREATION DISTRICT,Special District,OTHER MULTI-FUNCTION DISTRICTS,,PO BOX 181,,CHRISTMAS VALLEY,OR,97641,0181,,Christmas Valley Parks And Recreation District
133334,41,037,,LAKE,SILVER LAKE RURAL FIRE PROTECTION DISTRICT,Special District,LOCAL FIRE PROTECTION,,PO BOX 96,,SILVER LAKE,OR,97638,0096,,Silver Lake Rural Fire Protection District
133336,41,037,,LAKE,LAKEVIEW RURAL FIRE PROTECTION DISTRICT,Special District,LOCAL FIRE PROTECTION,,PO BOX 863,,LAKEVIEW,OR,97630,0034,,Lakeview Rural Fire Protection District
154846,41,037,,LAKE,FORT ROCK SILVER LAKE SOIL AND WATER CONSERVATION DISTRICT,Special District,SOIL AND WATER CONSERVATION,,17612 HIGHWAY 395,,LAKEVIEW,OR,97630,9112,,Fort Rock Silver Lake Soil And Water Conservation District
154847,41,037,,LAKE,NEW PINE CREEK RURAL FIRE PROTECTION DISTRICT,Special District,LOCAL FIRE PROTECTION,,PO BOX 111,,NEW PINE CREEK,OR,97635,0111,,New Pine Creek Rural Fire Protection District
154848,41,037,,LAKE,SILVER LAKE IRRIGATION DISTRICT,Special District,WATER SUPPLY UTILITY,,PO BOX 97,,SILVER LAKE,OR,97638,0097,,Silver Lake Irrigation District
154851,41,037,,LAKE,THOMAS CREEK WEST SIDE RURAL FIRE PROTECTION DISTRICT,Special District,LOCAL FIRE PROTECTION,,PO BOX 425,,LAKEVIEW,OR,97630,0016,,Thomas Creek West Side Rural Fire Protection District
154852,41,037,,LAKE,LAKE COUNTY CEMETERY MAINTENANCE DISTRICT,Special District,CEMETERIES,,928 MILLVIEW ST,,LAKEVIEW,OR,97630,1153,,Lake County Cemetery Maintenance District
154853,41,037,,LAKE,LAKE HEALTH DISTRICT,Special District,HOSPITALS,,700 S J ST,,LAKEVIEW,OR,97630,1623,http://www.lakehealthdistrict.org,Lake Health District
154855,41,037,,LAKE,CHRISTMAS VALLEY DOMESTIC WATER SUPPLY DISTRICT,Special District,WATER SUPPLY UTILITY,,PO BOX 142,,CHRISTMAS VALLEY,OR,97641,0142,,Christmas Valley Domestic Water Supply District
154856,41,037,,LAKE,CHRISTMAS VALLEY RURAL FIRE PROTECTION DISTRICT,Special District,LOCAL FIRE PROTECTION,,PO BOX 75,,CHRISTMAS VALLEY,OR,97641,0075,,Christmas Valley Rural Fire Protection District
191311,41,037,,LAKE,LAKE COUNTY LIBRARY DISTRICT,Special District,LIBRARIES,,26 S G ST,,LAKEVIEW,OR,97630,1818,http://www.lakecountylibrary.org,Lake County Library District
198514,41,037,,LAKE,NORTH LAKE HEALTH DISTRICT,Special District,HEALTH,,PO BOX 844,,CHRISTMAS VALLEY,OR,97641,0844,,North Lake Health District
205238,41,037,,LAKE,LAKEVIEW SOIL AND WATER CONSERVATION DISTRICT,Special District,SOIL AND WATER CONSERVATION,,17612 HIGHWAY 395,,LAKEVIEW,OR,97630,9112,,Lakeview Soil And Water Conservation District
207093,41,037,,LAKE,SUMMER LAKE IRRIGATION DISTRICT,Special District,IRRIGATION,,PO BOX 99,,SUMMER LAKE,OR,97640,0099,,Summer Lake Irrigation District
218188,41,037,,LAKE,ADEL WATER IMPROVEMENT DISTRICT,Special District,OTHER NATURAL RESOURCES,,220 N G ST,,LAKEVIEW,OR,97630,1418,,Adel Water Improvement District
111710,41,039,,LANE,MAPLETON WATER DISTRICT,Special District,WATER SUPPLY UTILITY,,PO BOX 435,,MAPLETON,OR,97453,0435,,Mapleton Water District
111711,41,039,,LANE,SANTA CLARA WATER DISTRICT,Special District,WATER SUPPLY UTILITY,,880 BELTLINE RD,,SPRINGFIELD,OR,97477,1091,,Santa Clara Water District
111713,41,039,,LANE,FERN RIDGE LIBRARY DISTRICT,Special District,LIBRARIES,,PO BOX 397,,VENETA,OR,97487,0397,http://www.fernridgelibrary.org,Fern Ridge Library District
111714,41,039,,LANE,DEXTER SANITARY DISTRICT,Special District,SEWERAGE,,PO BOX 90,,DEXTER,OR,97431,0090,,Dexter Sanitary District
111716,41,039,,LANE,MAPLETON RURAL FIRE PROTECTION DISTRICT,Special District,LOCAL FIRE PROTECTION,,PO BOX 362,,MAPLETON,OR,97453,0362,,Mapleton Rural Fire Protection District
111718,41,039,,LANE,SIUSLAW SOIL AND WATER CONSERVATION DISTRICT,Special District,SOIL AND WATER CONSERVATION,,1775 LAUREL WAY,# 4,FLORENCE,OR,97439,8485,http://www.siuswcd.com,Siuslaw Soil And Water Conservation District
111720,41,039,,LANE,DEARBORN WATER CONTROL DISTRICT,Special District,FLOOD CONTROL,,91535 DEARBORN ISLAND RD,,BLUE RIVER,OR,97413,9703,,Dearborn Water Control District
111721,41,039,,LANE,RIVER ROAD WATER CONTROL DISTRICT,Special District,WATER SUPPLY UTILITY,,PO BOX 10,,JUNCTION CITY,OR,97448,0010,,River Road Water Control District
111722,41,039,,LANE,DEXTER RURAL FIRE PROTECTION DISTRICT,Special District,LOCAL FIRE PROTECTION,,PO BOX 67,,DEXTER,OR,97431,0067,http://www.dexterorfd.samariteam.com/default.aspx,Dexter Rural Fire Protection District
111723,41,039,,LANE,SHANGRI LA WATER DISTRICT,Special District,WATER SUPPLY UTILITY,,PO BOX 67,,WALTERVILLE,OR,97489,0067,,Shangri La Water District
133337,41,039,,LANE,MARCOLA WATER DISTRICT,Special District,WATER SUPPLY UTILITY,,PO BOX 8,,SPRINGFIELD,OR,97477,0008,,Marcola Water District
133338,41,039,,LANE,RIVER ROAD WATER DISTRICT,Special District,FIRE PROTECTION AND WATER SUPPLY,,105 OAKLEIGH LN,,EUGENE,OR,97404,3227,,River Road Water District
133341,41,039,,LANE,EMERALD PEOPLES UTILITY DISTRICT,Special District,ELECTRIC POWER UTILITY,,33733 SEAVEY LOOP RD,,EUGENE,OR,97405,9602,http://www.epud.org/,Emerald Peoples Utility District
139707,41,039,,LANE,UPPER MCKENZIE RURAL FIRE PROTECTION DISTRICT,Special District,LOCAL FIRE PROTECTION,,56578 MCKENZIE HIGHWAY,,MCKENZIE BRIDGE,OR,97413,0388,,Upper Mckenzie Rural Fire Protection District
154857,41,039,,LANE,COBURG RURAL FIRE PROTECTION DISTRICT,Special District,LOCAL FIRE PROTECTION,,PO BOX 8345,,COBURG,OR,97408,1314,,Coburg Rural Fire Protection District
154859,41,039,,LANE,JUNCTION CITY RURAL FIRE PROTECTION DISTRICT,Special District,LOCAL FIRE PROTECTION,,1755 JUNIPER ST,,JUNCTION CITY,OR,97448,1974,http://www.jcfire.org,Junction City Rural Fire Protection District
154860,41,039,,LANE,PORT OF SIUSLAW,Special District,OTHER MULTI-FUNCTION DISTRICTS,,100 HARBOR ST,,FLORENCE,OR,97439,0060,http://www.portofsiuslaw.com,Port Of Siuslaw
154861,41,039,,LANE,RAINBOW WATER AND FIRE DISTRICT,Special District,WATER SUPPLY UTILITY,,PO BOX 8,,SPRINGFIELD,OR,97477,0008,http://www.rwdonline.net,Rainbow Water And Fire District
154862,41,039,,LANE,RIVER ROAD PARKS AND RECREATION DISTRICT,Special District,PARKS AND RECREATION,,1400 LAKE DR,,EUGENE,OR,97404,2833,http://WWW.RRPARK.ORG,River Road Parks And Recreation District
154863,41,039,,LANE,SANTA CLARA RURAL FIRE PROTECTION DISTRICT,Special District,LOCAL FIRE PROTECTION,,2600 RIVER RD,,EUGENE,OR,97404,2069,,Santa Clara Rural Fire Protection District
154864,41,039,,LANE,SIUSLAW RURAL FIRE PROTECTION DISTRICT 1,Special District,LOCAL FIRE PROTECTION,,2625 HIGHWAY 101,,FLORENCE,OR,97439,9702,http://www.svfr.org,Siuslaw Rural Fire Protection District 1
154865,41,039,,LANE,SOUTH LANE COUNTY FIRE AND RESCUE,Special District,LOCAL FIRE PROTECTION,,233 E HARRISON AVE,,COTTAGE GROVE,OR,97424,2473,http://www.southlandfire.org,South Lane County Fire And Rescue
154866,41,039,,LANE,ZUMWALT RURAL FIRE PROTECTION DISTRICT 1,Special District,LOCAL FIRE PROTECTION,,PO BOX 2987,,EUGENE,OR,97402,0341,,Zumwalt Rural Fire Protection District 1
154867,41,039,,LANE,SIUSLAW PUBLIC LIBRARY DISTRICT,Special District,LIBRARIES,,1460 9TH ST,,FLORENCE,OR,97439,9427,http://www.siuslawlibrary.org,Siuslaw Public Library District
154871,41,039,,LANE,LAKE CREEK RURAL FIRE PROTECTION DISTRICT,Special District,LOCAL FIRE PROTECTION,,PO BOX 54,,BLACHLY,OR,97412,0054,,Lake Creek Rural Fire Protection District
154872,41,039,,LANE,BLUE RIVER PARKS AND RECREATION DISTRICT,Special District,PARKS AND RECREATION,,PO BOX 292,,BLUE RIVER,OR,97413,0292,,Blue River Parks And Recreation District
154875,41,039,,LANE,MCKENZIE FIRE AND RESCUE DISTRICT,Special District,LOCAL FIRE PROTECTION,,42870 MCKENZIE HWY,,WALTERVILLE,OR,97489,9631,http://www.mckenziefire.com,Mckenzie Fire And Rescue District
154876,41,039,,LANE,CRESWELL WATER CONTROL DISTRICT,Special District,FLOOD CONTROL,,P.O. BOX 194,,CRESWELL,OR,97426,0194,,Creswell Water Control District
154877,41,039,,LANE,JUNCTION CITY WATER CONTROL DISTRICT,Special District,OTHER MULTI-FUNCTION DISTRICTS,,95282 HIGHWAY 99 E,,JUNCTION CITY,OR,97448,9680,,Junction City Water Control District
154879,41,039,,LANE,BLUE RIVER WATER DISTRICT,Special District,WATER SUPPLY UTILITY,,PO BOX 292,,BLUE RIVER,OR,97413,0292,,Blue River Water District
154881,41,039,,LANE,WESTRIDGE WATER DISTRICT,Special District,WATER SUPPLY UTILITY,,77013 WESTRIDGE AVE.,,WESTFIR,OR,97492,9723,,Westridge Water District
154884,41,039,,LANE,BAILEY SPENCER RURAL FIRE PROTECTION DISTRICT,Special District,LOCAL FIRE PROTECTION,,86501 LORANE HWY,,EUGENE,OR,97405,9212,,Bailey Spencer Rural Fire Protection District
154886,41,039,,LANE,MCKENZIE PALISADES WATER SUPPLY DISTRICT,Special District,WATER SUPPLY UTILITY,,PO BOX 64,,VIDA,OR,97488,0064,,Mckenzie Palisades Water Supply District
154887,41,039,,LANE,PLEASANT HILL RURAL FIRE PROTECTION DISTRICT,Special District,LOCAL FIRE PROTECTION,,36024 HIGHWAY 58,,PLEASANT HILL,OR,97455,9680,,Pleasant Hill Rural Fire Protection District
154888,41,039,,LANE,SWISSHOME DEADWOOD RURAL FIRE PROTECTION DISTRICT,Special District,LOCAL FIRE PROTECTION,,PO BOX 10,,SWISSHOME,OR,97480,0010,,Swisshome Deadwood Rural Fire Protection District
154889,41,039,,LANE,WILLAKENZIE RURAL FIRE PROTECTION DISTRICT,Special District,LOCAL FIRE PROTECTION,,89899 COBURG RD,,EUGENE,OR,97408,9462,,Willakenzie Rural Fire Protection District
187160,41,039,,LANE,WESTERN LANE AMBULANCE DISTRICT,Special District,HEALTH,,PO BOX 2690,,FLORENCE,OR,97439,0100,http://www.wlambulance.com,Western Lane Ambulance District
187161,41,039,,LANE,MOHAWK VALLEY RURAL FIRE PROTECTION DISTRICT,Special District,LOCAL FIRE PROTECTION,,PO BOX 718,,MARCOLA,OR,97454,0718,http://www.mohawkvalleyfire.com,Mohawk Valley Rural Fire Protection District
187162,41,039,,LANE,LOWELL RURAL FIRE PROTECTION DISTRICT,Special District,LOCAL FIRE PROTECTION,,389 N PIONEER ST,,LOWELL,OR,97452,9745,http://www.lowellfiredistrict.org,Lowell Rural Fire Protection District
192870,41,039,,LANE,LORANE RURAL FIRE PROTECTION DISTRICT,Special District,LOCAL FIRE PROTECTION,,PO BOX 39,,LORANE,OR,97451,0039,,Lorane Rural Fire Protection District
195966,41,039,,LANE,LANE FIRE AUTHORITY,Special District,LOCAL FIRE PROTECTION,,88050 TERRITORIAL ROAD,,VENETA,OR,97487,0398,http://www.lanefire.org,Lane Fire Authority
202448,41,039,,LANE,LANE TRANSIT DISTRICT,Special District,PUBLIC MASS TRANSIT UTILITY,,PO BOX 7070,,EUGENE,OR,97401,,http://www.ltd.org/,Lane Transit District
205239,41,039,,LANE,GLENWOOD WATER DISTRICT,Special District,FIRE PROTECTION AND WATER SUPPLY,,PO BOX 562,,SPRINGFIELD,OR,97477,0080,,Glenwood Water District
205240,41,039,,LANE,UPPER WILLAMETTE SOIL & WATER CONSERVATION DISTRICT,Special District,SOIL AND WATER CONSERVATION,,780 BAILEY HILL RD,SUITE 5,EUGENE,OR,97402,5465,http://www.uwswcd.org,Upper Willamette Soil & Water Conservation District
207094,41,039,,LANE,WILLAMALANE PARKS AND RECREATION DISTRICT,Special District,PARKS AND RECREATION,,250 S 32ND ST,,SPRINGFIELD,OR,97478,6302,willamalane.org,Willamalane Parks And Recreation District
207095,41,039,,LANE,LE BLEU SPECIAL ROAD DISTRICT,Special District,HIGHWAYS,,30237 LE BLEU RD,,EUGENE,OR,97405,9488,,Le Bleu Special Road District
207096,41,039,,LANE,EUGENE RURAL FIRE PROTECTION DISTRICT 1,Special District,LOCAL FIRE PROTECTION,,85201 CHRISTENSEN RD,,EUGENE,OR,97405,9503,,Eugene Rural Fire Protection District 1
207097,41,039,,LANE,HECETA WATER DISTRICT,Special District,WATER SUPPLY UTILITY,,87845 HIGHWAY 101,,FLORENCE,OR,97439,8864,http://HECETAWATERDISTRICT.COM,Heceta Water District
211949,41,039,,LANE,GOSHEN RURAL FIRE PROTECTION DISTRICT,Special District,LOCAL FIRE PROTECTION,,85880 1ST ST,,EUGENE,OR,97405,9694,,Goshen Rural Fire Protection District
218178,41,039,,LANE,LANE LIBRARY DISTRICT,Special District,LIBRARIES,,PO BOX 366,,CRESWELL,OR,97426,0366,http://www.creswelllibrary.org,Lane Library District
218194,41,039,,LANE,HAZELDELL RURAL FIRE DISTRICT,Special District,LOCAL FIRE PROTECTION,,PO BOX 717,,OAKRIDGE,OR,97463,0717,http://www.hazeldellrfd.org,Hazeldell Rural Fire District
239805,41,039,,LANE,WEST LANE EMERGENCY OPERATIONS GROUP,Special District,OTHER MULTI-FUNCTION DISTRICTS,,2625 HIGHWAY 101,,FLORENCE,OR,97439,9702,,West Lane Emergency Operations Group
239806,41,039,,LANE,REGIONAL FIBER CONSORTIUM,Special District,OTHER MULTI-FUNCTION DISTRICTS,,225 5TH ST,,SPRINGFIELD,OR,97477,4671,,Regional Fiber Consortium
239807,41,039,,LANE,ROW RIVER VALLEY WATER DISTRICT,Special District,WATER SUPPLY UTILITY,,PO BOX 1,,DORENA,OR,97434,0001,,Row River Valley Water District
249704,41,039,,LANE,WESTERN LANE FIRE AND EMS AUTHORITY,Special District,LOCAL FIRE PROTECTION,,2625 HWY 101,,FLORENCE,OR,97439,,http://www.wlfea.org/,Western Lane Fire And Ems Authority
111724,41,041,,LINCOLN,MILL FOUR DRAINAGE DISTRICT,Special District,DRAINAGE,,PO BOX 148,,TOLEDO,OR,97391,0148,,Mill Four Drainage District
111725,41,041,,LINCOLN,BAYSHORE ROAD DISTRICT,Special District,HIGHWAYS,,PO BOX 577,,WALDPORT,OR,97394,0577,,Bayshore Road District
111726,41,041,,LINCOLN,MAKAI SPECIAL ROAD DISTRICT,Special District,HIGHWAYS,,PO BOX 201,,SEAL ROCK,OR,97376,,,Makai Special Road District
111727,41,041,,LINCOLN,GLENEDEN BEACH LIGHT DISTRICT,Special District,HIGHWAYS,,PO BOX 31,,GLENEDEN BEACH,OR,97388,0031,,Gleneden Beach Light District
111729,41,041,,LINCOLN,EAST LINCOLN COUNTY FIRE AND RESCUE DISTRICT,Special District,LOCAL FIRE PROTECTION,,285 NE BURGESS RD,,TOLEDO,OR,97391,2222,,East Lincoln County Fire And Rescue District
133343,41,041,,LINCOLN,DEPOE BAY RURAL FIRE PROTECTION DISTRICT,Special District,LOCAL FIRE PROTECTION,,325 SW HWY 101,,DEPOE BAY,OR,97341,0280,http://www.depoebayfire.com,Depoe Bay Rural Fire Protection District
133344,41,041,,LINCOLN,KERNVILLE GLENEDEN BEACH LINCOLN BEACH WATER DISTRICT,Special District,WATER SUPPLY UTILITY,,PO BOX 96,,GLENEDEN BEACH,OR,97388,0096,,Kernville Gleneden Beach Lincoln Beach Water District
133345,41,041,,LINCOLN,NEWPORT RURAL FIRE PROTECTION DISTRICT,Special District,LOCAL FIRE PROTECTION,,PO BOX 923,,NEWPORT,OR,97365,0070,,Newport Rural Fire Protection District
133346,41,041,,LINCOLN,SEAL ROCK WATER DISTRICT,Special District,WATER SUPPLY UTILITY,,PO BOX 190,PO BOX 190,SEAL ROCK,OR,97376,0190,http://www.srwd.org,Seal Rock Water District
133347,41,041,,LINCOLN,BELLE MER SIGL TRACTS ROAD DISTRICT,Special District,HIGHWAYS,,296 BELLA BEACH DR,,DEPOE BAY,OR,97341,9613,,Belle Mer Sigl Tracts Road District
133348,41,041,,LINCOLN,GLENEDEN BEACH SPECIAL ROAD DISTRICT,Special District,HIGHWAYS,,PO BOX 31,,GLENEDEN BEACH,OR,97388,0031,,Gleneden Beach Special Road District
133349,41,041,,LINCOLN,LOST CREEK PARK SPECIAL ROAD DISTRICT,Special District,HIGHWAYS,,346 SE 127TH DR,,SOUTH BEACH,OR,97366,9739,,Lost Creek Park Special Road District
133350,41,041,,LINCOLN,WESTWOOD VILLAGE SPECIAL ROAD DISTRICT,Special District,HIGHWAYS,,P.O.BOX 178,,TIDEWATER,OR,97390,9708,,Westwood Village Special Road District
133352,41,041,,LINCOLN,DEVILS LAKE WATER IMPROVEMENT DISTRICT,Special District,OTHER NATURAL RESOURCES,,PO BOX 974,,LINCOLN CITY,OR,97367,0974,http://www.dlwid.org,Devils Lake Water Improvement District
133353,41,041,,LINCOLN,CARMEL BEACH WATER DISTRICT,Special District,WATER SUPPLY UTILITY,,9948 NE AVERY ST,,NEWPORT,OR,97365,9531,,Carmel Beach Water District
133354,41,041,,LINCOLN,SEAL ROCK RURAL FIRE PROTECTION DISTRICT,Special District,LOCAL FIRE PROTECTION,,PO BOX 92,,SEAL ROCK,OR,97376,0092,http://www.sealrockfire.com,Seal Rock Rural Fire Protection District
133355,41,041,,LINCOLN,PANTHER CREEK WATER DISTRICT,Special District,WATER SUPPLY UTILITY,,PO BOX 171,,OTIS,OR,97368,0171,http://www.panthercreekwater.org,Panther Creek Water District
154890,41,041,,LINCOLN,BEVERLY BEACH WATER DISTRICT,Special District,WATER SUPPLY UTILITY,,PO BOX 576,,NEWPORT,OR,97365,0042,,Beverly Beach Water District
154892,41,041,,LINCOLN,HOUSING AUTHORITY OF LINCOLN COUNTY,Special District,HOUSING AND COMMUNITY DEVELOPMENT,,PO BOX 1470,,NEWPORT,OR,97365,0112,http://www.halc.info,Housing Authority Of Lincoln County
154894,41,041,,LINCOLN,PORT OF ALSEA,Special District,SEA AND INLAND PORT FACILITIES,,PO BOX 1060,,WALDPORT,OR,97394,1060,http://WWW.PORTOFALSEA.COM,Port Of Alsea
154895,41,041,,LINCOLN,PORT OF NEWPORT,Special District,SEA AND INLAND PORT FACILITIES,,600 SE BAY BLVD,,NEWPORT,OR,97365,4338,http://WWW.PORTOFNEWPORT.COM,Port Of Newport
154896,41,041,,LINCOLN,PORT OF TOLEDO,Special District,SEA AND INLAND PORT FACILITIES,,PO BOX 428,,TOLEDO,OR,97391,0428,http://www.portoftoledo.org,Port Of Toledo
154898,41,041,,LINCOLN,YACHATS RURAL FIRE PROTECTION DISTRICT,Special District,LOCAL FIRE PROTECTION,,PO BOX 1,,YACHATS,OR,97498,0001,,Yachats Rural Fire Protection District
154899,41,041,,LINCOLN,LOWER SILETZ WATER DISTRICT,Special District,WATER SUPPLY UTILITY,,1545 SILETZ HWY,,LINCOLN CITY,OR,97367,9767,,Lower Siletz Water District
154902,41,041,,LINCOLN,BOULDER CREEK RETREAT SPECIAL ROAD DISTRICT,Special District,HIGHWAYS,,PO BOX 284,,OTIS,OR,97368,0284,,Boulder Creek Retreat Special Road District
154903,41,041,,LINCOLN,LAKE POINT SPECIAL ROAD DISTRICT,Special District,HIGHWAYS,,PO BOX 603,,NEOTSU,OR,97364,0603,,Lake Point Special Road District
154904,41,041,,LINCOLN,LITTLE SWITZERLAND SPECIAL ROAD DISTRICT,Special District,HIGHWAYS,,PO BOX 152,,TIDEWATER,OR,97390,0152,,Little Switzerland Special Road District
154905,41,041,,LINCOLN,PANTHER CREEK SPECIAL ROAD DISTRICT,Special District,HIGHWAYS,,7500 SE RAMONA ST,,PORTLAND,OR,97206,5831,,Panther Creek Special Road District
154907,41,041,,LINCOLN,STARR CREEK SPECIAL ROAD DISTRICT,Special District,HIGHWAYS,,2785 NE STARR CREEK RD,,YACHATS,OR,97498,9401,,Starr Creek Special Road District
154908,41,041,,LINCOLN,SANDPIPER VILLAGE SPECIAL ROAD DISTRICT,Special District,HIGHWAYS,,PO BOX 1981,,WALDPORT,OR,97394,1981,http://www.svsrd.org,Sandpiper Village Special Road District
154910,41,041,,LINCOLN,MIROCO SPECIAL ROAD DISTRICT,Special District,HIGHWAYS,,PO BOX 712,,DEPOE BAY,OR,97341,0712,,Miroco Special Road District
154912,41,041,,LINCOLN,LINCOLN COUNTY SOIL AND WATER CONSERVATION DISTRICT,Special District,SOIL AND WATER CONSERVATION,,411 NE AVERY ST SUIT B,,NEWPORT,OR,97365,3122,http://www.lincolnswcd.org,Lincoln County Soil And Water Conservation District
154913,41,041,,LINCOLN,SALISHAN SANITARY DISTRICT,Special District,SEWERAGE,,PO BOX 219,,GLENEDEN BEACH,OR,97388,0219,,Salishan Sanitary District
154914,41,041,,LINCOLN,SILETZ RURAL FIRE PROTECTION DISTRICT,Special District,LOCAL FIRE PROTECTION,,PO BOX 380,,SILETZ,OR,97380,0380,,Siletz Rural Fire Protection District
154916,41,041,,LINCOLN,NORTH LINCOLN HEALTH DISTRICT,Special District,HOSPITALS,,PO BOX 658,,LINCOLN CITY,OR,97367,0658,,North Lincoln Health District
154918,41,041,,LINCOLN,SILETZ KEYS SANITARY DISTRICT,Special District,SEWERAGE,,PO BOX 303,,GLENEDEN BEACH,OR,97388,0303,,Siletz Keys Sanitary District
154919,41,041,,LINCOLN,GLENEDEN SANITARY DISTRICT,Special District,SEWERAGE,,PO BOX 96,,GLENEDEN BEACH,OR,97388,0096,http://www.glenedensanitary.com/,Gleneden Sanitary District
154920,41,041,,LINCOLN,PACIFIC COMMUNITIES HEALTH DISTRICT,Special District,HOSPITALS,,PO BOX 873,,NEWPORT,OR,97365,0066,,Pacific Communities Health District
187163,41,041,,LINCOLN,FOR FAR SPECIAL ROAD DISTRICT,Special District,HIGHWAYS,,60 SE 118TH ST,,SOUTH BEACH,OR,97366,9731,,For Far Special Road District
191314,41,041,,LINCOLN,LINCOLN COUNTY DRAINAGE DISTRICT 1,Special District,DRAINAGE,,40 WESTERN LOOP,,TOLEDO,OR,97391,9606,,Lincoln County Drainage District 1
198780,41,041,,LINCOLN,CENTRAL OREGON COAST FIRE AND RESCUE DISTRICT,Special District,LOCAL FIRE PROTECTION,,PO BOX 505,,WALDPORT,OR,97394,0505,http://www.centralcoastfire.net,Central Oregon Coast Fire And Rescue District
198781,41,041,,LINCOLN,BEAR VALLEY SPECIAL ROAD DISTRICT,Special District,HIGHWAYS,,PO BOX 304,,OTIS,OR,97368,0304,,Bear Valley Special Road District
198782,41,041,,LINCOLN,IDAHO POINT SPECIAL ROAD DISTRICT,Special District,HIGHWAYS,,PO BOX 674,,SOUTH BEACH,OR,97366,0674,,Idaho Point Special Road District
198783,41,041,,LINCOLN,SALMON RIVER PARK SPECIAL ROAD DISTRICT,Special District,HIGHWAYS,,PO BOX 447,,NEOTSU,OR,97364,0447,,Salmon River Park Special Road District
198784,41,041,,LINCOLN,SURFLAND SPECIAL ROAD DISTRICT,Special District,HIGHWAYS,,7350 SW ABALONE ST,,SOUTH BEACH,OR,97366,,https://www.surflandhoa.org,Surfland Special Road District
202449,41,041,,LINCOLN,CENTRAL LINCOLN PEOPLES UTILITY DISTRICT,Special District,ELECTRIC POWER UTILITY,,PO BOX 1126,,NEWPORT,OR,97365,0090,http://www.clpud.org/,Central Lincoln Peoples Utility District
202450,41,041,,LINCOLN,SOUTHWEST LINCOLN COUNTY WATER PEOPLE'S UTILITY DISTRICT,Special District,WATER SUPPLY UTILITY,,PO BOX 368,,WALDPORT,OR,97394,0368,,Southwest Lincoln County Water People'S Utility District
207098,41,041,,LINCOLN,NORTH LINCOLN FIRE AND RESCUE DISTRICT 1,Special District,LOCAL FIRE PROTECTION,,PO BOX 200,,LINCOLN CITY,OR,97367,0200,,North Lincoln Fire And Rescue District 1
207099,41,041,,LINCOLN,LINCOLN COUNTY LIBRARY DISTRICT,Special District,LIBRARIES,,PO BOX 2027,,NEWPORT,OR,97365,0144,http://www.lcldinfo.wikispaces.com,Lincoln County Library District
207100,41,041,,LINCOLN,PACIFIC SHORES ROAD DISTRICT,Special District,HIGHWAYS,,111 SW 89TH ST.,,SOUTH BEACH,OR,97366,9712,,Pacific Shores Road District
207101,41,041,,LINCOLN,OTTER ROCK WATER DISTRICT,Special District,WATER SUPPLY UTILITY,,6515 GLADYS AVE,,OTTER ROCK,OR,97369,9721,,Otter Rock Water District
214720,41,041,,LINCOLN,LINCOLN COUNTY TRANSPORTATION DISTRICT,Special District,PUBLIC MASS TRANSIT UTILITY,,410 NE HARNEY ST,,NEWPORT,OR,97365,2898,http://www.co.lincoln.or.us/transit/index.html,Lincoln County Transportation District
214746,41,041,,LINCOLN,CALIFORNIA STREET SPECIAL ROAD DISTRICT,Special District,HIGHWAYS,,PO BOX 2325,,WALDPORT,OR,97394,2325,,California Street Special Road District
214762,41,041,,LINCOLN,LINCOLN CITY WATER DISTRICT,Special District,WATER SUPPLY UTILITY,,PO BOX 50,,LINCOLN CITY,OR,97367,0050,,Lincoln City Water District
218190,41,041,,LINCOLN,FUN RIVER IMPROVEMENT DISTRICT,Special District,OTHER NATURAL RESOURCES,,14770 NW WILD HAVEN LN,,MCMINNVILLE,OR,97128,8072,,Fun River Improvement District
218206,41,041,,LINCOLN,WRIGHT CREEK ROAD WATER IMPROVEMENT DISTRICT,Special District,WATER SUPPLY UTILITY,,317 WRIGHT CREEK RD,,TOLEDO,OR,97391,9504,,Wright Creek Road Water Improvement District
239808,41,041,,LINCOLN,SILVER SANDS SPECIAL ROAD DISTRICT,Special District,HIGHWAYS,,4938 NW SANDY DR,,SEAL ROCK,OR,97376,9607,,Silver Sands Special Road District
239809,41,041,,LINCOLN,LINCOLN CO SOLID WASTE DISPOSAL SVC DIST,Special District,SEWERAGE,,880 NE 7TH ST,,NEWPORT,OR,97365,2513,,Lincoln Co Solid Waste Disposal Svc Dist
249963,41,041,,LINCOLN,GREATER TOLEDO POOL AND RECREATION DISTRICT,Special District,PARKS AND RECREATION,,PO BOX 583,,TOLEDO,OR,97391,,HTTPS://GREATERTOLEDOPOOL.ORG/ABOUT-US/,Greater Toledo Pool And Recreation District
249989,41,041,,LINCOLN,SOUTHVIEW WATER IMPROVEMENT DISTRICT,Special District,OTHER NATURAL RESOURCES,,PO BOX 1508,,FLORENCE,OR,97439,,,Southview Water Improvement District
251562,41,041,,LINCOLN,BEAR CREEK HIDEOUT SPECIAL ROAD DISTRICT #2,Special District,HIGHWAYS,,393 NORTH STOCKTON AVE,,OTIS,OR,97368,,,Bear Creek Hideout Special Road District #2
251563,41,041,,LINCOLN,NEW BRIDGE SPECIAL ROAD DISTRICT,Special District,HIGHWAYS,,74 N NEW BRIDGE COURT,,OTIS,OR,97368,,,New Bridge Special Road District
111732,41,043,,LINN,HALSEY SHEDD RURAL FIRE PROTECTION DISTRICT,Special District,LOCAL FIRE PROTECTION,,PO BOX 409,,HALSEY,OR,97348,0409,,Halsey Shedd Rural Fire Protection District
111733,41,043,,LINN,SOUTH SANTIAM RIVER WATER CONTROL DISTRICT,Special District,OTHER NATURAL RESOURCES,,PO BOX 125,,JEFFERSON,OR,97352,0125,,South Santiam River Water Control District
111734,41,043,,LINN,LYONS MEHAMA WATER DISTRICT,Special District,WATER SUPPLY UTILITY,,PO BOX 134,,LYONS,OR,97358,0134,,Lyons Mehama Water District
111735,41,043,,LINN,LITTLE MUDDY CREEK WATER CONTROL DISTRICT,Special District,FLOOD CONTROL,,24532 ROWLAND RD,,HARRISBURG,OR,97446,9713,,Little Muddy Creek Water Control District
133356,41,043,,LINN,BROWNSVILLE RURAL FIRE PROTECTION DISTRICT,Special District,LOCAL FIRE PROTECTION,,PO BOX 189,,BROWNSVILLE,OR,97327,0189,http://www.brownsvillefire.com,Brownsville Rural Fire Protection District
133357,41,043,,LINN,CALAPOOIA IRRIGATION DISTRICT,Special District,IRRIGATION,,41519 RIDGEVIEW LN,,SWEET HOME,OR,97386,9589,,Calapooia Irrigation District
133358,41,043,,LINN,NORTH LEBANON WATER CONTROL DISTRICT,Special District,FLOOD CONTROL,,37960 KEEBLER LN,,LEBANON,OR,97355,9697,,North Lebanon Water Control District
133359,41,043,,LINN,SWEET HOME CEMETERY DISTRICT,Special District,CEMETERIES,,PO BOX 453,,SWEET HOME,OR,97386,0453,,Sweet Home Cemetery District
154923,41,043,,LINN,ALBANY RURAL FIRE PROTECTION DISTRICT,Special District,LOCAL FIRE PROTECTION,,PO BOX 2384,,ALBANY,OR,97321,0619,,Albany Rural Fire Protection District
154924,41,043,,LINN,HARRISBURG FIRE AND RESCUE DISTRICT,Special District,LOCAL FIRE PROTECTION,,PO BOX 241,,HARRISBURG,OR,97446,0241,http://www.harrisburgfire.org/default.htm,Harrisburg Fire And Rescue District
154925,41,043,,LINN,LACOMB IRRIGATION DISTRICT,Special District,OTHER MULTI-FUNCTION DISTRICTS,,PO BOX 2485,,LEBANON,OR,97355,0810,,Lacomb Irrigation District
154926,41,043,,LINN,LINN COUNTY SOIL AND WATER CONSERVATION DISTRICT,Special District,SOIL AND WATER CONSERVATION,,33935 HIGHWAY 99E,STE C,TANGENT,OR,97389,9721,http://www.linnswcd.oacd.org/,Linn County Soil And Water Conservation District
154927,41,043,,LINN,LYONS RURAL FIRE PROTECTION DISTRICT,Special District,LOCAL FIRE PROTECTION,,PO BOX 179,,LYONS,OR,97358,0179,http://www.lyonsrfd.org,Lyons Rural Fire Protection District
154928,41,043,,LINN,SCIO RURAL FIRE PROTECTION DISTRICT,Special District,LOCAL FIRE PROTECTION,,PO BOX 1,,SCIO,OR,97374,0001,http://www.sciofire.org,Scio Rural Fire Protection District
154929,41,043,,LINN,SWEET HOME FIRE AND AMBULANCE DISTRICT,Special District,LOCAL FIRE PROTECTION,,1099 LONG ST,,SWEET HOME,OR,97386,2118,http://www.sweethomefire.org,Sweet Home Fire And Ambulance District
154930,41,043,,LINN,OAKVILLE COMMUNITY PARK AND RECREATION DISTRICT,Special District,PARKS AND RECREATION,,31014 GREEN VALLEY RD,,SHEDD,OR,97377,9727,,Oakville Community Park And Recreation District
154932,41,043,,LINN,LINN BENTON HOUSING AUTHORITY,Special District,HOUSING AND COMMUNITY DEVELOPMENT,,1250 QUEEN AVE SW,,ALBANY,OR,97321,,,Linn Benton Housing Authority
154933,41,043,,LINN,DEVER CONNER WATER CONTROL DISTRICT,Special District,FLOOD CONTROL,,PO BOX 605,,ALBANY,OR,97321,0185,,Dever Conner Water Control District
191316,41,043,,LINN,STAYTON RURAL FIRE PROTECTION DISTRICT,Special District,LOCAL FIRE PROTECTION,,1988 W IDA ST,,STAYTON,OR,97383,1518,http://WWW.STAYTONFIRE.ORG,Stayton Rural Fire Protection District
205241,41,043,,LINN,LINN COUNTY EMERGENCY TELEPHONE AGENCY,Special District,OTHER SINGLE FUNCTION DISTRICTS,,1115 JACKSON ST SE,,ALBANY,OR,97322,3245,,Linn County Emergency Telephone Agency
207102,41,043,,LINN,TANGENT RURAL FIRE PROTECTION DISTRICT,Special District,LOCAL FIRE PROTECTION,,32053 BIRDFOOT DR,,TANGENT,OR,97389,9700,,Tangent Rural Fire Protection District
207103,41,043,,LINN,GRAND PRAIRIE WATER CONTROL DISTRICT,Special District,DRAINAGE,,712 9TH AVE SW,,ALBANY,OR,97321,2415,,Grand Prairie Water Control District
212895,41,043,,LINN,LEBANON RURAL FIRE PROTECTION DISTRICT,Special District,LOCAL FIRE PROTECTION,,1050 W OAK ST,,LEBANON,OR,97355,1769,http://www.lebanonfire.org,Lebanon Rural Fire Protection District
218189,41,043,,LINN,LEBANON AQUATIC DISTRICT,Special District,PARKS AND RECREATION,,1800 S 5TH ST,,LEBANON,OR,97355,2564,,Lebanon Aquatic District
111736,41,045,,MALHEUR,JORDAN VALLEY CEMETERY DISTRICT,Special District,CEMETERIES,,PO BOX 387,,JORDAN VALLEY,OR,97910,0387,,Jordan Valley Cemetery District
111737,41,045,,MALHEUR,OWYHEE IRRIGATION DISTRICT,Special District,IRRIGATION,,17 S 1ST ST,,NYSSA,OR,97913,3801,,Owyhee Irrigation District
111740,41,045,,MALHEUR,JUNTURA RURAL ROAD ASSESSMENT DISTRICT 4,Special District,HIGHWAYS,,230 N OREGON STREET,,ONTARIO,OR,97914,9603,,Juntura Rural Road Assessment District 4
133361,41,045,,MALHEUR,MALHEUR COUNTY SOIL AND WATER CONSERVATION DISTRICT,Special District,SOIL AND WATER CONSERVATION,,2925 SW 6TH AVE,STE 2,ONTARIO,OR,97914,4632,,Malheur County Soil And Water Conservation District
133362,41,045,,MALHEUR,MALHEUR DRAINAGE DISTRICT,Special District,DRAINAGE,,PO BOX 280,,ONTARIO,OR,97914,0280,,Malheur Drainage District
133363,41,045,,MALHEUR,OWYHEE DRAINAGE DISTRICT,Special District,DRAINAGE,,2472 HERITAGE DR,,NYSSA,OR,97913,5432,,Owyhee Drainage District
133368,41,045,,MALHEUR,PIONEER NURSING HOME HOSPITAL DISTRICT,Special District,HEALTH,,1060 D ST W,,VALE,OR,97918,1199,http://www.pnhvale.com,Pioneer Nursing Home Hospital District
154937,41,045,,MALHEUR,JORDAN VALLEY IRRIGATION DISTRICT,Special District,IRRIGATION,,3503 SACRAMENTO ST.,,AROCK,OR,97902,0102,,Jordan Valley Irrigation District
154938,41,045,,MALHEUR,NYSSA ARCADIA DRAINAGE DISTRICT,Special District,DRAINAGE,,PO BOX 1565,,NYSSA,OR,97913,0065,,Nyssa Arcadia Drainage District
154940,41,045,,MALHEUR,NYSSA ROAD ASSESSMENT DISTRICT 2,Special District,HIGHWAYS,,230 N OREGON ST,,ONTARIO,OR,97914,2445,,Nyssa Road Assessment District 2
154941,41,045,,MALHEUR,ONTARIO RURAL ROAD ASSESSMENT DISTRICT 3,Special District,HIGHWAYS,,PO BOX 99,,ONTARIO,OR,97914,0099,,Ontario Rural Road Assessment District 3
154942,41,045,,MALHEUR,OWYHEE CEMETERY MAINTENANCE DISTRICT,Special District,CEMETERIES,,PO BOX 122,,ADRIAN,OR,97901,0122,,Owyhee Cemetery Maintenance District
154944,41,045,,MALHEUR,VALLEY VIEW DRAINAGE DISTRICT,Special District,DRAINAGE,,3761 ALAMEDA DR,,ONTARIO,OR,97914,8839,,Valley View Drainage District
154945,41,045,,MALHEUR,WARM SPRINGS IRRIGATION DISTRICT,Special District,NATURAL RESOURCES AND WATER SUPPLY,,334 MAIN ST N,,VALE,OR,97918,1247,,Warm Springs Irrigation District
154946,41,045,,MALHEUR,MALHEUR MEMORIAL HEALTH DISTRICT,Special District,HOSPITALS,,1101 PARK AVE,,NYSSA,OR,97913,3442,,Malheur Memorial Health District
154947,41,045,,MALHEUR,FAIRVIEW CEMETERY MAINTENANCE DISTRICT,Special District,CEMETERIES,,417 ANNEX RD,,ONTARIO,OR,97914,8011,,Fairview Cemetery Maintenance District
154948,41,045,,MALHEUR,ONTARIO RURAL FIRE PROTECTION DISTRICT,Special District,LOCAL FIRE PROTECTION,,444 SW 4TH ST,,ONTARIO,OR,97914,3401,,Ontario Rural Fire Protection District
154949,41,045,,MALHEUR,IRONSIDE RURAL ROAD ASSESSMENT DISTRICT 5,Special District,HIGHWAYS,,6177 HIGHWAY 26,,IRONSIDE,OR,97908,7300,,Ironside Rural Road Assessment District 5
154950,41,045,,MALHEUR,DELL BROGAN CEMETERY DISTRICT,Special District,CEMETERIES,,PO BOX 5,,JAMIESON,OR,97909,0005,,Dell Brogan Cemetery District
154951,41,045,,MALHEUR,IRONSIDE CEMETERY MAINTENANCE DISTRICT,Special District,CEMETERIES,,6192 HIGHWAY 26,,IRONSIDE,OR,97908,7300,,Ironside Cemetery Maintenance District
187165,41,045,,MALHEUR,NYSSA RURAL FIRE PROTECTION DISTRICT 1,Special District,LOCAL FIRE PROTECTION,,PO BOX 1585,,NYSSA,OR,97913,0085,,Nyssa Rural Fire Protection District 1
191317,41,045,,MALHEUR,VALLEY VIEW CEMETERY DISTRICT,Special District,CEMETERIES,,PO BOX 357,,VALE,OR,97918,0357,,Valley View Cemetery District
191318,41,045,,MALHEUR,ADRIAN RURAL FIRE PROTECTION DISTRICT,Special District,LOCAL FIRE PROTECTION,,PO BOX 167,,ADRIAN,OR,97901,0167,,Adrian Rural Fire Protection District
198796,41,045,,MALHEUR,HILLTOP MEMORIAL CEMETERY DISTRICT,Special District,CEMETERIES,,PO BOX 2634,702 HILLTOP ROAD,NYSSA,OR,97913,5125,,Hilltop Memorial Cemetery District
205242,41,045,,MALHEUR,MALHEUR COUNTY HOUSING AUTHORITY,Special District,HOUSING AND COMMUNITY DEVELOPMENT,,959 FORTNER ST,,ONTARIO,OR,97914,1598,,Malheur County Housing Authority
205243,41,045,,MALHEUR,ANNEX RURAL FIRE PROTECTION DISTRICT,Special District,LOCAL FIRE PROTECTION,,5567 FOG RD,,ONTARIO,OR,97914,8037,,Annex Rural Fire Protection District
207104,41,045,,MALHEUR,BIG BEND IRRIGATION DISTRICT,Special District,IRRIGATION,,1854 SYRINGA RD,,ADRIAN,OR,97901,5065,,Big Bend Irrigation District
207105,41,045,,MALHEUR,VALE OREGON IRRIGATION DISTRICT,Special District,IRRIGATION,,521 A ST W,,VALE,OR,97918,1103,http://www.valeid.com,Vale Oregon Irrigation District
218179,41,045,,MALHEUR,JORDAN VALLEY RURAL FIRE PROTECTION DISTRICT,Special District,LOCAL FIRE PROTECTION,,PO BOX 187,,JORDAN VALLEY,OR,97910,0187,,Jordan Valley Rural Fire Protection District
239810,41,045,,MALHEUR,ONTARIO LIBRARY DISTRICT,Special District,LIBRARIES,,388 SW 2ND AVE,,ONTARIO,OR,97914,2741,,Ontario Library District
239811,41,045,,MALHEUR,VALE RFPD,Special District,LOCAL FIRE PROTECTION,,PO BOX 325,,VALE,OR,97918,0325,,Vale Rfpd
249980,41,045,,MALHEUR,HARPER SOUTH SIDE IRRIGATION DISTRICT,Special District,IRRIGATION,,PO BOX 349,,HARPER,OR,97906,,,Harper South Side Irrigation District
251566,41,045,,MALHEUR,ONTARIO RECREATION DISTRICT,Special District,PARKS AND RECREATION,,745 SW THIRD AVENUE,,ONTARIO,OR,97914,,HTTPS://ONTARIORECDISTRICT.COM/HOME,Ontario Recreation District
111742,41,047,,MARION,HUBBARD RURAL FIRE PROTECTION DISTRICT,Special District,LOCAL FIRE PROTECTION,,PO BOX 378,,HUBBARD,OR,97032,0378,http://www.hubbardfire.com,Hubbard Rural Fire Protection District
111743,41,047,,MARION,MILL CITY RURAL FIRE PROTECTION DISTRICT,Special District,LOCAL FIRE PROTECTION,,PO BOX 414,,MILL CITY,OR,97360,0414,,Mill City Rural Fire Protection District
111744,41,047,,MARION,JEFFERSON PARK AND RECREATION DISTRICT,Special District,PARKS AND RECREATION,,PO BOX 37,,JEFFERSON,OR,97352,0037,,Jefferson Park And Recreation District
133369,41,047,,MARION,MONITOR RURAL FIRE PROTECTION DISTRICT 58,Special District,LOCAL FIRE PROTECTION,,15241 WOODBURNMONITOR RD NE,,WOODBURN,OR,97071,,http://www.monitorfire.com,Monitor Rural Fire Protection District 58
133370,41,047,,MARION,SILVERTON RURAL FIRE PROTECTION DISTRICT 2,Special District,LOCAL FIRE PROTECTION,,819 RAILWAY AVE NE,,SILVERTON,OR,97381,1539,http://www.silvertonfire.com/,Silverton Rural Fire Protection District 2
133372,41,047,,MARION,SALEM AREA MASS TRANSIT DISTRICT,Special District,PUBLIC MASS TRANSIT UTILITY,,555 COURT ST NE,SUITE 5230,SALEM,OR,97301,3980,,Salem Area Mass Transit District
133373,41,047,,MARION,JEFFERSON RURAL FIRE PROTECTION DISTRICT,Special District,LOCAL FIRE PROTECTION,,PO BOX 911,,JEFFERSON,OR,97352,0911,,Jefferson Rural Fire Protection District
133375,41,047,,MARION,CHATEAU RANCHETTES STREET LIGHTING DISTRICT,Special District,HIGHWAYS,,11869 NE CHATEAU DR,,WOODBURN,OR,97071,9134,,Chateau Ranchettes Street Lighting District
139721,41,047,,MARION,SILVER FALLS LIBRARY DISTRICT,Special District,LIBRARIES,,410 S WATER ST,,SILVERTON,OR,97381,2137,http://www.silverfalls.plinkit.org,Silver Falls Library District
154953,41,047,,MARION,AURORA RURAL FIRE PROTECTION DISTRICT 63,Special District,LOCAL FIRE PROTECTION,,21390 MAIN ST NE,,AURORA,OR,97002,0009,http://www.aurorafire.org,Aurora Rural Fire Protection District 63
154955,41,047,,MARION,IDANHA DETROIT RURAL FIRE PROTECTION DISTRICT,Special District,LOCAL FIRE PROTECTION,,107 NORTH SANTIAM HIGHWAY,PO BOX 399,IDANHA,OR,97350,0477,,Idanha Detroit Rural Fire Protection District
154956,41,047,,MARION,KEIZER RURAL FIRE PROTECTION DISTRICT,Special District,LOCAL FIRE PROTECTION,,661 CHEMAWA RD NE,,KEIZER,OR,97303,4436,http://WWW.KEIZERFIRE.COM,Keizer Rural Fire Protection District
154957,41,047,,MARION,MOUNT ANGEL RURAL FIRE PROTECTION DISTRICT,Special District,LOCAL FIRE PROTECTION,,15104 E MARQUAM RD NE,,MOUNT ANGEL,OR,97362,9713,,Mount Angel Rural Fire Protection District
154958,41,047,,MARION,ST PAUL RURAL FIRE PROTECTION DISTRICT 2,Special District,LOCAL FIRE PROTECTION,,PO BOX 1,,SAINT PAUL,OR,97137,0001,,St Paul Rural Fire Protection District 2
154959,41,047,,MARION,TURNER RURAL FIRE PROTECTION DISTRICT,Special District,LOCAL FIRE PROTECTION,,7605 3RD ST SE,,TURNER,OR,97392,9411,http://www.wvfra.com,Turner Rural Fire Protection District
154960,41,047,,MARION,WOODBURN RURAL FIRE PROTECTION DISTRICT,Special District,LOCAL FIRE PROTECTION,,1776 NEWBERG HWY,,WOODBURN,OR,97071,3121,http://www.woodburnfire.com,Woodburn Rural Fire Protection District
154965,41,047,,MARION,SANTIAM WATER CONTROL DISTRICT,Special District,OTHER MULTI-FUNCTION DISTRICTS,,284 E WATER ST,,STAYTON,OR,97383,1763,,Santiam Water Control District
154966,41,047,,MARION,SUBURBAN EAST SALEM WATER DISTRICT,Special District,WATER SUPPLY UTILITY,,3805 LA BRANCH ST SE,,SALEM,OR,97317,5373,http://www.wvi.com/seswd/,Suburban East Salem Water District
154968,41,047,,MARION,GATES RURAL FIRE PROTECTION DISTRICT,Special District,LOCAL FIRE PROTECTION,,140 SORBIN ST.,,GATES,OR,97346,0594,http://www.gatesfirehall.com,Gates Rural Fire Protection District
154969,41,047,,MARION,LAKE LABISH WATER CONTROL DISTRICT,Special District,DRAINAGE,,PO BOX 9043,,BROOKS,OR,97305,0043,,Lake Labish Water Control District
154971,41,047,,MARION,DRAKES CROSSING RURAL FIRE PROTECTION DISTRICT,Special District,LOCAL FIRE PROTECTION,,19364 POWERS CREEK LOOP RD NE,,SILVERTON,OR,97381,9431,,Drakes Crossing Rural Fire Protection District
154974,41,047,,MARION,SALEM SUBURBAN RURAL FIRE PROTECTION DISTRICT,Special District,LOCAL FIRE PROTECTION,,370 TRADE ST SE,,SALEM,OR,97301,3518,,Salem Suburban Rural Fire Protection District
187166,41,047,,MARION,SUBLIMITY RURAL FIRE PROTECTION DISTRICT,Special District,LOCAL FIRE PROTECTION,,PO BOX 911,,SUBLIMITY,OR,97385,0911,http://www.sublimityfire.com,Sublimity Rural Fire Protection District
205244,41,047,,MARION,AUMSVILLE RURAL FIRE PROTECTION DISTRICT,Special District,LOCAL FIRE PROTECTION,,PO BOX 247,,AUMSVILLE,OR,97325,0247,,Aumsville Rural Fire Protection District
207106,41,047,,MARION,MARION COUNTY FIRE PROTECTION DISTRICT 1,Special District,LOCAL FIRE PROTECTION,,300 CORDON RD NE,,SALEM,OR,97317,5203,www.mcfd1.com,Marion County Fire Protection District 1
207107,41,047,,MARION,MARION COUNTY SOIL AND WATER CONSERVATION DISTRICT,Special District,SOIL AND WATER CONSERVATION,,338 HAWTHORNE AVE NE,,SALEM,OR,97301,4607,marionswcd.net,Marion County Soil And Water Conservation District
214753,41,047,,MARION,EAST VALLEY WATER DISTRICT,Special District,WATER SUPPLY UTILITY,,PO BOX 1046,,MOUNT ANGEL,OR,97362,1046,,East Valley Water District
214908,41,047,,MARION,MARION AREA MULTIAGENCY EMERGENCY TELECOMMUNICATIONS [METCOM],Special District,OTHER SINGLE FUNCTION DISTRICTS,,1060 MOUNT HOOD AVE,,WOODBURN,OR,97071,9059,http://www.metcom911.com,Marion Area Multiagency Emergency Telecommunications [Metcom]
214918,41,047,,MARION,REGIONAL AUTOMATED INFORMATION NETWORK CONSORTIUM,Special District,OTHER SINGLE FUNCTION DISTRICTS,,PO BOX 21808,,KEIZER,OR,97307,1808,,Regional Automated Information Network Consortium
218200,41,047,,MARION,WEST LABISH DRAINAGE AND WATER CONTROL IMPROVEMENT DISTRICT,Special District,OTHER NATURAL RESOURCES,,6984 LAKESIDE DR NE,,SALEM,OR,97305,9300,,West Labish Drainage And Water Control Improvement District
219974,41,047,,MARION,EAST VALLEY IRRIGATION DISTRICT,Special District,IRRIGATION,,PO BOX 1046,,MOUNT ANGEL,OR,97362,1046,,East Valley Irrigation District
220005,41,047,,MARION,MID-WILLAMETTE VALLEY CABLE REGULATORY COMMISSION,Special District,MISCELLANEOUS COMMERCIAL ACTIVITIES,,PO BOX 14500,,SALEM,OR,97309,5036,http://www.co.marion.or.us/pw/cable,Mid-Willamette Valley Cable Regulatory Commission
239812,41,047,,MARION,MID-VALLEY BEHAVIORAL CARE NETWORK,Special District,HEALTH,,2965 RYAN DR SE,STE 150,SALEM,OR,97301,5203,,Mid-Valley Behavioral Care Network
239815,41,047,,MARION,AURORA AIRPORT WATER CONTROL DISTRICT,Special District,FLOOD CONTROL,,PO BOX 127,,AURORA,OR,97002,0127,,Aurora Airport Water Control District
111748,41,049,,MORROW,WEST EXTENSION IRRIGATION DISTRICT,Special District,IRRIGATION,,P. O. BOX 100,,IRRIGON,OR,97844,0100,,West Extension Irrigation District
111749,41,049,,MORROW,IONE RURAL FIRE PROTECTION DISTRICT,Special District,LOCAL FIRE PROTECTION,,PO BOX 6,,IONE,OR,97843,0006,,Ione Rural Fire Protection District
111750,41,049,,MORROW,IRRIGON CEMETERY MAINTENANCE DISTRICT,Special District,CEMETERIES,,PO BOX 311,,IRRIGON,OR,97844,0311,,Irrigon Cemetery Maintenance District
111751,41,049,,MORROW,PORT OF MORROW,Special District,OTHER MULTI-FUNCTION DISTRICTS,,PO BOX 200,,BOARDMAN,OR,97818,0200,,Port Of Morrow
111752,41,049,,MORROW,IONE LEXINGTON CEMETERY MAINTENANCE DISTRICT,Special District,CEMETERIES,,PO BOX 286,,IONE,OR,97843,0286,,Ione Lexington Cemetery Maintenance District
111753,41,049,,MORROW,BOARDMAN FIRE AND RESCUE DISTRICT,Special District,LOCAL FIRE PROTECTION,,300 SW WILSON LN,,BOARDMAN,OR,97818,8029,https://boardmanfd.com/,Boardman Fire And Rescue District
154976,41,049,,MORROW,IRRIGON RURAL FIRE PROTECTION DISTRICT 1,Special District,LOCAL FIRE PROTECTION,,PO BOX 647,,IRRIGON,OR,97844,0647,,Irrigon Rural Fire Protection District 1
154977,41,049,,MORROW,OREGON TRAIL LIBRARY DISTRICT,Special District,LIBRARIES,,PO BOX 107,,BOARDMAN,OR,97818,0107,http://www.oregontrail.plinkit.org,Oregon Trail Library District
154978,41,049,,MORROW,BOARDMAN CEMETERY MAINTENANCE DISTRICT,Special District,CEMETERIES,,PO BOX 385,,BOARDMAN,OR,97818,0385,,Boardman Cemetery Maintenance District
154979,41,049,,MORROW,HEPPNER RURAL FIRE PROTECTION DISTRICT,Special District,LOCAL FIRE PROTECTION,,PO BOX 1010,,HEPPNER,OR,97836,1010,,Heppner Rural Fire Protection District
154980,41,049,,MORROW,HEPPNER CEMETERY MAINTENANCE DISTRICT,Special District,CEMETERIES,,PO BOX 1047,,HEPPNER,OR,97836,1047,,Heppner Cemetery Maintenance District
154981,41,049,,MORROW,HEPPNER WATER CONTROL DISTRICT,Special District,FLOOD CONTROL,,PO BOX 127,,HEPPNER,OR,97836,0127,,Heppner Water Control District
154982,41,049,,MORROW,IRRIGON COMMUNITY PARKS AND RECREATION DISTRICT,Special District,PARKS AND RECREATION,,PO BOX 438,,IRRIGON,OR,97844,0438,,Irrigon Community Parks And Recreation District
154983,41,049,,MORROW,BOARDMAN PARKS AND RECREATION DISTRICT,Special District,PARKS AND RECREATION,,PO BOX 8,,BOARDMAN,OR,97818,0008,http://www.boardmanmarinapark.com,Boardman Parks And Recreation District
154984,41,049,,MORROW,MORROW COUNTY SOIL AND WATER CONSERVATION DISTRICT,Special District,SOIL AND WATER CONSERVATION,,PO BOX 127,,HEPPNER,OR,97836,0127,http://www.morrowswcd.org,Morrow County Soil And Water Conservation District
207108,41,049,,MORROW,WILLOW CREEK PARK DISTRICT,Special District,PARKS AND RECREATION,,PO BOX 582,,HEPPNER,OR,97836,0582,,Willow Creek Park District
207109,41,049,,MORROW,MORROW COUNTY HEALTH DISTRICT,Special District,HOSPITALS,,PO BOX 9,,HEPPNER,OR,97836,0009,http://www.morrowcountyhealthdistrict.org,Morrow County Health District
214775,41,049,,MORROW,MORROW COUNTY UNIFIED RECREATION DISTRICT,Special District,PARKS AND RECREATION,,PO BOX 605,,HEPPNER,OR,97836,0765,,Morrow County Unified Recreation District
218180,41,049,,MORROW,BLACK MOUNTAIN WATER DISTRICT,Special District,WATER SUPPLY UTILITY,,PO BOX 1013,,HEPPNER,OR,97836,1013,,Black Mountain Water District
251558,41,049,,MORROW,IONE LIBRARY DISTRICT,Special District,LIBRARIES,,PO BOX 125,,IONE,OR,97843,,HTTPS://WWW.IONELIBRARY.COM/,Ione Library District
111754,41,051,,MULTNOMAH,CORBETT WATER DISTRICT,Special District,WATER SUPPLY UTILITY,,PO BOX 6,,CORBETT,OR,97019,0006,http://www.corbettwaterdistrict.com,Corbett Water District
111756,41,051,,MULTNOMAH,PLEASANT HOME WATER DISTRICT,Special District,WATER SUPPLY UTILITY,,PO BOX 870,,GRESHAM,OR,97030,0204,,Pleasant Home Water District
111758,41,051,,MULTNOMAH,WEST MULTNOMAH COUNTY SOIL AND WATER CONSERVATION DISTRICT,Special District,SOIL AND WATER CONSERVATION,,2701 NW VAUGHN ST,STE 450,PORTLAND,OR,97210,5398,http://www.wmswcd.org,West Multnomah County Soil And Water Conservation District
133377,41,051,,MULTNOMAH,CORBETT FIRE DISTRICT 14,Special District,LOCAL FIRE PROTECTION,,PO BOX 1,,CORBETT,OR,97019,0001,firedistrict14.corbettoregon.com,Corbett Fire District 14
133380,41,051,,MULTNOMAH,TRI COUNTY METROPOLITAN TRANSPORTATION DISTRICT OF OREGON,Special District,PUBLIC MASS TRANSIT UTILITY,,1800 SW 1ST AVE,STE 300,PORTLAND,OR,97201,5354,http://www.trimet.org,Tri County Metropolitan Transportation District Of Oregon
154985,41,051,,MULTNOMAH,ALTO PARK WATER DISTRICT,Special District,WATER SUPPLY UTILITY,,1040 NE 44TH AVE,SUITE 4,PORTLAND,OR,97213,2241,,Alto Park Water District
154988,41,051,,MULTNOMAH,EAST MULTNOMAH COUNTY SOIL AND WATER CONSERVATION DISTRICT,Special District,SOIL AND WATER CONSERVATION,,5211 N WILLIAMS AVE,,PORTLAND,OR,97217,2735,http://www.emswcd.org,East Multnomah County Soil And Water Conservation District
154989,41,051,,MULTNOMAH,HOME FORWARD,Special District,HOUSING AND COMMUNITY DEVELOPMENT,,135 SW ASH ST,,PORTLAND,OR,97204,3598,http://homeforward.org/,Home Forward
154991,41,051,,MULTNOMAH,MULTNOMAH COUNTY RURAL FIRE PROTECTION DISTRICT 10,Special District,LOCAL FIRE PROTECTION,,PO BOX 517,,TROUTDALE,OR,97060,0517,,Multnomah County Rural Fire Protection District 10
154993,41,051,,MULTNOMAH,PENINSULA DRAINAGE DISTRICT 2,Special District,DRAINAGE,,1880 NE ELROD DR,,PORTLAND,OR,97211,1810,http://www.mcdd.org,Peninsula Drainage District 2
154996,41,051,,MULTNOMAH,SANDY DRAINAGE DISTRICT,Special District,FLOOD CONTROL,,1880 NE ELROD DR,,PORTLAND,OR,97211,1810,http://www.mcdd.org,Sandy Drainage District
154997,41,051,,MULTNOMAH,VALLEY VIEW WATER DISTRICT,Special District,WATER SUPPLY UTILITY,,3737 SW 50TH AVE,,PORTLAND,OR,97221,2109,,Valley View Water District
155001,41,051,,MULTNOMAH,SKYLINE CREST ROAD DISTRICT,Special District,HIGHWAYS,,421 NW SKYLINE CREST RD,,PORTLAND,OR,97229,6831,,Skyline Crest Road District
155002,41,051,,MULTNOMAH,LUSTED WATER DISTRICT,Special District,WATER SUPPLY UTILITY,,PO BOX 2026,,GRESHAM,OR,97030,0590,,Lusted Water District
155003,41,051,,MULTNOMAH,METRO,Special District,OTHER MULTI-FUNCTION DISTRICTS,,600 NE GRAND AVE,,PORTLAND,OR,97232,2736,http://www.oregonmetro.gov,Oregon Metro
187169,41,051,,MULTNOMAH,MULTNOMAH COUNTY DRAINAGE DISTRICT 1,Special District,DRAINAGE,,1880 NE ELROD DR,,PORTLAND,OR,97211,1810,http://www.mcdd.org,Multnomah County Drainage District 1
191320,41,051,,MULTNOMAH,ROCKWOOD WATER DISTRICT,Special District,WATER SUPPLY UTILITY,,19601 NE HALSEY ST,,PORTLAND,OR,97230,7489,http://www.rwpud.org/,Rockwood Water District
192873,41,051,,MULTNOMAH,PENINSULA DRAINAGE DISTRICT 1,Special District,DRAINAGE,,1880 NE ELROD DR,,PORTLAND,OR,97211,1810,http://www.mcdd.org,Peninsula Drainage District 1
198513,41,051,,MULTNOMAH,SUNRISE WATER AUTHORITY,Special District,WATER SUPPLY UTILITY,,10602 SE 129TH AVE,,HAPPY VALLEY,OR,97086,6271,http://www.sunrisewater.com,Sunrise Water Authority
202451,41,051,,MULTNOMAH,BURLINGTON WATER DISTRICT,Special District,WATER SUPPLY UTILITY,,PO BOX 270,,SAINT HELENS,OR,97051,0270,,Burlington Water District
202452,41,051,,MULTNOMAH,RAMSEY WALMAR ROAD DISTRICT,Special District,HIGHWAYS,,7327 SW BARNES RD #913,,PORTLAND,OR,97225,4201,,Ramsey Walmar Road District
212896,41,051,,MULTNOMAH,PORT OF PORTLAND,Special District,OTHER MULTI-FUNCTION DISTRICTS,,PO BOX 3529,,PORTLAND,OR,97208,3529,http://WWW.PORTOFPORTLAND.COM,Port Of Portland
214765,41,051,,MULTNOMAH,INTERLACHEN WATER PEOPLES UTILITY DISTRICT,Special District,WATER SUPPLY UTILITY,,PO BOX 1776,,FAIRVIEW,OR,97024,1776,,Interlachen Water Peoples Utility District
214821,41,051,,MULTNOMAH,MT. HOOD CABLE REGULATORY COMMISSION,Special District,MISCELLANEOUS COMMERCIAL ACTIVITIES,,1120 SW 5TH AVENUE SUITE 405,STE 600,PORTLAND,OR,97204,5840,http://www.mhcrc.org/,Mt. Hood Cable Regulatory Commission
219994,41,051,,MULTNOMAH,MULTNOMAH COUNTY RURAL FIRE PROTECTION DISTRICT 30JT,Special District,LOCAL FIRE PROTECTION,,18342 NW SAUVIE ISLAND RD,,PORTLAND,OR,97231,1312,,Multnomah County Rural Fire Protection District 30Jt
239816,41,051,,MULTNOMAH,NORTHWEST OREGON ECONOMIC ALLIANCE,Special District,OTHER MULTI-FUNCTION DISTRICTS,,PO BOX 1535,,ST HELENS,OR,97051,4007,,Northwest Oregon Economic Alliance
239817,41,051,,MULTNOMAH,NORTHWEST INTERGOVERNMENTAL ENERGY SUPPLY,Special District,OTHER MULTI-FUNCTION DISTRICTS,,825 NE MULTNOMAH ST,# 1135,PORTLAND,OR,97232,2170,,Northwest Intergovernmental Energy Supply
251557,41,051,,MULTNOMAH,URBAN FLOOD SAFETY AND WATER QUALITY DISTRICT,Special District,FLOOD CONTROL,,1880 NE ELROD DRIVE,,PORTLAND,OR,97211,,HTTPS://WWW.MCDD.ORG/WHO-WE-ARE/UFSWQD/,Urban Flood Safety And Water Quality District
111760,41,053,,POLK,FIR CREST CEMETERY MAINTENANCE DISTRICT,Special District,CEMETERIES,,PO BOX 494,,MONMOUTH,OR,97361,0494,,Fir Crest Cemetery Maintenance District
111761,41,053,,POLK,WEST VALLEY HOUSING AUTHORITY,Special District,HOUSING AND COMMUNITY DEVELOPMENT,,204 SW WALNUT AVE,,DALLAS,OR,97338,1428,http://www.wvpha.org,West Valley Housing Authority
133381,41,053,,POLK,GRAND RONDE SANITARY DISTRICT,Special District,SEWERAGE,,PO BOX 61,,DALLAS,OR,97338,0061,,Grand Ronde Sanitary District
133383,41,053,,POLK,DALLAS CEMETERY DISTRICT 4,Special District,CEMETERIES,,PO BOX 512,,DALLAS,OR,97338,0512,,Dallas Cemetery District 4
133384,41,053,,POLK,SALT CREEK CEMETERY DISTRICT,Special District,CEMETERIES,,15785 HIGHWAY 22,,DALLAS,OR,97338,9377,,Salt Creek Cemetery District
155005,41,053,,POLK,SOUTHWESTERN POLK COUNTY RURAL FIRE PROTECTION DISTRICT 3,Special District,LOCAL FIRE PROTECTION,,15455 SALT CREEK ROAD,,DALLAS,OR,97338,0006,,Southwestern Polk County Rural Fire Protection District 3
155010,41,053,,POLK,POLK COUNTY RURAL FIRE PROTECTION DISTRICT 1,Special District,LOCAL FIRE PROTECTION,,1800 MONMOUTH ST,,INDEPENDENCE,OR,97351,9700,http://www.polkno1.org/,Polk County Rural Fire Protection District 1
155011,41,053,,POLK,ASH CREEK WATER CONTROL DISTRICT,Special District,FLOOD CONTROL,,PO BOX 81,,INDEPENDENCE,OR,97351,0081,http://www.ashcreekwcd.com,Ash Creek Water Control District
155013,41,053,,POLK,PEDEE CEMETERY MAINTENANCE DISTRICT,Special District,CEMETERIES,,12950 KINGS VALLEY HWY,,MONMOUTH,OR,97361,9525,,Pedee Cemetery Maintenance District
155014,41,053,,POLK,POLK COUNTY SOIL AND WATER CONSERVATION DISTRICT,Special District,SOIL AND WATER CONSERVATION,,580 MAIN STREET STE A,,DALLAS,OR,97338,1911,http://www.polkswcd.org,Polk County Soil And Water Conservation District
191321,41,053,,POLK,SPRING VALLEY RURAL FIRE PROTECTION DISTRICT,Special District,LOCAL FIRE PROTECTION,,PO BOX 5125,,SALEM,OR,97304,0125,,Spring Valley Rural Fire Protection District
198785,41,053,,POLK,ROCK CREEK WATER DISTRICT,Special District,WATER SUPPLY UTILITY,,PO BOX 123,,GRAND RONDE,OR,97347,0123,,Rock Creek Water District
207110,41,053,,POLK,HILLTOP CEMETERY DISTRICT,Special District,CEMETERIES,,PO BOX 274,,INDEPENDENCE,OR,97351,0274,,Hilltop Cemetery District
239818,41,053,,POLK,MINET,Special District,MISCELLANEOUS COMMERCIAL ACTIVITIES,,405 N HOGAN RD,,MONMOUTH,OR,97361,1616,,Minet
111762,41,055,,SHERMAN,KENT WATER DISTRICT,Special District,WATER SUPPLY UTILITY,,PO BOX 538,,KENT,OR,97033,0538,,Kent Water District
133385,41,055,,SHERMAN,SOUTH SHERMAN COUNTY FIRE PROTECTION DISTRICT,Special District,LOCAL FIRE PROTECTION,,PO BOX 116,,GRASS VALLEY,OR,97029,0116,http://www.southshermanfire.com,South Sherman County Fire Protection District
139733,41,055,,SHERMAN,MORO RURAL FIRE PROTECTION DISTRICT,Special District,LOCAL FIRE PROTECTION,,PO BOX 351,,MORO,OR,97039,0351,,Moro Rural Fire Protection District
155015,41,055,,SHERMAN,SHERMAN COUNTY HEALTH DISTRICT,Special District,HEALTH,,PO BOX 186,,MORO,OR,97039,0186,http://www.shermancountymedicalclinic.net/sherman-county-health-district.html,Sherman County Health District
155016,41,055,,SHERMAN,NORTH SHERMAN COUNTY RURAL FIRE PROTECTION DISTRICT,Special District,LOCAL FIRE PROTECTION,,PO BOX 121,,WASCO,OR,97065,0462,,North Sherman County Rural Fire Protection District
207111,41,055,,SHERMAN,SHERMAN COUNTY SOIL AND WATER CONSERVATION DISTRICT,Special District,SOIL AND WATER CONSERVATION,,PO BOX 405,,MORO,OR,97039,0405,http://www.sherman.oacd.org,Sherman County Soil And Water Conservation District
111763,41,057,,TILLAMOOK,HUNT WATER DISTRICT,Special District,WATER SUPPLY UTILITY,,2425 MCCORMICK LOOP RD,,TILLAMOOK,OR,97141,9654,,Hunt Water District
111764,41,057,,TILLAMOOK,NETARTS WATER DISTRICT,Special District,WATER SUPPLY UTILITY,,PO BOX 50,,NETARTS,OR,97143,0050,,Netarts Water District
111765,41,057,,TILLAMOOK,TRASK DRAINAGE DISTRICT,Special District,DRAINAGE,,1700 MCCORMICK LOOP RD,,TILLAMOOK,OR,97141,8838,,Trask Drainage District
111766,41,057,,TILLAMOOK,BIG NESTUCCA DRAINAGE DISTRICT,Special District,DRAINAGE,,3600 JENCK RD,,CLOVERDALE,OR,97112,,,Big Nestucca Drainage District
111767,41,057,,TILLAMOOK,NEHALEM BAY HEALTH DISTRICT,Special District,HEALTH,,PO BOX 6,,WHEELER,OR,97147,0006,,Nehalem Bay Health District
111769,41,057,,TILLAMOOK,TWIN ROCKS SANITARY DISTRICT,Special District,SEWERAGE,,PO BOX 69,,ROCKAWAY,OR,97136,0069,,Twin Rocks Sanitary District
133386,41,057,,TILLAMOOK,NESTUCCA RURAL FIRE PROTECTION DISTRICT,Special District,LOCAL FIRE PROTECTION,,30710 HIGHWAY 101 S,,CLOVERDALE,OR,97112,9724,http://www.nrfpd.com,Nestucca Rural Fire Protection District
133387,41,057,,TILLAMOOK,LITTLE NESTUCCA DRAINAGE DISTRICT,Special District,DRAINAGE,,7580 REDBERG RD,,CLOVERDALE,OR,97112,9702,,Little Nestucca Drainage District
133388,41,057,,TILLAMOOK,NETARTS OCEANSIDE RURAL FIRE PROTECTION DISTRICT,Special District,LOCAL FIRE PROTECTION,,PO BOX 219,,NETARTS,OR,97143,0219,,Netarts Oceanside Rural Fire Protection District
133389,41,057,,TILLAMOOK,STILLWELL DRAINAGE DISTRICT,Special District,DRAINAGE,,745 3RD ST,,TILLAMOOK,OR,97141,8200,,Stillwell Drainage District
133390,41,057,,TILLAMOOK,TWIN ROCKS WATER DISTRICT,Special District,OTHER MULTI-FUNCTION DISTRICTS,,PO BOX 240,,ROCKAWAY BEACH,OR,97136,0240,,Twin Rocks Water District
133391,41,057,,TILLAMOOK,NESKOWIN REGIONAL SANITARY AUTHORITY,Special District,SEWERAGE,,PO BOX 383,,NESKOWIN,OR,97149,0383,,Neskowin Regional Sanitary Authority
133392,41,057,,TILLAMOOK,WATSECO BARVIEW WATER DISTRICT,Special District,WATER SUPPLY UTILITY,,PO BOX 295,,ROCKAWAY,OR,97136,0295,,Watseco Barview Water District
133393,41,057,,TILLAMOOK,BEAVER WATER DISTRICT,Special District,WATER SUPPLY UTILITY,,PO BOX 306,,CLOVERDALE,OR,97112,0306,,Beaver Water District
133394,41,057,,TILLAMOOK,NORTHWOOD WATER DISTRICT,Special District,WATER SUPPLY UTILITY,,7645 SOLLIE SMITH RD N,,TILLAMOOK,OR,97141,9075,,Northwood Water District
155017,41,057,,TILLAMOOK,FAIRVIEW WATER DISTRICT,Special District,WATER SUPPLY UTILITY,,403 MAROLF LOOP RD,,TILLAMOOK,OR,97141,3203,,Fairview Water District
155018,41,057,,TILLAMOOK,GARIBALDI RURAL FIRE PROTECTION DISTRICT,Special District,LOCAL FIRE PROTECTION,,PO BOX 171,,GARIBALDI,OR,97118,0171,,Garibaldi Rural Fire Protection District
155019,41,057,,TILLAMOOK,LONG PRAIRIE WATER DISTRICT,Special District,WATER SUPPLY UTILITY,,PO BOX 331,,TILLAMOOK,OR,97141,0331,,Long Prairie Water District
155020,41,057,,TILLAMOOK,NEHALEM BAY FIRE AND RESCUE DISTRICT,Special District,LOCAL FIRE PROTECTION,,36375 HIGHWAY 101 N,,NEHALEM,OR,97131,9732,http://www.nehalembayfirerescue.org,Nehalem Bay Fire And Rescue District
155021,41,057,,TILLAMOOK,TILLAMOOK COUNTY SOIL AND WATER CONSERVATION DISTRICT,Special District,SOIL AND WATER CONSERVATION,,4000 BLIMP BLVD,STE 200,TILLAMOOK,OR,97141,9680,https://tillamookcountyswcd.org/,Tillamook County Soil And Water Conservation District
155024,41,057,,TILLAMOOK,PORT OF TILLAMOOK BAY,Special District,OTHER MULTI-FUNCTION DISTRICTS,,4000 BLIMP BLVD,STE 100,TILLAMOOK,OR,97141,9680,http://www.potb.org,Port Of Tillamook Bay
155025,41,057,,TILLAMOOK,SOUTH PRAIRIE DRAINAGE DISTRICT,Special District,DRAINAGE,,5590 TILLAMOOK RIVER RD,,TILLAMOOK,OR,97141,9521,,South Prairie Drainage District
155026,41,057,,TILLAMOOK,SUNSET DRAINAGE DISTRICT,Special District,DRAINAGE,,14855 TIDELAND RD,,NEHALEM,OR,97131,9217,,Sunset Drainage District
155027,41,057,,TILLAMOOK,TILLAMOOK PEOPLES UTILITY DISTRICT,Special District,ELECTRIC POWER UTILITY,,PO BOX 433,,TILLAMOOK,OR,97141,0433,http://WWW.TPUD.ORG,Tillamook Peoples Utility District
155028,41,057,,TILLAMOOK,TILLAMOOK FIRE DISTRICT,Special District,LOCAL FIRE PROTECTION,,2310 4TH ST,,TILLAMOOK,OR,97141,2419,https://www.tillamookfiredistrict.com/,Tillamook Fire District
155029,41,057,,TILLAMOOK,WILSON RIVER WATER DISTRICT,Special District,WATER SUPPLY UTILITY,,4940 SOLLIE SMITH RD N,,TILLAMOOK,OR,97141,9769,,Wilson River Water District
155030,41,057,,TILLAMOOK,TILLAMOOK COUNTY EMERGENCY COMMUNICATIONS DISTRICT,Special District,OTHER SINGLE FUNCTION DISTRICTS,,PO BOX 911,,TILLAMOOK,OR,97141,0911,http://www.tillamook911.com,Tillamook County Emergency Communications District
155033,41,057,,TILLAMOOK,NORTH SIDE BIG NESTUCCA DRAINAGE DISTRICT,Special District,DRAINAGE,,7580 REDBERG RD,,CLOVERDALE,OR,97112,9702,,North Side Big Nestucca Drainage District
155035,41,057,,TILLAMOOK,NEDONNA RURAL FIRE PROTECTION DISTRICT,Special District,LOCAL FIRE PROTECTION,,PO BOX 626,,ROCKAWAY,OR,97136,0626,,Nedonna Rural Fire Protection District
155036,41,057,,TILLAMOOK,CLOVERDALE WATER DISTRICT,Special District,WATER SUPPLY UTILITY,,PO BOX 166,,CLOVERDALE,OR,97112,0166,,Cloverdale Water District
187171,41,057,,TILLAMOOK,PORT OF NEHALEM,Special District,SEA AND INLAND PORT FACILITIES,,PO BOX 476,,NEHALEM,OR,97131,0476,,Port Of Nehalem
187172,41,057,,TILLAMOOK,OCEANSIDE WATER DISTRICT,Special District,WATER SUPPLY UTILITY,,P.O. BOX 360,,OCEANSIDE,OR,97134,0360,,Oceanside Water District
192875,41,057,,TILLAMOOK,KILCHIS RIVER WATER DISTRICT,Special District,WATER SUPPLY UTILITY,,6105 HATHAWAY RD,,TILLAMOOK,OR,97141,7957,,Kilchis River Water District
198475,41,057,,TILLAMOOK,HEBO JOINT WATER AND SANITARY AUTHORITY,Special District,SEWERAGE AND WATER SUPPLY,,PO BOX 328,,HEBO,OR,97122,0328,,Hebo Joint Water And Sanitary Authority
198476,41,057,,TILLAMOOK,TILLAMOOK COUNTY TRANSPORTATION DISTRICT,Special District,PUBLIC MASS TRANSIT UTILITY,,3600 3RD ST,STE A,TILLAMOOK,OR,97141,2730,http://www.tillamookbus.com,Tillamook County Transportation District
198477,41,057,,TILLAMOOK,NORTH COUNTY RECREATION DISTRICT,Special District,PARKS AND RECREATION,,PO BOX 207,,NEHALEM,OR,97131,0207,http://www.ncrdnehalem.org,North County Recreation District
205245,41,057,,TILLAMOOK,THREE RIVERS RANCH ROAD DISTRICT,Special District,HIGHWAYS,,P.O.BOX 182,,HEBO,OR,97122,0182,,Three Rivers Ranch Road District
205246,41,057,,TILLAMOOK,PACIFIC CITY JOINT WATER AND SEWER AUTHORITY,Special District,SEWERAGE AND WATER SUPPLY,,PO BOX 520,,PACIFIC CITY,OR,97135,0520,,Pacific City Joint Water And Sewer Authority
205247,41,057,,TILLAMOOK,NEAH KAH NIE WATER DISTRICT,Special District,WATER SUPPLY UTILITY,,9155 NEHALEM RD,,NEHALEM,OR,97131,9723,,Neah Kah Nie Water District
207112,41,057,,TILLAMOOK,TONE WATER DISTRICT,Special District,WATER SUPPLY UTILITY,,PO BOX 876,,TILLAMOOK,OR,97141,0876,,Tone Water District
207113,41,057,,TILLAMOOK,NESKOWIN REGIONAL WATER DISTRICT,Special District,WATER SUPPLY UTILITY,,PO BOX 823,,NESKOWIN,OR,97149,0823,,Neskowin Regional Water District
207114,41,057,,TILLAMOOK,NETARTS OCEANSIDE SANITARY DISTRICT,Special District,SEWERAGE,,1755 CAPE MEARES LOOP,,TILLAMOOK,OR,97141,8360,http://www.nosd.com,Netarts Oceanside Sanitary District
207115,41,057,,TILLAMOOK,NEHALEM BAY WASTEWATER AGENCY,Special District,SEWERAGE,,PO BOX 219,,NEHALEM,OR,97131,0219,http://www.nehalembaywastewater.org,Nehalem Bay Wastewater Agency
211830,41,057,,TILLAMOOK,PORT OF GARIBALDI,Special District,OTHER MULTI-FUNCTION DISTRICTS,,PO BOX 10,,GARIBALDI,OR,97118,0010,http://www.portofgaribaldi.org,Port Of Garibaldi
211951,41,057,,TILLAMOOK,CLOVERDALE SANITARY DISTRICT,Special District,SEWERAGE,,PO BOX 157,,CLOVERDALE,OR,97112,0157,,Cloverdale Sanitary District
218205,41,057,,TILLAMOOK,JUNO NONPROFIT WATER DISTRICT,Special District,WATER SUPPLY UTILITY,,4775 BOQUIST RD N,,TILLAMOOK,OR,97141,7745,,Juno Nonprofit Water District
225409,41,057,,TILLAMOOK,TILLAMOOK BAY HABITAT AND ESTUARY IMPROVEMENT DISTRICT,Special District,OTHER NATURAL RESOURCES,,PO BOX 700,,TILLAMOOK,OR,97141,0700,,Tillamook Bay Habitat And Estuary Improvement District
111770,41,059,,UMATILLA,ECHO RURAL FIRE PROTECTION DISTRICT 7-403,Special District,LOCAL FIRE PROTECTION,,PO BOX 59,,ECHO,OR,97826,0059,,Echo Rural Fire Protection District 7-403
111772,41,059,,UMATILLA,MARION JACK IMPROVEMENT DISTRICT,Special District,IRRIGATION,,71498 SW LAKE DR,,PENDLETON,OR,97801,9586,http://marionjack.org/,Marion Jack Improvement District
111773,41,059,,UMATILLA,HERMISTON CEMETERY DISTRICT 8,Special District,CEMETERIES,,PO BOX 265,,HERMISTON,OR,97838,0265,,Hermiston Cemetery District 8
111774,41,059,,UMATILLA,LOWER MCKAY CREEK WATER CONTROL DISTRICT,Special District,FLOOD CONTROL,,PO BOX 1579,,PENDLETON,OR,97801,0437,,Lower Mckay Creek Water Control District
133395,41,059,,UMATILLA,MILTON FREEWATER WATER CONTROL DISTRICT,Special District,FLOOD CONTROL,,512 N MAIN ST,,MILTON FREEWATER,OR,97862,1724,,Milton Freewater Water Control District
133396,41,059,,UMATILLA,RIVERSIDE FIRE PROTECTION DISTRICT 7-406,Special District,LOCAL FIRE PROTECTION,,PO BOX 1579,,PENDLETON,OR,97801,0437,,Riverside Fire Protection District 7-406
133397,41,059,,UMATILLA,WESTON CEMETERY MAINTENANCE DISTRICT 2,Special District,CEMETERIES,,PO BOX 361,,WESTON,OR,97886,0361,,Weston Cemetery Maintenance District 2
133398,41,059,,UMATILLA,HERMISTON IRRIGATION DISTRICT,Special District,IRRIGATION,,366 E HURLBURT AVE,,HERMISTON,OR,97838,2445,http://www.hermistonid.org,Hermiston Irrigation District
133399,41,059,,UMATILLA,WESTLAND IRRIGATION DISTRICT,Special District,IRRIGATION,,PO BOX 944,,HERMISTON,OR,97838,0944,,Westland Irrigation District
133400,41,059,,UMATILLA,BIRCH CREEK WATER CONTROL DISTRICT,Special District,FLOOD CONTROL,,PO BOX 143,,PILOT ROCK,OR,97868,0143,,Birch Creek Water Control District
133402,41,059,,UMATILLA,LOWER MCKAY CREEK RURAL FIRE PROTECTION DISTRICT 7-409,Special District,LOCAL FIRE PROTECTION,,PO BOX 1579,,PENDLETON,OR,97801,0437,,Lower Mckay Creek Rural Fire Protection District 7-409
133403,41,059,,UMATILLA,UMATILLA RIVER WATER CONTROL DISTRICT 2,Special District,IRRIGATION,,PO BOX 700,,STANFIELD,OR,97875,0700,,Umatilla River Water Control District 2
155038,41,059,,UMATILLA,ATHENA CEMETERY MAINTENANCE DISTRICT 1,Special District,CEMETERIES,,PO BOX 599,,ATHENA,OR,97813,0599,,Athena Cemetery Maintenance District 1
155039,41,059,,UMATILLA,EAST UMATILLA COUNTY CHEMICAL CONTROL DISTRICT,Special District,OTHER NATURAL RESOURCES,,52919 COUNTY RD,,MILTON FREEWATER,OR,97862,6910,,East Umatilla County Chemical Control District
155040,41,059,,UMATILLA,UMATILLA COUNTY FIRE DISTRICT #1,Special District,LOCAL FIRE PROTECTION,,320 S 1ST STREET,,HERMISTON,OR,97838,2360,WWW.UCFD1.COM,Umatilla County Fire District #1
155041,41,059,,UMATILLA,UMATILLA COUNTY HOUSING AUTHORITY,Special District,HOUSING AND COMMUNITY DEVELOPMENT,,PO BOX 107,,HERMISTON,OR,97838,0107,http://www.umatillacountyha.org,Umatilla County Housing Authority
155042,41,059,,UMATILLA,PILOT ROCK RURAL FIRE PROTECTION DISTRICT 7-401,Special District,LOCAL FIRE PROTECTION,,PO BOX 877,,PILOT ROCK,OR,97868,0877,,Pilot Rock Rural Fire Protection District 7-401
155043,41,059,,UMATILLA,TEEL IRRIGATION DISTRICT,Special District,IRRIGATION,,32327 OREGON TRAIL RD,,ECHO,OR,97826,9001,,Teel Irrigation District
155044,41,059,,UMATILLA,UMATILLA HOSPITAL DISTRICT,Special District,HEALTH,,PO BOX 1740,,UMATILLA,OR,97882,1740,,Umatilla Hospital District
155045,41,059,,UMATILLA,WESTON ATHENA MEMORIAL HALL PARK AND RECREATION DISTRICT,Special District,PARKS AND RECREATION,,PO BOX 535,,WESTON,OR,97886,0535,,Weston Athena Memorial Hall Park And Recreation District
155048,41,059,,UMATILLA,STANFIELD IRRIGATION DISTRICT,Special District,IRRIGATION,,PO BOX 416,,STANFIELD,OR,97875,0416,,Stanfield Irrigation District
155049,41,059,,UMATILLA,PILOT ROCK PARKS AND RECREATION DISTRICT,Special District,PARKS AND RECREATION,,PO BOX 568,,PILOT ROCK,OR,97868,0568,,Pilot Rock Parks And Recreation District
155050,41,059,,UMATILLA,MILTON FREEWATER CEMETERY MAINTENANCE DISTRICT 3,Special District,CEMETERIES,,512 N MAIN ST,,MILTON FREEWATER,OR,97862,1726,,Milton Freewater Cemetery Maintenance District 3
155051,41,059,,UMATILLA,UMATILLA RURAL FIRE PROTECTION DISTRICT 7-405,Special District,LOCAL FIRE PROTECTION,,PO BOX 456,,UMATILLA,OR,97882,0456,http://www.umatillafire.org,Umatilla Rural Fire Protection District 7-405
155053,41,059,,UMATILLA,UMATILLA COUNTY SOIL AND WATER CONSERVATION DISTRICT,Special District,SOIL AND WATER CONSERVATION,,1 SW NYE AVE,STE 130,PENDLETON,OR,97801,4121,http://www.umatillacountyswcd.com,Umatilla County Soil And Water Conservation District
155055,41,059,,UMATILLA,HELIX PARKS AND RECREATION DISTRICT,Special District,PARKS AND RECREATION,,PO BOX 382,,HELIX,OR,97835,0382,,Helix Parks And Recreation District
155057,41,059,,UMATILLA,PILOT ROCK CEMETERY MAINTENANCE DISTRICT 5,Special District,CEMETERIES,,PO BOX 119,,PILOT ROCK,OR,97868,0119,,Pilot Rock Cemetery Maintenance District 5
155058,41,059,,UMATILLA,STANFIELD CEMETERY MAINTENANCE DISTRICT 6,Special District,CEMETERIES,,PO BOX 428,,STANFIELD,OR,97875,0428,,Stanfield Cemetery Maintenance District 6
155060,41,059,,UMATILLA,MCKAY DAM RURAL FIRE PROTECTION DISTRICT 7-410,Special District,LOCAL FIRE PROTECTION,,PO BOX 1579,,PENDLETON,OR,97801,0500,,Mckay Dam Rural Fire Protection District 7-410
155061,41,059,,UMATILLA,RIVERSIDE MISSION WATER CONTROL DISTRICT,Special District,FLOOD CONTROL,,PO BOX 1579,,PENDLETON,OR,97801,0437,,Riverside Mission Water Control District
187173,41,059,,UMATILLA,HELIX CEMETERY DISTRICT 4,Special District,CEMETERIES,,PO BOX 321,,HELIX,OR,97835,0321,,Helix Cemetery District 4
191323,41,059,,UMATILLA,RIETH WATER SUPPLY DISTRICT,Special District,WATER SUPPLY UTILITY,,73755 HILL ST,,PENDLETON,OR,97801,9367,,Rieth Water Supply District
202453,41,059,,UMATILLA,ECHO CEMETERY DISTRICT 7,Special District,CEMETERIES,,PO BOX 333,,ECHO,OR,97826,0333,,Echo Cemetery District 7
205248,41,059,,UMATILLA,UMATILLA COUNTY SPECIAL LIBRARY DISTRICT,Special District,LIBRARIES,,P.O. BOX 1689,,PENDLETON,OR,97801,0530,http://www.ucsld.org,Umatilla County Special Library District
207116,41,059,,UMATILLA,PORT OF UMATILLA,Special District,OTHER MULTI-FUNCTION DISTRICTS,,PO BOX 879,,UMATILLA,OR,97882,0879,http://WWW.PORTOFUMATILLA.COM,Port Of Umatilla
214755,41,059,,UMATILLA,WALLA WALLA RIVER IRRIGATION DISTRICT,Special District,IRRIGATION,,PO BOX 248,,MILTON FREEWATER,OR,97862,0248,http://www.wwrid.com,Walla Walla River Irrigation District
249084,41,059,,UMATILLA,UMATILLA MORROW RADIO AND DATA DISTRICT,Special District,OTHER SINGLE FUNCTION DISTRICTS,,4700 NW PIONEER PLACE,,PENDELTON,OR,97801,,www.umrdd.org,Umatilla Morrow Radio And Data District
249453,41,059,,UMATILLA,EAST UMATILLA FIRE AND RESCUE DISTRICT,Special District,LOCAL FIRE PROTECTION,,PO BOX 411,,WESTON,OR,97886,,www.eastumatillafirerescue.com,East Umatilla Fire And Rescue District
249975,41,059,,UMATILLA,EAST IMPROVEMENT DISTRICT,Special District,IRRIGATION,,495 EAST MAIN ST,,HERMISTON,OR,97838,,,East Improvement District
249985,41,059,,UMATILLA,MILTON-FREEWATER AMBULANCE SERVICE AREA HEALTH DISTRICT,Special District,HEALTH,,311 SW 6TH AVE,,MILTON FREEWATER,OR,97862,,,Milton-Freewater Ambulance Service Area Health District
249986,41,059,,UMATILLA,RIETH SANITARY DISTRICT,Special District,SEWERAGE,,73755 HILL ST,,PENDLETON,OR,97801,,,Rieth Sanitary District
111775,41,061,,UNION,ELGIN CEMETERY MAINTENANCE DISTRICT,Special District,CEMETERIES,,PO BOX 976,,ELGIN,OR,97827,0976,,Elgin Cemetery Maintenance District
111776,41,061,,UNION,LA GRANDE RURAL FIRE PROTECTION DISTRICT,Special District,LOCAL FIRE PROTECTION,,10200 S MCALISTER RD,,LA GRANDE,OR,97850,8461,,La Grande Rural Fire Protection District
133404,41,061,,UNION,COVE RURAL FIRE PROTECTION DISTRICT,Special District,LOCAL FIRE PROTECTION,,PO BOX 206,,COVE,OR,97824,0206,,Cove Rural Fire Protection District
133406,41,061,,UNION,LA GRANDE CEMETERY DISTRICT,Special District,CEMETERIES,,PO BOX 362,,LA GRANDE,OR,97850,0362,,La Grande Cemetery District
133407,41,061,,UNION,UNION CEMETERY MAINTENANCE DISTRICT,Special District,CEMETERIES,,PO BOX 707,,UNION,OR,97883,0707,,Union Cemetery Maintenance District
133408,41,061,,UNION,ELGIN RURAL FIRE PROTECTION DISTRICT,Special District,LOCAL FIRE PROTECTION,,PO BOX 431,,ELGIN,OR,97827,0431,,Elgin Rural Fire Protection District
133409,41,061,,UNION,POWDER VALLEY WATER CONTROL DISTRICT,Special District,NATURAL RESOURCES AND WATER SUPPLY,,PO BOX 189,,NORTH POWDER,OR,97867,0189,,Powder Valley Water Control District
139735,41,061,,UNION,ELGIN COMMUNITY PARKS AND RECREATION DISTRICT,Special District,PARKS AND RECREATION,,PO BOX 218,,ELGIN,OR,97827,0218,,Elgin Community Parks And Recreation District
155062,41,061,,UNION,COVE CEMETERY MAINTENANCE DISTRICT,Special District,CEMETERIES,,PO BOX 336,,COVE,OR,97824,,https://coveoregon.org/cove-cemetery/,Cove Cemetery Maintenance District
155063,41,061,,UNION,UNION SOIL AND WATER CONSERVATION DISTRICT,Special District,SOIL AND WATER CONSERVATION,,10507 N MCALISTER RD,# 7,LA GRANDE,OR,97850,8716,,Union Soil And Water Conservation District
155064,41,061,,UNION,IMBLER RURAL FIRE PROTECTION DISTRICT,Special District,LOCAL FIRE PROTECTION,,PO BOX 269,,IMBLER,OR,97841,0269,,Imbler Rural Fire Protection District
155065,41,061,,UNION,SUMMERVILLE CEMETERY MAINTENANCE DISTRICT,Special District,CEMETERIES,,PO BOX 163,,SUMMERVILLE,OR,97841,0175,,Summerville Cemetery Maintenance District
155066,41,061,,UNION,UNION RURAL FIRE PROTECTION DISTRICT,Special District,LOCAL FIRE PROTECTION,,PO BOX 317,,UNION,OR,97883,0317,,Union Rural Fire Protection District
155067,41,061,,UNION,POWDER RURAL FIRE PROTECTION DISTRICT,Special District,LOCAL FIRE PROTECTION,,PO BOX 196,,NORTH POWDER,OR,97867,0196,,Powder Rural Fire Protection District
155068,41,061,,UNION,NORTH POWDER CEMETERY DISTRICT,Special District,CEMETERIES,,PO BOX 196,,NORTH POWDER,OR,97867,0196,,North Powder Cemetery District
155070,41,061,,UNION,ISLAND CITY AREA SANITARY DISTRICT,Special District,SEWERAGE,,PO BOX 1211,,LA GRANDE,OR,97850,6211,,Island City Area Sanitary District
207117,41,061,,UNION,NORTHEAST OREGON HOUSING AUTHORITY,Special District,HOUSING AND COMMUNITY DEVELOPMENT,,PO BOX 3357,,LA GRANDE,OR,97850,7357,http://www.neoha.org,Northeast Oregon Housing Authority
211831,41,061,,UNION,ISLAND CITY CEMETERY MAINTENANCE DISTRICT,Special District,CEMETERIES,,PO BOX 844,,LA GRANDE,OR,97850,0844,,Island City Cemetery Maintenance District
214907,41,061,,UNION,EASTERN OREGON HUMAN SERVICES CONSORTIUM,Special District,HEALTH,,401 E 3RD ST,STE 101,THE DALLES,OR,97058,2563,,Eastern Oregon Human Services Consortium
239819,41,061,,UNION,NORTHEAST OREGON ECONOMIC DEV DIST,Special District,OTHER MULTI-FUNCTION DISTRICTS,,101 NE 1ST ST,SUITE 100,ENTERPRISE,OR,97828,1184,,Northeast Oregon Economic Dev Dist
239820,41,061,,UNION,SOUTH COUNTY HEALTH DISTRICT,Special District,HOSPITALS,,PO BOX 605,,UNION,OR,97883,0605,,South County Health District
239821,41,061,,UNION,ELGIN HEALTH DISTRICT,Special District,HOSPITALS,,PO BOX 983,,ELGIN,OR,97827,0983,,Elgin Health District
111778,41,063,,WALLOWA,WALLOWA RURAL FIRE PROTECTION DISTRICT 1,Special District,LOCAL FIRE PROTECTION,,PO BOX 922,,JOSEPH,OR,97846,0922,,Wallowa Rural Fire Protection District 1
133410,41,063,,WALLOWA,ENTERPRISE CEMETERY DISTRICT,Special District,CEMETERIES,,301 SE 6TH ST,,ENTERPRISE,OR,97828,,,Enterprise Cemetery District
133411,41,063,,WALLOWA,WALLOWA CEMETERY DISTRICT,Special District,CEMETERIES,,PO BOX 252,,WALLOWA,OR,97885,0252,,Wallowa Cemetery District
155071,41,063,,WALLOWA,WALLOWA COUNTY SOIL AND WATER CONSERVATION DISTRICT,Special District,SOIL AND WATER CONSERVATION,,401 NE 1ST ST,SUITE E,ENTERPRISE,OR,97828,1187,,Wallowa County Soil And Water Conservation District
155073,41,063,,WALLOWA,ALDER SLOPE CEMETERY MAINTENANCE DISTRICT,Special District,CEMETERIES,,64310 ALDER SLOPE RD,,ENTERPRISE,OR,97828,3006,,Alder Slope Cemetery Maintenance District
187174,41,063,,WALLOWA,JOSEPH CEMETERY MAINTENANCE DISTRICT,Special District,CEMETERIES,,62052 PRARIE CREEK RD,,JOSEPH,OR,97846,,,Joseph Cemetery Maintenance District
191324,41,063,,WALLOWA,LOSTINE CEMETERY DISTRICT,Special District,CEMETERIES,,175 HIGHWAY 82,,LOSTINE,OR,97857,6460,,Lostine Cemetery District
198790,41,063,,WALLOWA,LOWER VALLEY WATER IMPROVEMENT DISTRICT,Special District,WATER SUPPLY UTILITY,,175 HIGHWAY 82,,LOSTINE,OR,97857,6460,,Lower Valley Water Improvement District
198791,41,063,,WALLOWA,EVERGREEN SEWER AND WATER DISTRICT,Special District,SEWERAGE,,104 N PINE ST,,WALLOWA,OR,97885,8445,,Evergreen Sewer And Water District
207118,41,063,,WALLOWA,WALLOWA COUNTY HEALTH CARE DISTRICT,Special District,HOSPITALS,,601 MEDICAL PKWY,,ENTERPRISE,OR,97828,5124,http://www.wchcd.org,Wallowa County Health Care District
218158,41,063,,WALLOWA,WALLOWA VALLEY IMPROVEMENT DISTRICT 1,Special District,OTHER NATURAL RESOURCES,,61581 TUCKER DOWN RD,,JOSEPH,OR,97846,8220,,Wallowa Valley Improvement District 1
220004,41,063,,WALLOWA,WALLOWA LAKE RURAL FIRE PROTECTION DISTRICT,Special District,LOCAL FIRE PROTECTION,,PO BOX 922,,JOSEPH,OR,97846,0922,,Wallowa Lake Rural Fire Protection District
239822,41,063,,WALLOWA,WALLOWA UNION RAILROAD AUTHORITY,Special District,OTHER MULTI-FUNCTION DISTRICTS,,101 SOUTH RIVER STREET,,ENTEPRISE OREGON,OR,97828,1182,,Wallowa Union Railroad Authority
249970,41,063,,WALLOWA,WALLOWA LAKE IRRIGATION DISTRICT,Special District,IRRIGATION,,65196 DOBBIN ROAD,,JOSEPH,OR,97846,,HTTPS://WWW.WLID.ORG/,Wallowa Lake Irrigation District
111779,41,065,,WASCO,PORT OF THE DALLES,Special District,INDUSTRIAL DEVELOPMENT,,3636 KLINDT DR,,THE DALLES,OR,97058,3523,http://www.portofthedalles.com,Port Of The Dalles
111780,41,065,,WASCO,DALLES IRRIGATION DISTRICT,Special District,IRRIGATION,,3503 OLNEY RD,,THE DALLES,OR,97058,9513,,Dalles Irrigation District
111781,41,065,,WASCO,PINE GROVE WATER DISTRICT,Special District,WATER SUPPLY UTILITY,,PO BOX 57,,MAUPIN,OR,97037,0057,,Pine Grove Water District
133412,41,065,,WASCO,WASCO COUNTY SOIL AND WATER CONSERVATION DISTRICT,Special District,SOIL AND WATER CONSERVATION,,2325 RIVER RD,STE 3,THE DALLES,OR,97058,3582,http://www.wasco.oacd.org/,Wasco County Soil And Water Conservation District
133413,41,065,,WASCO,NORTH WASCO COUNTY PARKS AND RECREATION DISTRICT,Special District,PARKS AND RECREATION,,602 W 2ND ST,,THE DALLES,OR,97058,1315,http://www.nwprd.org,North Wasco County Parks And Recreation District
133414,41,065,,WASCO,DUFUR RECREATION DISTRICT,Special District,PARKS AND RECREATION,,PO BOX 253,,DUFUR,OR,97021,0253,,Dufur Recreation District
133415,41,065,,WASCO,MOSIER FIRE DISTRICT,Special District,LOCAL FIRE PROTECTION,,PO BOX 689,,MOSIER,OR,97040,0689,http://mosierfire.com/,Mosier Fire District
133416,41,065,,WASCO,COLUMBIA RURAL FIRE PROTECTION DISTRICT,Special District,LOCAL FIRE PROTECTION,,6330 KELLY CUTOFF RD,,THE DALLES,OR,97058,9634,,Columbia Rural Fire Protection District
139736,41,065,,WASCO,MID COLUMBIA HOUSING AUTHORITY,Special District,HOUSING AND COMMUNITY DEVELOPMENT,,500 E 2ND ST,,THE DALLES,OR,97058,2414,http://www.mid-columbiahousingauthority.org/,Mid Columbia Housing Authority
155078,41,065,,WASCO,BADGER IMPROVEMENT IRRIGATION DISTRICT,Special District,IRRIGATION,,80309 ROSS RD,,TYGH VALLEY,OR,97063,9793,,Badger Improvement Irrigation District
155079,41,065,,WASCO,TYGH VALLEY WATER DISTRICT,Special District,WATER SUPPLY UTILITY,,PO BOX 102,,TYGH VALLEY,OR,97063,0102,,Tygh Valley Water District
155081,41,065,,WASCO,MID COLUMBIA FIRE AND RESCUE,Special District,LOCAL FIRE PROTECTION,,1400 W 8TH ST,,THE DALLES,OR,97058,1048,,Mid Columbia Fire And Rescue
155083,41,065,,WASCO,TOOLEY WATER DISTRICT,Special District,WATER SUPPLY UTILITY,,4730 HIGHWAY 30W,,THE DALLES,OR,97058,9598,,Tooley Water District
155084,41,065,,WASCO,JUNIPER FLAT RURAL FIRE PROTECTION DISTRICT,Special District,LOCAL FIRE PROTECTION,,80501 HIGHWAY 216,,MAUPIN,OR,97037,9143,,Juniper Flat Rural Fire Protection District
192876,41,065,,WASCO,NORTHERN WASCO COUNTY PEOPLES UTILITIES DISTRICT,Special District,ELECTRIC POWER UTILITY,,2345 RIVER RD,,THE DALLES,OR,97058,3551,http://WWW.NWASCO.COM,Northern Wasco County Peoples Utilities District
198515,41,065,,WASCO,CHENOWITH WATER PEOPLES UTILITIES DISTRICT,Special District,WATER SUPPLY UTILITY,,PO BOX 870,,THE DALLES,OR,97058,0870,http://www.chenowithwater.com,Chenowith Water Peoples Utilities District
198516,41,065,,WASCO,WAMIC WATER AND SANITARY AUTHORITY,Special District,SEWERAGE AND WATER SUPPLY,,80357 EMIGRANT ST,,WAMIC,OR,97063,8744,,Wamic Water And Sanitary Authority
198517,41,065,,WASCO,WHITE RIVER HEALTH DISTRICT,Special District,HEALTH,,PO BOX 219,,MAUPIN,OR,97037,0219,http://www.deschutesrimhc.com,White River Health District
214803,41,065,,WASCO,COLUMBIA GORGE HOUSING AUTHORITY,Special District,HOUSING AND COMMUNITY DEVELOPMENT,,500 E 2ND ST,,THE DALLES,OR,97058,2414,http://www.columbiagorgehousingauthority.org,Columbia Gorge Housing Authority
218207,41,065,,WASCO,TYGH VALLEY FIRE DISTRICT,Special District,LOCAL FIRE PROTECTION,,PO BOX 213,,TYGH VALLEY,OR,97063,0213,,Tygh Valley Fire District
218209,41,065,,WASCO,LOST AND BOULDER DITCH IMPROVEMENT DISTRICT,Special District,IRRIGATION,,PO BOX 191,,TYGH VALLEY,OR,97063,0191,,Lost And Boulder Ditch Improvement District
239823,41,065,,WASCO,WAMIC RFPD,Special District,LOCAL FIRE PROTECTION,,11 S COUNTY RD,,WAMIC,OR,97063,9749,,Wamic Rfpd
239824,41,065,,WASCO,MID-COLUMBIA ECONOMIC DEV DISTRICT,Special District,OTHER MULTI-FUNCTION DISTRICTS,,802 CHENOWITH LOOP RD,STE A,THE DALLES,OR,97058,4439,,Mid-Columbia Economic Dev District
239825,41,065,,WASCO,MID-COLUMBIA CENTER FOR LIVING,Special District,HEALTH,,1060 WEBBER ST,ROOM 207,THE DALLES,OR,97058,3749,,Mid-Columbia Center For Living
249988,41,065,,WASCO,SOUTH WASCO PARK & RECREATION DISTRICT,Special District,PARKS AND RECREATION,,PO BOX 177,,TYGH VALLEY,OR,97063,,,South Wasco Park & Recreation District
111783,41,067,,WASHINGTON,TUALATIN VALLEY IRRIGATION DISTRICT,Special District,IRRIGATION,,2330 ELM ST,,FOREST GROVE,OR,97116,1564,http://www.tvid.org,Tualatin Valley Irrigation District
133417,41,067,,WASHINGTON,TIGARD WATER DISTRICT,Special District,WATER SUPPLY UTILITY,,PO BOX 230281,,PORTLAND,OR,97281,0281,http://www.tigardwaterdistrict.org,Tigard Water District
133418,41,067,,WASHINGTON,RAINBOW LANE SPECIAL ROAD DISTRICT,Special District,HIGHWAYS,,23970 SW RAINBOW LN,,HILLSBORO,OR,97123,9306,,Rainbow Lane Special Road District
133419,41,067,,WASHINGTON,JOBS DRAINAGE DISTRICT,Special District,DRAINAGE,,350 SW 345TH AVE,,HILLSBORO,OR,97123,5437,,Jobs Drainage District
139737,41,067,,WASHINGTON,TUALATIN VALLEY FIRE AND RESCUE DISTRICT,Special District,LOCAL FIRE PROTECTION,,11945 SW 70TH AVE,,TIGARD,OR,97223,8566,http://www.tvfr.com/,Tualatin Valley Fire And Rescue District
155086,41,067,,WASHINGTON,CORNELIUS RURAL FIRE PROTECTION DISTRICT,Special District,LOCAL FIRE PROTECTION,,1355 N BARLOW ST,,CORNELIUS,OR,97113,8912,,Cornelius Rural Fire Protection District
155088,41,067,,WASHINGTON,RALEIGH WATER DISTRICT,Special District,WATER SUPPLY UTILITY,,5010 SW SCHOLLS FERRY RD,,PORTLAND,OR,97225,1608,,Raleigh Water District
155089,41,067,,WASHINGTON,WASHINGTON COUNTY DRAINAGE DISTRICT 7,Special District,DRAINAGE,,7750 NW KANSAS CITY RD,,FOREST GROVE,OR,97116,7830,,Washington County Drainage District 7
155090,41,067,,WASHINGTON,TUALATIN (WASHINGTON COUNTY) SOIL AND WATER CONSERVATION DIST,Special District,SOIL AND WATER CONSERVATION,,7175 NE EVERGREEN PARKWAY,STE 400,HILLSBORO,OR,97124,3831,http://WWW.SWCD.NET,Tualatin (Washington County) Soil And Water Conservation Dist
155091,41,067,,WASHINGTON,TUALATIN VALLEY WATER DISTRICT,Special District,WATER SUPPLY UTILITY,,1850 SW 170TH AVE,,BEAVERTON,OR,97003,4211,http://www.tvwd.org,Tualatin Valley Water District
155096,41,067,,WASHINGTON,TUALATIN HILLS PARKS AND RECREATION DISTRICT,Special District,PARKS AND RECREATION,,15707 SW WALKER RD,,BEAVERTON,OR,97006,5999,http://WWW.THPRD.ORG,Tualatin Hills Parks And Recreation District
155099,41,067,,WASHINGTON,GASTON RURAL FIRE PROTECTION DISTRICT,Special District,LOCAL FIRE PROTECTION,,102 E MAIN ST,,GASTON,OR,97119,8600,,Gaston Rural Fire Protection District
187175,41,067,,WASHINGTON,BANKS FIRE DISTRICT,Special District,LOCAL FIRE PROTECTION,,13430 NW MAIN ST,,BANKS,OR,97106,9059,http://www.banksfire.org,Banks Fire District
191325,41,067,,WASHINGTON,STAR SATELLITE IMPROVEMENT DISTRICT,Special District,WATER SUPPLY UTILITY,,PO BOX 819,,BANKS,OR,97106,8880,,Star Satellite Improvement District
202456,41,067,,WASHINGTON,METROPOLITAN AREA COMMUNICATIONS COMMISSION,Special District,OTHER SINGLE FUNCTION DISTRICTS,,15201 NW GREENBRIER PKWY,SUITE C1,BEAVERTON,OR,97006,6053,http://WWW.MACCOR.ORG,Metropolitan Area Communications Commission
205249,41,067,,WASHINGTON,WEST SLOPE WATER DISTRICT,Special District,WATER SUPPLY UTILITY,,PO BOX 25140,,PORTLAND,OR,97298,0140,,West Slope Water District
205250,41,067,,WASHINGTON,WASHINGTON COUNTY CONSOLIDATED COMMUNICATIONS AGENCY,Special District,OTHER SINGLE FUNCTION DISTRICTS,,17911 NW EVERGREEN PKWY,,BEAVERTON,OR,97006,7438,http://www.wccca.com,Washington County Consolidated Communications Agency
207120,41,067,,WASHINGTON,WOLSBORN FARMS WATER DISTRICT,Special District,WATER SUPPLY UTILITY,,25897 SW WOLSBORN AVE,,HILLSBORO,OR,97123,9422,,Wolsborn Farms Water District
211832,41,067,,WASHINGTON,FOREST GROVE RURAL FIRE PROTECTION DISTRICT 1,Special District,LOCAL FIRE PROTECTION,,1919 ASH ST,,FOREST GROVE,OR,97116,2426,http://www.forestgrove-or.gov/city-hall/fire-department.html,Forest Grove Rural Fire Protection District 1
214910,41,067,,WASHINGTON,BARNEY RESERVOIR JOINT OWNERSHIP COMMISSION,Special District,WATER SUPPLY UTILITY,,150 E MAIN ST,,HILLSBORO,OR,97132,4028,,Barney Reservoir Joint Ownership Commission
214911,41,067,,WASHINGTON,HILLSBORO-FOREST GROVE-BEAVERTON JOINT WATER COMMISSION,Special District,WATER SUPPLY UTILITY,,150 E MAIN ST,,HILLSBORO,OR,97123,4028,http://www.jwcwater.org,Hillsboro-Forest Grove-Beaverton Joint Water Commission
239826,41,067,,WASHINGTON,QUALITYLIFE INTERGOVERNMENTAL AGENCY,Special District,OTHER MULTI-FUNCTION DISTRICTS,,511 WASHINGTON ST,SUITE 101,THE DALLES,OR,97058,2237,,Qualitylife Intergovernmental Agency
239827,41,067,,WASHINGTON,TIGARD-TUALATIN AQUATIC DISTRICT,Special District,PARKS AND RECREATION,,8680 SW DURHAM RD,,TIGARD,OR,97224,5419,,Tigard-Tualatin Aquatic District
155100,41,069,,WHEELER,NORTHEAST WHEELER COUNTY HEALTH DISTRICT,Special District,HEALTH,,PO BOX 545,,FOSSIL,OR,97830,0545,,Northeast Wheeler County Health District
207121,41,069,,WHEELER,WHEELER SOIL AND WATER CONSERVATION DISTRICT,Special District,SOIL AND WATER CONSERVATION,,40535 HIGHWAY 19,,FOSSIL,OR,97830,8242,http://www.wheelerswcd.org,Wheeler Soil And Water Conservation District
133421,41,071,,YAMHILL,AMITY RURAL FIRE PROTECTION DISTRICT,Special District,LOCAL FIRE PROTECTION,,PO BOX 335,,AMITY,OR,97101,0335,http://WWW.AMITYFIRE.COM,Amity Rural Fire Protection District
133422,41,071,,YAMHILL,WEST VALLEY FIRE DISTRICT,Special District,LOCAL FIRE PROTECTION,,825 NE MAIN ST,,WILLAMINA,OR,97396,2788,,West Valley Fire District
139739,41,071,,YAMHILL,BUELL RED PRAIRIE WATER DISTRICT,Special District,WATER SUPPLY UTILITY,,P.O.BOX 367,,SHERIDAN,OR,97378,0367,http://WWW.OPEN.ORG/BRPWATER,Buell Red Prairie Water District
155101,41,071,,YAMHILL,DUNDEE RURAL FIRE PROTECTION DISTRICT,Special District,LOCAL FIRE PROTECTION,,PO BOX 491,,DUNDEE,OR,97115,0491,,Dundee Rural Fire Protection District
155103,41,071,,YAMHILL,SHERIDAN RURAL FIRE PROTECTION DISTRICT,Special District,LOCAL FIRE PROTECTION,,230 SOUTHWEST MILL STREET,,SHERIDAN,OR,97378,0006,http://www.sheridanfd.org,Sheridan Rural Fire Protection District
155104,41,071,,YAMHILL,YAMHILL RURAL FIRE PROTECTION DISTRICT,Special District,LOCAL FIRE PROTECTION,,PO BOX 249,,YAMHILL,OR,97148,0249,http://www.yamhillfire.org,Yamhill Rural Fire Protection District
155105,41,071,,YAMHILL,OTTER CREEK HYLANDS ROAD DISTRICT,Special District,HIGHWAYS,,23415 NE HYLAND DR,,NEWBERG,OR,97132,7326,,Otter Creek Hylands Road District
202457,41,071,,YAMHILL,MCMINNVILLE RURAL FIRE PROTECTION DISTRICT,Special District,LOCAL FIRE PROTECTION,,PO BOX 384,,MCMINNVILLE,OR,97128,0384,,Mcminnville Rural Fire Protection District
205251,41,071,,YAMHILL,DAYTON RURAL FIRE PROTECTION DISTRICT,Special District,LOCAL FIRE PROTECTION,,PO BOX 337,,DAYTON,OR,97114,0337,,Dayton Rural Fire Protection District
205252,41,071,,YAMHILL,CHEHALEM PARKS AND RECREATION DISTRICT,Special District,PARKS AND RECREATION,,125 S ELLIOTT RD,STE A,NEWBERG,OR,97132,2295,http://www.cprdnewberg.org/,Chehalem Parks And Recreation District
207122,41,071,,YAMHILL,YAMHILL COUNTY HOUSING AUTHORITY,Special District,HOUSING AND COMMUNITY DEVELOPMENT,,135 NE DUNN PL,,MCMINNVILLE,OR,97128,9081,http://www.hayc.org/,Yamhill County Housing Authority
207123,41,071,,YAMHILL,YAMHILL COUNTY SOIL AND WATER CONSERVATION DISTRICT,Special District,SOIL AND WATER CONSERVATION,,2200 SW 2ND ST,STE C,MCMINNVILLE,OR,97128,5485,http://www.yamhillsured.org,Yamhill County Soil And Water Conservation District
214757,41,071,,YAMHILL,SUNNY ACRES WATER DISTRICT,Special District,WATER SUPPLY UTILITY,,23945 NE SUNNYCREST RD,,NEWBERG,OR,97132,6873,,Sunny Acres Water District
214758,41,071,,YAMHILL,SOUTH YAMHILL WATER DISTRICT,Special District,WATER SUPPLY UTILITY,,SOUTH YAMHILL WATER DISTRICT,P.O. BOX 711,YAMHILL,OR,97148,8523,,South Yamhill Water District
214759,41,071,,YAMHILL,EAST YAMHLL RURAL WATER DISTRICT,Special District,WATER SUPPLY UTILITY,,PO BOX 611,,YAMHILL,OR,97148,0611,,East Yamhll Rural Water District
239828,41,071,,YAMHILL,NEW CARLTON FIRE DISTRICT,Special District,LOCAL FIRE PROTECTION,,PO BOX 718,,CARLTON,OR,97111,0718,,New Carlton Fire District
159080,53,045,,MASON,MASON COUNTY HOUSING AUTHORITY,Special District,HOUSING AND COMMUNITY DEVELOPMENT,,13221 SW 68TH PKWY,#310,PORTLAND,OR,97223,,,Mason County Housing Authority