ocd_id,role,office_position,partisan_election,occupation_method,term_length
ocd-division/country:us/state:or,US Senator,,Partisan,Election,6
ocd-division/country:us/state:or,US Senator,,Partisan,Election,6
ocd-division/country:us/state:or,Attorney General,,Partisan,Election,4
ocd-division/country:us/state:or,Commissioner of the Bureau of Labor and Industries,,Non-partisan,Election,4
ocd-division/country:us/state:or,Governor,,Partisan,Election,4
ocd-division/country:us/state:or,Secretary of State,,Partisan,Election,2
ocd-division/country:us/state:or,State Treasurer,,Partisan,Election,4
ocd-division/country:us/state:or,Justice of the State Supreme Court,Position 1,Non-partisan,Election,2
ocd-division/country:us/state:or,Justice of the State Supreme Court,Position 2,Non-partisan,Election,6
ocd-division/country:us/state:or,Justice of the State Supreme Court,Position 3,Non-partisan,Election,6
ocd-division/country:us/state:or,Justice of the State Supreme Court,Position 4,Non-partisan,Election,6
ocd-division/country:us/state:or,Justice of the State Supreme Court,Position 5,Non-partisan,Election,2
ocd-division/country:us/state:or,Justice of the State Supreme Court,Position 6,Non-partisan,Election,6
ocd-division/country:us/state:or,Justice of the State Supreme Court,Position 7,Non-partisan,Election,2
ocd-division/country:us/state:or,Judge of the Court of Appeals,Position 1,Non-partisan,Election,6
ocd-division/country:us/state:or,Judge of the Court of Appeals,Position 10,Non-partisan,Election,6
ocd-division/country:us/state:or,Judge of the Court of Appeals,Position 11,Non-partisan,Election,6
ocd-division/country:us/state:or,Judge of the Court of Appeals,Position 12,Non-partisan,Election,6
ocd-division/country:us/state:or,Judge of the Court of Appeals,Position 13,Non-partisan,Election,6
ocd-division/country:us/state:or,Judge of the Court of Appeals,Position 2,Non-partisan,Election,2
ocd-division/country:us/state:or,Judge of the Court of Appeals,Position 3,Non-partisan,Election,6
ocd-division/country:us/state:or,Judge of the Court of Appeals,Position 4,Non-partisan,Election,6
ocd-division/country:us/state:or,Judge of the Court of Appeals,Position 5,Non-partisan,Election,6
ocd-division/country:us/state:or,Judge of the Court of Appeals,Position 6,Non-partisan,Election,6
ocd-division/country:us/state:or,Judge of the Court of Appeals,Position 7,Non-partisan,Election,6
ocd-division/country:us/state:or,Judge of the Court of Appeals,Position 8,Non-partisan,Election,6
ocd-division/country:us/state:or,Judge of the Court of Appeals,Position 9,Non-partisan,Election,6
ocd-division/country:us/state:or/cd:district_1,US Representative,,Partisan,Election,2
ocd-division/country:us/state:or/cd:district_2,US Representative,,Partisan,Election,2
ocd-division/country:us/state:or/cd:district_3,US Representative,,Partisan,Election,2
ocd-division/country:us/state:or/cd:district_4,US Representative,,Partisan,Election,2
ocd-division/country:us/state:or/cd:district_5,US Representative,,Partisan,Election,2
ocd-division/country:us/state:or/cd:district_6,US Representative,,Partisan,Election,2
ocd-division/country:us/state:or/circuit_court:district_1,Judge of the Circuit Court,Position 1,Non-partisan,Election,4
ocd-division/country:us/state:or/circuit_court:district_1,Judge of the Circuit Court,Position 10,Non-partisan,Election,6
ocd-division/country:us/state:or/circuit_court:district_1,Judge of the Circuit Court,Position 2,Non-partisan,Election,6
ocd-division/country:us/state:or/circuit_court:district_1,Judge of the Circuit Court,Position 3,Non-partisan,Election,6
ocd-division/country:us/state:or/circuit_court:district_1,Judge of the Circuit Court,Position 4,Non-partisan,Election,6
ocd-division/country:us/state:or/circuit_court:district_1,Judge of the Circuit Court,Position 6,Non-partisan,Election,6
ocd-division/country:us/state:or/circuit_court:district_1,Judge of the Circuit Court,Position 7,Non-partisan,Election,6
ocd-division/country:us/state:or/circuit_court:district_1,Judge of the Circuit Court,Position 8,Non-partisan,Election,6
ocd-division/country:us/state:or/circuit_court:district_1,Judge of the Circuit Court,Position 9,Non-partisan,Election,6
ocd-division/country:us/state:or/circuit_court:district_10,Judge of the Circuit Court,Position 1,Non-partisan,Election,6
ocd-division/country:us/state:or/circuit_court:district_10,Judge of the Circuit Court,Position 2,Non-partisan,Election,6
ocd-division/country:us/state:or/circuit_court:district_11,Judge of the Circuit Court,Position 1,Non-partisan,Election,6
ocd-division/country:us/state:or/circuit_court:district_11,Judge of the Circuit Court,Position 2,Non-partisan,Election,6
ocd-division/country:us/state:or/circuit_court:district_11,Judge of the Circuit Court,Position 3,Non-partisan,Election,6
ocd-division/country:us/state:or/circuit_court:district_11,Judge of the Circuit Court,Position 4,Non-partisan,Election,6
ocd-division/country:us/state:or/circuit_court:district_11,Judge of the Circuit Court,Position 5,Non-partisan,Election,6
ocd-division/country:us/state:or/circuit_court:district_11,Judge of the Circuit Court,Position 6,Non-partisan,Election,6
ocd-division/country:us/state:or/circuit_court:district_11,Judge of the Circuit Court,Position 7,Non-partisan,Election,6
ocd-division/country:us/state:or/circuit_court:district_11,Judge of the Circuit Court,Position 8,Non-partisan,Election,6
ocd-division/country:us/state:or/circuit_court:district_11,Judge of the Circuit Court,Position 9,Non-partisan,Election,6
ocd-division/country:us/state:or/circuit_court:district_12,Judge of the Circuit Court,Position 1,Non-partisan,Election,6
ocd-division/country:us/state:or/circuit_court:district_12,Judge of the Circuit Court,Position 2,Non-partisan,Election,6
ocd-division/country:us/state:or/circuit_court:district_12,Judge of the Circuit Court,Position 3,Non-partisan,Election,6
ocd-division/country:us/state:or/circuit_court:district_13,Judge of the Circuit Court,Position 1,Non-partisan,Election,6
ocd-division/country:us/state:or/circuit_court:district_13,Judge of the Circuit Court,Position 2,Non-partisan,Election,6
ocd-division/country:us/state:or/circuit_court:district_13,Judge of the Circuit Court,Position 3,Non-partisan,Election,6
ocd-division/country:us/state:or/circuit_court:district_13,Judge of the Circuit Court,Position 4,Non-partisan,Election,6
ocd-division/country:us/state:or/circuit_court:district_13,Judge of the Circuit Court,Position 5,Non-partisan,Election,6
ocd-division/country:us/state:or/circuit_court:district_14,Judge of the Circuit Court,Position 1,Non-partisan,Election,6
ocd-division/country:us/state:or/circuit_court:district_14,Judge of the Circuit Court,Position 2,Non-partisan,Election,6
ocd-division/country:us/state:or/circuit_court:district_14,Judge of the Circuit Court,Position 3,Non-partisan,Election,6
ocd-division/country:us/state:or/circuit_court:district_14,Judge of the Circuit Court,Position 4,Non-partisan,Election,6
ocd-division/country:us/state:or/circuit_court:district_14,Judge of the Circuit Court,Position 5,Non-partisan,Election,6
ocd-division/country:us/state:or/circuit_court:district_15,Judge of the Circuit Court,Position 1,Non-partisan,Election,6
ocd-division/country:us/state:or/circuit_court:district_15,Judge of the Circuit Court,Position 2,Non-partisan,Election,6
ocd-division/country:us/state:or/circuit_court:district_15,Judge of the Circuit Court,Position 3,Non-partisan,Election,6
ocd-division/country:us/state:or/circuit_court:district_15,Judge of the Circuit Court,Position 4,Non-partisan,Election,2
ocd-division/country:us/state:or/circuit_court:district_15,Judge of the Circuit Court,Position 5,Non-partisan,Election,6
ocd-division/country:us/state:or/circuit_court:district_15,Judge of the Circuit Court,Position 6,Non-partisan,Election,6
ocd-division/country:us/state:or/circuit_court:district_16,Judge of the Circuit Court,Position 1,Non-partisan,Election,6
ocd-division/country:us/state:or/circuit_court:district_16,Judge of the Circuit Court,Position 2,Non-partisan,Election,6
ocd-division/country:us/state:or/circuit_court:district_16,Judge of the Circuit Court,Position 3,Non-partisan,Election,6
ocd-division/country:us/state:or/circuit_court:district_16,Judge of the Circuit Court,Position 4,Non-partisan,Election,6
ocd-division/country:us/state:or/circuit_court:district_16,Judge of the Circuit Court,Position 5,Non-partisan,Election,6
ocd-division/country:us/state:or/circuit_court:district_17,Judge of the Circuit Court,Position 1,Non-partisan,Election,6
ocd-division/country:us/state:or/circuit_court:district_17,Judge of the Circuit Court,Position 2,Non-partisan,Election,6
ocd-division/country:us/state:or/circuit_court:district_17,Judge of the Circuit Court,Position 3,Non-partisan,Election,6
ocd-division/country:us/state:or/circuit_court:district_18,Judge of the Circuit Court,Position 1,Non-partisan,Election,6
ocd-division/country:us/state:or/circuit_court:district_18,Judge of the Circuit Court,Position 2,Non-partisan,Election,6
ocd-division/country:us/state:or/circuit_court:district_18,Judge of the Circuit Court,Position 3,Non-partisan,Election,6
ocd-division/country:us/state:or/circuit_court:district_19,Judge of the Circuit Court,Position 1,Non-partisan,Election,6
ocd-division/country:us/state:or/circuit_court:district_19,Judge of the Circuit Court,Position 2,Non-partisan,Election,6
ocd-division/country:us/state:or/circuit_court:district_19,Judge of the Circuit Court,Position 3,Non-partisan,Election,6
ocd-division/country:us/state:or/circuit_court:district_2,Judge of the Circuit Court,Position 1,Non-partisan,Election,6
ocd-division/country:us/state:or/circuit_court:district_2,Judge of the Circuit Court,Position 10,Non-partisan,Election,6
ocd-division/country:us/state:or/circuit_court:district_2,Judge of the Circuit Court,Position 11,Non-partisan,Election,6
ocd-division/country:us/state:or/circuit_court:district_2,Judge of the Circuit Court,Position 12,Non-partisan,Election,6
ocd-division/country:us/state:or/circuit_court:district_2,Judge of the Circuit Court,Position 13,Non-partisan,Election,6
ocd-division/country:us/state:or/circuit_court:district_2,Judge of the Circuit Court,Position 14,Non-partisan,Election,6
ocd-division/country:us/state:or/circuit_court:district_2,Judge of the Circuit Court,Position 15,Non-partisan,Election,6
ocd-division/country:us/state:or/circuit_court:district_2,Judge of the Circuit Court,Position 2,Non-partisan,Election,6
ocd-division/country:us/state:or/circuit_court:district_2,Judge of the Circuit Court,Position 3,Non-partisan,Election,6
ocd-division/country:us/state:or/circuit_court:district_2,Judge of the Circuit Court,Position 4,Non-partisan,Election,6
ocd-division/country:us/state:or/circuit_court:district_2,Judge of the Circuit Court,Position 5,Non-partisan,Election,6
ocd-division/country:us/state:or/circuit_court:district_2,Judge of the Circuit Court,Position 6,Non-partisan,Election,6
ocd-division/country:us/state:or/circuit_court:district_2,Judge of the Circuit Court,Position 7,Non-partisan,Election,6
ocd-division/country:us/state:or/circuit_court:district_2,Judge of the Circuit Court,Position 8,Non-partisan,Election,6
ocd-division/country:us/state:or/circuit_court:district_2,Judge of the Circuit Court,Position 9,Non-partisan,Election,6
ocd-division/country:us/state:or/circuit_court:district_20,Judge of the Circuit Court,Position 1,Non-partisan,Election,6
ocd-division/country:us/state:or/circuit_court:district_20,Judge of the Circuit Court,Position 10,Non-partisan,Election,6
ocd-division/country:us/state:or/circuit_court:district_20,Judge of the Circuit Court,Position 11,Non-partisan,Election,6
ocd-division/country:us/state:or/circuit_court:district_20,Judge of the Circuit Court,Position 12,,Election,1
ocd-division/country:us/state:or/circuit_court:district_20,Judge of the Circuit Court,Position 13,Non-partisan,Election,6
ocd-division/country:us/state:or/circuit_court:district_20,Judge of the Circuit Court,Position 14,Non-partisan,Election,6
ocd-division/country:us/state:or/circuit_court:district_20,Judge of the Circuit Court,Position 15,Non-partisan,Election,6
ocd-division/country:us/state:or/circuit_court:district_20,Judge of the Circuit Court,Position 2,Non-partisan,Election,6
ocd-division/country:us/state:or/circuit_court:district_20,Judge of the Circuit Court,Position 3,Non-partisan,Election,6
ocd-division/country:us/state:or/circuit_court:district_20,Judge of the Circuit Court,Position 4,Non-partisan,Election,6
ocd-division/country:us/state:or/circuit_court:district_20,Judge of the Circuit Court,Position 5,Non-partisan,Election,6
ocd-division/country:us/state:or/circuit_court:district_20,Judge of the Circuit Court,Position 6,Non-partisan,Election,6
ocd-division/country:us/state:or/circuit_court:district_20,Judge of the Circuit Court,Position 7,Non-partisan,Election,6
ocd-division/country:us/state:or/circuit_court:district_20,Judge of the Circuit Court,Position 8,Non-partisan,Election,6
ocd-division/country:us/state:or/circuit_court:district_20,Judge of the Circuit Court,Position 9,Non-partisan,Election,6
ocd-division/country:us/state:or/circuit_court:district_21,Judge of the Circuit Court,Position 1,Non-partisan,Election,6
ocd-division/country:us/state:or/circuit_court:district_21,Judge of the Circuit Court,Position 2,Non-partisan,Election,6
ocd-division/country:us/state:or/circuit_court:district_21,Judge of the Circuit Court,Position 3,Non-partisan,Election,6
ocd-division/country:us/state:or/circuit_court:district_22,Judge of the Circuit Court,Position 1,Non-partisan,Election,6
ocd-division/country:us/state:or/circuit_court:district_22,Judge of the Circuit Court,Position 2,Non-partisan,Election,6
ocd-division/country:us/state:or/circuit_court:district_22,Judge of the Circuit Court,Position 3,Non-partisan,Election,6
ocd-division/country:us/state:or/circuit_court:district_23,Judge of the Circuit Court,Position 1,Non-partisan,Election,6
ocd-division/country:us/state:or/circuit_court:district_23,Judge of the Circuit Court,Position 2,Non-partisan,Election,6
ocd-division/country:us/state:or/circuit_court:district_23,Judge of the Circuit Court,Position 3,Non-partisan,Election,6
ocd-division/country:us/state:or/circuit_court:district_23,Judge of the Circuit Court,Position 4,Non-partisan,Election,6
ocd-division/country:us/state:or/circuit_court:district_23,Judge of the Circuit Court,Position 5,Non-partisan,Election,6
ocd-division/country:us/state:or/circuit_court:district_24,Judge of the Circuit Court,Position 1,Non-partisan,Election,6
ocd-division/country:us/state:or/circuit_court:district_25,Judge of the Circuit Court,Position 1,Non-partisan,Election,6
ocd-division/country:us/state:or/circuit_court:district_25,Judge of the Circuit Court,Position 2,Non-partisan,Election,6
ocd-division/country:us/state:or/circuit_court:district_25,Judge of the Circuit Court,Position 3,Non-partisan,Election,6
ocd-division/country:us/state:or/circuit_court:district_25,Judge of the Circuit Court,Position 4,Non-partisan,Election,6
ocd-division/country:us/state:or/circuit_court:district_26,Judge of the Circuit Court,Position 1,Non-partisan,Election,6
ocd-division/country:us/state:or/circuit_court:district_27,Judge of the Circuit Court,Position 1,Non-partisan,Election,6
ocd-division/country:us/state:or/circuit_court:district_27,Judge of the Circuit Court,Position 2,Non-partisan,Election,6
ocd-division/country:us/state:or/circuit_court:district_3,Judge of the Circuit Court,Position 1,Non-partisan,Election,6
ocd-division/country:us/state:or/circuit_court:district_3,Judge of the Circuit Court,Position 10,Non-partisan,Election,6
ocd-division/country:us/state:or/circuit_court:district_3,Judge of the Circuit Court,Position 11,Non-partisan,Election,6
ocd-division/country:us/state:or/circuit_court:district_3,Judge of the Circuit Court,Position 12,Non-partisan,Election,6
ocd-division/country:us/state:or/circuit_court:district_3,Judge of the Circuit Court,Position 13,Non-partisan,Election,6
ocd-division/country:us/state:or/circuit_court:district_3,Judge of the Circuit Court,Position 14,Non-partisan,Election,6
ocd-division/country:us/state:or/circuit_court:district_3,Judge of the Circuit Court,Position 15,Non-partisan,Election,6
ocd-division/country:us/state:or/circuit_court:district_3,Judge of the Circuit Court,Position 2,Non-partisan,Election,6
ocd-division/country:us/state:or/circuit_court:district_3,Judge of the Circuit Court,Position 3,Non-partisan,Election,6
ocd-division/country:us/state:or/circuit_court:district_3,Judge of the Circuit Court,Position 4,Non-partisan,Election,6
ocd-division/country:us/state:or/circuit_court:district_3,Judge of the Circuit Court,Position 5,Non-partisan,Election,6
ocd-division/country:us/state:or/circuit_court:district_3,Judge of the Circuit Court,Position 6,Non-partisan,Election,6
ocd-division/country:us/state:or/circuit_court:district_3,Judge of the Circuit Court,Position 7,Non-partisan,Election,6
ocd-division/country:us/state:or/circuit_court:district_3,Judge of the Circuit Court,Position 8,Non-partisan,Election,1
ocd-division/country:us/state:or/circuit_court:district_3,Judge of the Circuit Court,Position 9,Non-partisan,Election,6
ocd-division/country:us/state:or/circuit_court:district_4,Judge of the Circuit Court,Position 1,Non-partisan,Election,6
ocd-division/country:us/state:or/circuit_court:district_4,Judge of the Circuit Court,Position 10,Non-partisan,Election,6
ocd-division/country:us/state:or/circuit_court:district_4,Judge of the Circuit Court,Position 11,Non-partisan,Election,6
ocd-division/country:us/state:or/circuit_court:district_4,Judge of the Circuit Court,Position 12,Non-partisan,Election,6
ocd-division/country:us/state:or/circuit_court:district_4,Judge of the Circuit Court,Position 13,Non-partisan,Election,6
ocd-division/country:us/state:or/circuit_court:district_4,Judge of the Circuit Court,Position 14,Non-partisan,Election,6
ocd-division/country:us/state:or/circuit_court:district_4,Judge of the Circuit Court,Position 15,Non-partisan,Election,6
ocd-division/country:us/state:or/circuit_court:district_4,Judge of the Circuit Court,Position 16,Non-partisan,Election,6
ocd-division/country:us/state:or/circuit_court:district_4,Judge of the Circuit Court,Position 17,Non-partisan,Election,6
ocd-division/country:us/state:or/circuit_court:district_4,Judge of the Circuit Court,Position 18,Non-partisan,Election,6
ocd-division/country:us/state:or/circuit_court:district_4,Judge of the Circuit Court,Position 19,Non-partisan,Election,6
ocd-division/country:us/state:or/circuit_court:district_4,Judge of the Circuit Court,Position 2,Non-partisan,Election,6
ocd-division/country:us/state:or/circuit_court:district_4,Judge of the Circuit Court,Position 20,Non-partisan,Election,6
ocd-division/country:us/state:or/circuit_court:district_4,Judge of the Circuit Court,Position 21,Non-partisan,Election,4
ocd-division/country:us/state:or/circuit_court:district_4,Judge of the Circuit Court,Position 22,Non-partisan,Election,6
ocd-division/country:us/state:or/circuit_court:district_4,Judge of the Circuit Court,Position 23,Non-partisan,Election,6
ocd-division/country:us/state:or/circuit_court:district_4,Judge of the Circuit Court,Position 24,Non-partisan,Election,6
ocd-division/country:us/state:or/circuit_court:district_4,Judge of the Circuit Court,Position 25,Non-partisan,Election,6
ocd-division/country:us/state:or/circuit_court:district_4,Judge of the Circuit Court,Position 26,Non-partisan,Election,6
ocd-division/country:us/state:or/circuit_court:district_4,Judge of the Circuit Court,Position 27,Non-partisan,Election,6
ocd-division/country:us/state:or/circuit_court:district_4,Judge of the Circuit Court,Position 28,Non-partisan,Election,6
ocd-division/country:us/state:or/circuit_court:district_4,Judge of the Circuit Court,Position 3,Non-partisan,Election,6
ocd-division/country:us/state:or/circuit_court:district_4,Judge of the Circuit Court,Position 30,Non-partisan,Election,6
ocd-division/country:us/state:or/circuit_court:district_4,Judge of the Circuit Court,Position 31,Non-partisan,Election,6
ocd-division/country:us/state:or/circuit_court:district_4,Judge of the Circuit Court,Position 32,Non-partisan,Election,6
ocd-division/country:us/state:or/circuit_court:district_4,Judge of the Circuit Court,Position 34,Non-partisan,Election,6
ocd-division/country:us/state:or/circuit_court:district_4,Judge of the Circuit Court,Position 35,Non-partisan,Election,6
ocd-division/country:us/state:or/circuit_court:district_4,Judge of the Circuit Court,Position 36,Non-partisan,Election,6
ocd-division/country:us/state:or/circuit_court:district_4,Judge of the Circuit Court,Position 37,Non-partisan,Election,6
ocd-division/country:us/state:or/circuit_court:district_4,Judge of the Circuit Court,Position 38,Non-partisan,Election,6
ocd-division/country:us/state:or/circuit_court:district_4,Judge of the Circuit Court,Position 4,Non-partisan,Election,6
ocd-division/country:us/state:or/circuit_court:district_4,Judge of the Circuit Court,Position 5,Non-partisan,Election,6
ocd-division/country:us/state:or/circuit_court:district_4,Judge of the Circuit Court,Position 6,Non-partisan,Election,6
ocd-division/country:us/state:or/circuit_court:district_4,Judge of the Circuit Court,Position 7,Non-partisan,Election,6
ocd-division/country:us/state:or/circuit_court:district_4,Judge of the Circuit Court,Position 8,Non-partisan,Election,6
ocd-division/country:us/state:or/circuit_court:district_4,Judge of the Circuit Court,Position 9,Non-partisan,Election,6
ocd-division/country:us/state:or/circuit_court:district_5,Judge of the Circuit Court,Position 1,Non-partisan,Election,6
ocd-division/country:us/state:or/circuit_court:district_5,Judge of the Circuit Court,Position 10,Non-partisan,Election,6
ocd-division/country:us/state:or/circuit_court:district_5,Judge of the Circuit Court,Position 11,Non-partisan,Election,6
ocd-division/country:us/state:or/circuit_court:district_5,Judge of the Circuit Court,Position 2,Non-partisan,Election,6
ocd-division/country:us/state:or/circuit_court:district_5,Judge of the Circuit Court,Position 3,Non-partisan,Election,6
ocd-division/country:us/state:or/circuit_court:district_5,Judge of the Circuit Court,Position 4,Non-partisan,Election,6
ocd-division/country:us/state:or/circuit_court:district_5,Judge of the Circuit Court,Position 5,Non-partisan,Election,6
ocd-division/country:us/state:or/circuit_court:district_5,Judge of the Circuit Court,Position 6,Non-partisan,Election,6
ocd-division/country:us/state:or/circuit_court:district_5,Judge of the Circuit Court,Position 7,Non-partisan,Election,6
ocd-division/country:us/state:or/circuit_court:district_5,Judge of the Circuit Court,Position 8,Non-partisan,Election,6
ocd-division/country:us/state:or/circuit_court:district_5,Judge of the Circuit Court,Position 9,Non-partisan,Election,6
ocd-division/country:us/state:or/circuit_court:district_6,Judge of the Circuit Court,Position 1,Non-partisan,Election,6
ocd-division/country:us/state:or/circuit_court:district_6,Judge of the Circuit Court,Position 2,Non-partisan,Election,6
ocd-division/country:us/state:or/circuit_court:district_6,Judge of the Circuit Court,Position 3,Non-partisan,Election,6
ocd-division/country:us/state:or/circuit_court:district_6,Judge of the Circuit Court,Position 4,Non-partisan,Election,6
ocd-division/country:us/state:or/circuit_court:district_7,Judge of the Circuit Court,Position 1,Non-partisan,Election,6
ocd-division/country:us/state:or/circuit_court:district_7,Judge of the Circuit Court,Position 2,Non-partisan,Election,6
ocd-division/country:us/state:or/circuit_court:district_7,Judge of the Circuit Court,Position 3,Non-partisan,Election,6
ocd-division/country:us/state:or/circuit_court:district_7,Judge of the Circuit Court,Position 4,Non-partisan,Election,6
ocd-division/country:us/state:or/circuit_court:district_8,Judge of the Circuit Court,Position 1,Non-partisan,Election,6
ocd-division/country:us/state:or/circuit_court:district_9,Judge of the Circuit Court,Position 1,Non-partisan,Election,6
ocd-division/country:us/state:or/circuit_court:district_9,Judge of the Circuit Court,Position 2,Non-partisan,Election,6
ocd-division/country:us/state:or/county:baker,County Assessor,,Non-partisan,Election,4
ocd-division/country:us/state:or/county:baker,County Clerk,,Non-partisan,Election,4
ocd-division/country:us/state:or/county:baker,County Commissioner,Position 1,Non-partisan,Election,4
ocd-division/country:us/state:or/county:baker,County Commissioner,Position 2,Non-partisan,Election,4
ocd-division/country:us/state:or/county:baker,County Commissioner,Position 3,Non-partisan,Election,4
ocd-division/country:us/state:or/county:baker,County Sheriff,,Non-partisan,Election,4
ocd-division/country:us/state:or/county:baker,County Surveyor,,Non-partisan,Election,4
ocd-division/country:us/state:or/county:baker,District Attorney,,Non-partisan,Election,4
ocd-division/country:us/state:or/county:baker/justice_court:baker,Justice of the Peace,,Non-partisan,Election,6
ocd-division/country:us/state:or/county:benton,County Assessor,,N/A,Appointment,N/A
ocd-division/country:us/state:or/county:benton,County Clerk,,N/A,Appointment,N/A
ocd-division/country:us/state:or/county:benton,County Commissioner,Position 1,Partisan,Election,4
ocd-division/country:us/state:or/county:benton,County Commissioner,Position 2,Partisan,Election,4
ocd-division/country:us/state:or/county:benton,County Commissioner,Position 3,Partisan,Election,4
ocd-division/country:us/state:or/county:benton,County Sheriff,,Non-partisan,Election,4
ocd-division/country:us/state:or/county:benton,County Surveyor,,N/A,Appointment,N/A
ocd-division/country:us/state:or/county:benton,District Attorney,,Non-partisan,Election,4
ocd-division/country:us/state:or/county:clackamas,County Assessor,,Non-partisan,Election,4
ocd-division/country:us/state:or/county:clackamas,County Chair,Position 1,Non-partisan,Election,4
ocd-division/country:us/state:or/county:clackamas,County Clerk,,Non-partisan,Election,4
ocd-division/country:us/state:or/county:clackamas,County Commissioner,Position 2,Non-partisan,Election,4
ocd-division/country:us/state:or/county:clackamas,County Commissioner,Position 3,Non-partisan,Election,4
ocd-division/country:us/state:or/county:clackamas,County Commissioner,Position 4,Non-partisan,Election,4
ocd-division/country:us/state:or/county:clackamas,County Commissioner,Position 5,Non-partisan,Election,4
ocd-division/country:us/state:or/county:clackamas,County Sheriff,,Non-partisan,Election,4
ocd-division/country:us/state:or/county:clackamas,County Surveyor,,N/A,Appointment,N/A
ocd-division/country:us/state:or/county:clackamas,County Treasurer,,Non-partisan,Election,4
ocd-division/country:us/state:or/county:clackamas,District Attorney,,Non-partisan,Election,4
ocd-division/country:us/state:or/county:clackamas/justice_court:clackamas,Justice of the Peace,,Non-partisan,Election,6
ocd-division/country:us/state:or/county:clatsop,County Assessor,,N/A,Appointment,N/A
ocd-division/country:us/state:or/county:clatsop,County Clerk,,N/A,Appointment,N/A
ocd-division/country:us/state:or/county:clatsop,County Sheriff,,Non-partisan,Election,4
ocd-division/country:us/state:or/county:clatsop,County Surveyor,,N/A,Appointment,N/A
ocd-division/country:us/state:or/county:clatsop,County Treasurer,,N/A,Appointment,N/A
ocd-division/country:us/state:or/county:clatsop,District Attorney,,Non-partisan,Election,4
ocd-division/country:us/state:or/county:clatsop/council_district:district_1,County Commissioner,,Non-partisan,Election,4
ocd-division/country:us/state:or/county:clatsop/council_district:district_2,County Commissioner,,Non-partisan,Election,4
ocd-division/country:us/state:or/county:clatsop/council_district:district_3,County Commissioner,,Non-partisan,Election,4
ocd-division/country:us/state:or/county:clatsop/council_district:district_4,County Commissioner,,Non-partisan,Election,4
ocd-division/country:us/state:or/county:clatsop/council_district:district_5,County Commissioner,,Non-partisan,Election,4
ocd-division/country:us/state:or/county:columbia,County Assessor,,Non-partisan,Election,4
ocd-division/country:us/state:or/county:columbia,County Clerk,,Non-partisan,Election,4
ocd-division/country:us/state:or/county:columbia,County Commissioner,Position 1,Non-partisan,Election,4
ocd-division/country:us/state:or/county:columbia,County Commissioner,Position 2,Non-partisan,Election,4
ocd-division/country:us/state:or/county:columbia,County Commissioner,Position 3,Non-partisan,Election,4
ocd-division/country:us/state:or/county:columbia,County Sheriff,,Non-partisan,Election,4
ocd-division/country:us/state:or/county:columbia,County Surveyor,,N/A,Appointment,N/A
ocd-division/country:us/state:or/county:columbia,County Treasurer,,Non-partisan,Election,4
ocd-division/country:us/state:or/county:columbia,District Attorney,,,Election,1
ocd-division/country:us/state:or/county:columbia/justice_court:columbia,Justice of the Peace,,Non-partisan,Election,6
ocd-division/country:us/state:or/county:coos,County Assessor,,Non-partisan,Election,4
ocd-division/country:us/state:or/county:coos,County Clerk,,Non-partisan,Election,4
ocd-division/country:us/state:or/county:coos,County Commissioner,Position 1,Non-partisan,Election,4
ocd-division/country:us/state:or/county:coos,County Commissioner,Position 2,Non-partisan,Election,4
ocd-division/country:us/state:or/county:coos,County Commissioner,Position 3,Non-partisan,Election,4
ocd-division/country:us/state:or/county:coos,County Sheriff,,Non-partisan,Election,4
ocd-division/country:us/state:or/county:coos,County Surveyor,,Non-partisan,Election,4
ocd-division/country:us/state:or/county:coos,County Treasurer,,Non-partisan,Election,4
ocd-division/country:us/state:or/county:coos,District Attorney,,Non-partisan,Election,4
ocd-division/country:us/state:or/county:crook,County Assessor,,Non-partisan,Election,4
ocd-division/country:us/state:or/county:crook,County Clerk,,Non-partisan,Election,4
ocd-division/country:us/state:or/county:crook,County Commissioner,Position 1,Non-partisan,Election,1
ocd-division/country:us/state:or/county:crook,County Commissioner,Position 2,Non-partisan,Election,4
ocd-division/country:us/state:or/county:crook,County Judge,,Non-partisan,Election,4
ocd-division/country:us/state:or/county:crook,County Sheriff,,Non-partisan,Election,4
ocd-division/country:us/state:or/county:crook,County Surveyor,,Non-partisan,Election,4
ocd-division/country:us/state:or/county:crook,County Treasurer,,Non-partisan,Election,4
ocd-division/country:us/state:or/county:crook,District Attorney,,Non-partisan,Election,4
ocd-division/country:us/state:or/county:curry,County Assessor,,N/A,Appointment,N/A
ocd-division/country:us/state:or/county:curry,County Clerk,,Non-partisan,Election,2
ocd-division/country:us/state:or/county:curry,County Commissioner,Position 1,Non-partisan,Election,4
ocd-division/country:us/state:or/county:curry,County Commissioner,Position 2,Non-partisan,Election,4
ocd-division/country:us/state:or/county:curry,County Commissioner,Position 3,Non-partisan,Election,2
ocd-division/country:us/state:or/county:curry,County Sheriff,,Non-partisan,Election,4
ocd-division/country:us/state:or/county:curry,County Surveyor,,N/A,Appointment,N/A
ocd-division/country:us/state:or/county:curry,County Treasurer,,Non-partisan,Election,4
ocd-division/country:us/state:or/county:curry,District Attorney,,Non-partisan,Election,4
ocd-division/country:us/state:or/county:deschutes,County Assessor,,Non-partisan,Election,4
ocd-division/country:us/state:or/county:deschutes,County Clerk,,Non-partisan,Election,4
ocd-division/country:us/state:or/county:deschutes,County Commissioner,Position 1,Partisan,Election,4
ocd-division/country:us/state:or/county:deschutes,County Commissioner,Position 2,Partisan,Election,4
ocd-division/country:us/state:or/county:deschutes,County Commissioner,Position 3,Partisan,Election,4
ocd-division/country:us/state:or/county:deschutes,County Sheriff,,Non-partisan,Election,4
ocd-division/country:us/state:or/county:deschutes,County Surveyor,,N/A,Appointment,N/A
ocd-division/country:us/state:or/county:deschutes,County Treasurer,,Non-partisan,Election,4
ocd-division/country:us/state:or/county:deschutes,District Attorney,,Non-partisan,Election,4
ocd-division/country:us/state:or/county:deschutes/justice_court:deschutes,Justice of the Peace,,Non-partisan,Election,6
ocd-division/country:us/state:or/county:douglas,County Assessor,,Non-partisan,Election,4
ocd-division/country:us/state:or/county:douglas,County Clerk,,Non-partisan,Election,4
ocd-division/country:us/state:or/county:douglas,County Commissioner,Position 1,Non-partisan,Election,4
ocd-division/country:us/state:or/county:douglas,County Commissioner,Position 2,Non-partisan,Election,4
ocd-division/country:us/state:or/county:douglas,County Commissioner,Position 3,Non-partisan,Election,4
ocd-division/country:us/state:or/county:douglas,County Sheriff,,Non-partisan,Election,4
ocd-division/country:us/state:or/county:douglas,County Surveyor,,Non-partisan,Election,4
ocd-division/country:us/state:or/county:douglas,County Treasurer,,Non-partisan,Election,4
ocd-division/country:us/state:or/county:douglas,District Attorney,,Non-partisan,Election,4
ocd-division/country:us/state:or/county:douglas/justice_court:reedsport,Justice of the Peace,,Non-partisan,Election,6
ocd-division/country:us/state:or/county:douglas/justice_court:south_douglas,Justice of the Peace,,Non-partisan,Election,6
ocd-division/country:us/state:or/county:gilliam,County Assessor,,Non-partisan,Election,4
ocd-division/country:us/state:or/county:gilliam,County Clerk,,Non-partisan,Election,4
ocd-division/country:us/state:or/county:gilliam,County Commissioner,Position 1,Non-partisan,Election,4
ocd-division/country:us/state:or/county:gilliam,County Commissioner,Position 2,Partisan,Election,4
ocd-division/country:us/state:or/county:gilliam,County Judge,,Non-partisan,Election,6
ocd-division/country:us/state:or/county:gilliam,County Sheriff,,Non-partisan,Election,4
ocd-division/country:us/state:or/county:gilliam,County Surveyor,,Non-partisan,Election,4
ocd-division/country:us/state:or/county:gilliam,County Treasurer,,Non-partisan,Election,4
ocd-division/country:us/state:or/county:gilliam,District Attorney,,Non-partisan,Election,4
ocd-division/country:us/state:or/county:gilliam/justice_court:gilliam,Justice of the Peace,,Non-partisan,Election,6
ocd-division/country:us/state:or/county:grant,County Assessor,,Non-partisan,Election,4
ocd-division/country:us/state:or/county:grant,County Clerk,,Non-partisan,Election,4
ocd-division/country:us/state:or/county:grant,County Commissioner,Position 1,Non-partisan,Election,4
ocd-division/country:us/state:or/county:grant,County Commissioner,Position 2,Non-partisan,Election,4
ocd-division/country:us/state:or/county:grant,County Judge,,Non-partisan,Election,6
ocd-division/country:us/state:or/county:grant,County Sheriff,,Non-partisan,Election,4
ocd-division/country:us/state:or/county:grant,County Surveyor,,Non-partisan,Election,4
ocd-division/country:us/state:or/county:grant,County Treasurer,,Non-partisan,Election,4
ocd-division/country:us/state:or/county:grant,District Attorney,,Non-partisan,Election,4
ocd-division/country:us/state:or/county:grant/justice_court:grant,Justice of the Peace,,Non-partisan,Election,6
ocd-division/country:us/state:or/county:harney,County Assessor,,Non-partisan,Election,4
ocd-division/country:us/state:or/county:harney,County Clerk,,Non-partisan,Election,4
ocd-division/country:us/state:or/county:harney,County Commissioner,Position 1,Non-partisan,Election,4
ocd-division/country:us/state:or/county:harney,County Commissioner,Position 2,Non-partisan,Election,4
ocd-division/country:us/state:or/county:harney,County Judge,,Non-partisan,Election,4
ocd-division/country:us/state:or/county:harney,County Sheriff,,Non-partisan,Election,4
ocd-division/country:us/state:or/county:harney,County Surveyor,,N/A,Appointment,N/A
ocd-division/country:us/state:or/county:harney,County Treasurer,,Non-partisan,Election,4
ocd-division/country:us/state:or/county:harney,District Attorney,,Non-partisan,Election,4
ocd-division/country:us/state:or/county:hood_river,County Assessor,,N/A,Appointment,N/A
ocd-division/country:us/state:or/county:hood_river,County Chair,,Non-partisan,Election,4
ocd-division/country:us/state:or/county:hood_river,County Clerk,,N/A,Appointment,N/A
ocd-division/country:us/state:or/county:hood_river,County Sheriff,,Non-partisan,Election,4
ocd-division/country:us/state:or/county:hood_river,County Surveyor,,N/A,Appointment,N/A
ocd-division/country:us/state:or/county:hood_river,County Treasurer,,N/A,Appointment,N/A
ocd-division/country:us/state:or/county:hood_river,District Attorney,,Non-partisan,Election,4
ocd-division/country:us/state:or/county:hood_river/council_district:district_1,County Commissioner,,Non-partisan,Election,4
ocd-division/country:us/state:or/county:hood_river/council_district:district_2,County Commissioner,,Non-partisan,Election,4
ocd-division/country:us/state:or/county:hood_river/council_district:district_3,County Commissioner,,Non-partisan,Election,4
ocd-division/country:us/state:or/county:hood_river/council_district:district_4,County Commissioner,,Non-partisan,Election,4
ocd-division/country:us/state:or/county:hood_river/justice_court:hood_river,Justice of the Peace,,Non-partisan,Election,6
ocd-division/country:us/state:or/county:jackson,County Assessor,,Non-partisan,Election,4
ocd-division/country:us/state:or/county:jackson,County Clerk,,Non-partisan,Election,4
ocd-division/country:us/state:or/county:jackson,County Commissioner,Position 1,Partisan,Election,4
ocd-division/country:us/state:or/county:jackson,County Commissioner,Position 2,Partisan,Election,4
ocd-division/country:us/state:or/county:jackson,County Commissioner,Position 3,Partisan,Election,4
ocd-division/country:us/state:or/county:jackson,County Sheriff,,Non-partisan,Election,4
ocd-division/country:us/state:or/county:jackson,County Surveyor,,Non-partisan,Election,4
ocd-division/country:us/state:or/county:jackson,County Treasurer,,N/A,Appointment,N/A
ocd-division/country:us/state:or/county:jackson,District Attorney,,Non-partisan,Election,4
ocd-division/country:us/state:or/county:jackson/justice_court:jackson,Justice of the Peace,,Non-partisan,Election,6
ocd-division/country:us/state:or/county:jefferson,County Assessor,,Non-partisan,Election,4
ocd-division/country:us/state:or/county:jefferson,County Clerk,,Non-partisan,Election,4
ocd-division/country:us/state:or/county:jefferson,County Commissioner,Position 1,Non-partisan,Election,4
ocd-division/country:us/state:or/county:jefferson,County Commissioner,Position 2,Non-partisan,Election,4
ocd-division/country:us/state:or/county:jefferson,County Commissioner,Position 3,Non-partisan,Election,4
ocd-division/country:us/state:or/county:jefferson,County Sheriff,,Non-partisan,Election,4
ocd-division/country:us/state:or/county:jefferson,County Surveyor,,N/A,Appointment,N/A
ocd-division/country:us/state:or/county:jefferson,District Attorney,,Non-partisan,Election,4
ocd-division/country:us/state:or/county:josephine,County Assessor,,Non-partisan,Election,4
ocd-division/country:us/state:or/county:josephine,County Clerk,,Non-partisan,Election,4
ocd-division/country:us/state:or/county:josephine,County Commissioner,Position 1,Non-partisan,Election,4
ocd-division/country:us/state:or/county:josephine,County Commissioner,Position 2,Non-partisan,Election,4
ocd-division/country:us/state:or/county:josephine,County Commissioner,Position 3,Non-partisan,Election,4
ocd-division/country:us/state:or/county:josephine,County Legal Counsel,,Non-partisan,Election,4
ocd-division/country:us/state:or/county:josephine,County Sheriff,,Non-partisan,Election,4
ocd-division/country:us/state:or/county:josephine,County Surveyor,,Non-partisan,Election,4
ocd-division/country:us/state:or/county:josephine,County Treasurer,,Non-partisan,Election,4
ocd-division/country:us/state:or/county:josephine,District Attorney,,Non-partisan,Election,4
ocd-division/country:us/state:or/county:klamath,County Assessor,,Non-partisan,Election,4
ocd-division/country:us/state:or/county:klamath,County Clerk,,Non-partisan,Election,4
ocd-division/country:us/state:or/county:klamath,County Commissioner,Position 1,Non-partisan,Election,4
ocd-division/country:us/state:or/county:klamath,County Commissioner,Position 2,Non-partisan,Election,4
ocd-division/country:us/state:or/county:klamath,County Commissioner,Position 3,Non-partisan,Election,4
ocd-division/country:us/state:or/county:klamath,County Sheriff,,Non-partisan,Election,4
ocd-division/country:us/state:or/county:klamath,County Surveyor,,Non-partisan,Election,4
ocd-division/country:us/state:or/county:klamath,County Treasurer,,Non-partisan,Election,4
ocd-division/country:us/state:or/county:klamath,District Attorney,,Non-partisan,Election,4
ocd-division/country:us/state:or/county:klamath/justice_court:klamath,Justice of the Peace,,Non-partisan,Election,6
ocd-division/country:us/state:or/county:lake,County Assessor,,Non-partisan,Election,4
ocd-division/country:us/state:or/county:lake,County Clerk,,Non-partisan,Election,4
ocd-division/country:us/state:or/county:lake,County Commissioner,Position 1,Non-partisan,Election,4
ocd-division/country:us/state:or/county:lake,County Commissioner,Position 2,Non-partisan,Election,4
ocd-division/country:us/state:or/county:lake,County Commissioner,Position 3,Non-partisan,Election,4
ocd-division/country:us/state:or/county:lake,County Sheriff,,Non-partisan,Election,4
ocd-division/country:us/state:or/county:lake,County Surveyor,,Non-partisan,Election,4
ocd-division/country:us/state:or/county:lake,County Treasurer,,,Election,1
ocd-division/country:us/state:or/county:lake,District Attorney,,Non-partisan,Election,4
ocd-division/country:us/state:or/county:lane,County Assessor,,Non-partisan,Election,4
ocd-division/country:us/state:or/county:lane,County Clerk,,N/A,Appointment,N/A
ocd-division/country:us/state:or/county:lane,County Sheriff,,Non-partisan,Election,4
ocd-division/country:us/state:or/county:lane,County Surveyor,,N/A,Appointment,N/A
ocd-division/country:us/state:or/county:lane,District Attorney,,Non-partisan,Election,4
ocd-division/country:us/state:or/county:lane/council_district:district_1,County Commissioner,Position 1,Non-partisan,Election,4
ocd-division/country:us/state:or/county:lane/council_district:district_2,County Commissioner,Position 2,Non-partisan,Election,4
ocd-division/country:us/state:or/county:lane/council_district:district_3,County Commissioner,Position 3,Non-partisan,Election,4
ocd-division/country:us/state:or/county:lane/council_district:district_4,County Commissioner,Position 4,Non-partisan,Election,4
ocd-division/country:us/state:or/county:lane/council_district:district_5,County Commissioner,Position 5,Non-partisan,Election,4
ocd-division/country:us/state:or/county:lane/justice_court:lane,Justice of the Peace,,Non-partisan,Election,6
ocd-division/country:us/state:or/county:lincoln,County Assessor,,Non-partisan,Election,4
ocd-division/country:us/state:or/county:lincoln,County Clerk,,Non-partisan,Election,4
ocd-division/country:us/state:or/county:lincoln,County Commissioner,Position 1,Non-partisan,Election,4
ocd-division/country:us/state:or/county:lincoln,County Commissioner,Position 2,Non-partisan,Election,4
ocd-division/country:us/state:or/county:lincoln,County Commissioner,Position 3,Non-partisan,Election,4
ocd-division/country:us/state:or/county:lincoln,County Sheriff,,Non-partisan,Election,4
ocd-division/country:us/state:or/county:lincoln,County Surveyor,,N/A,Appointment,N/A
ocd-division/country:us/state:or/county:lincoln,County Treasurer,,Non-partisan,Election,4
ocd-division/country:us/state:or/county:lincoln,District Attorney,,Non-partisan,Election,4
ocd-division/country:us/state:or/county:linn,County Assessor,,Non-partisan,Election,4
ocd-division/country:us/state:or/county:linn,County Clerk,,Non-partisan,Election,1
ocd-division/country:us/state:or/county:linn,County Commissioner,Position 1,Partisan,Election,4
ocd-division/country:us/state:or/county:linn,County Commissioner,Position 2,Partisan,Election,4
ocd-division/country:us/state:or/county:linn,County Commissioner,Position 3,Partisan,Election,4
ocd-division/country:us/state:or/county:linn,County Sheriff,,Non-partisan,Election,4
ocd-division/country:us/state:or/county:linn,County Surveyor,,Non-partisan,Election,4
ocd-division/country:us/state:or/county:linn,County Treasurer,,Non-partisan,Election,4
ocd-division/country:us/state:or/county:linn,District Attorney,,Non-partisan,Election,4
ocd-division/country:us/state:or/county:linn/justice_court:linn,Justice of the Peace,,Non-partisan,Election,6
ocd-division/country:us/state:or/county:malheur,County Assessor,,Non-partisan,Election,4
ocd-division/country:us/state:or/county:malheur,County Clerk,,Non-partisan,Election,4
ocd-division/country:us/state:or/county:malheur,County Commissioner,Position 1,Partisan,Election,4
ocd-division/country:us/state:or/county:malheur,County Commissioner,Position 2,Partisan,Election,4
ocd-division/country:us/state:or/county:malheur,County Judge,,Non-partisan,Election,6
ocd-division/country:us/state:or/county:malheur,County Sheriff,,,Election,1
ocd-division/country:us/state:or/county:malheur,County Surveyor,,N/A,Appointment,N/A
ocd-division/country:us/state:or/county:malheur,County Treasurer,,Non-partisan,Election,4
ocd-division/country:us/state:or/county:malheur,District Attorney,,Non-partisan,Election,4
ocd-division/country:us/state:or/county:marion,County Assessor,,Non-partisan,Election,4
ocd-division/country:us/state:or/county:marion,County Clerk,,Non-partisan,Election,4
ocd-division/country:us/state:or/county:marion,County Commissioner,Position 1,Partisan,Election,4
ocd-division/country:us/state:or/county:marion,County Commissioner,Position 2,Partisan,Election,4
ocd-division/country:us/state:or/county:marion,County Commissioner,Position 3,Partisan,Election,4
ocd-division/country:us/state:or/county:marion,County Sheriff,,Non-partisan,Election,2
ocd-division/country:us/state:or/county:marion,County Surveyor,,N/A,Appointment,N/A
ocd-division/country:us/state:or/county:marion,County Treasurer,,Non-partisan,Election,4
ocd-division/country:us/state:or/county:marion,District Attorney,,Non-partisan,Election,4
ocd-division/country:us/state:or/county:marion/justice_court:marion,Justice of the Peace,,Non-partisan,Election,6
ocd-division/country:us/state:or/county:morrow,County Assessor,,Non-partisan,Election,4
ocd-division/country:us/state:or/county:morrow,County Clerk,,Non-partisan,Election,4
ocd-division/country:us/state:or/county:morrow,County Commissioner,Position 1,Non-partisan,Election,2
ocd-division/country:us/state:or/county:morrow,County Commissioner,Position 2,Non-partisan,Election,4
ocd-division/country:us/state:or/county:morrow,County Commissioner,Position 3,Non-partisan,Election,4
ocd-division/country:us/state:or/county:morrow,County Sheriff,,Non-partisan,Election,2
ocd-division/country:us/state:or/county:morrow,County Surveyor,,N/A,Appointment,N/A
ocd-division/country:us/state:or/county:morrow,County Treasurer,,Non-partisan,Election,4
ocd-division/country:us/state:or/county:morrow,District Attorney,,Non-partisan,Election,4
ocd-division/country:us/state:or/county:morrow/justice_court:morrow,Justice of the Peace,,Non-partisan,Election,6
ocd-division/country:us/state:or/county:multnomah,County Assessor,,N/A,Appointment,N/A
ocd-division/country:us/state:or/county:multnomah,County Auditor,,Non-partisan,Election,4
ocd-division/country:us/state:or/county:multnomah,County Chair,,Non-partisan,Election,4
ocd-division/country:us/state:or/county:multnomah,County Sheriff,,Non-partisan,Election,4
ocd-division/country:us/state:or/county:multnomah,County Surveyor,,N/A,Appointment,N/A
ocd-division/country:us/state:or/county:multnomah,District Attorney,,Non-partisan,Election,4
ocd-division/country:us/state:or/county:multnomah/council_district:district_1,County Commissioner,,Non-partisan,Election,4
ocd-division/country:us/state:or/county:multnomah/council_district:district_2,County Commissioner,,Non-partisan,Election,4
ocd-division/country:us/state:or/county:multnomah/council_district:district_3,County Commissioner,,Non-partisan,Election,4
ocd-division/country:us/state:or/county:multnomah/council_district:district_4,County Commissioner,,Non-partisan,Election,4
ocd-division/country:us/state:or/county:polk,County Assessor,,Non-partisan,Election,4
ocd-division/country:us/state:or/county:polk,County Clerk,,Non-partisan,Election,4
ocd-division/country:us/state:or/county:polk,County Commissioner,Position 1,Non-partisan,Election,4
ocd-division/country:us/state:or/county:polk,County Commissioner,Position 2,Non-partisan,Election,4
ocd-division/country:us/state:or/county:polk,County Commissioner,Position 3,Non-partisan,Election,4
ocd-division/country:us/state:or/county:polk,County Sheriff,,Non-partisan,Election,4
ocd-division/country:us/state:or/county:polk,County Surveyor,,N/A,Appointment,N/A
ocd-division/country:us/state:or/county:polk,County Treasurer,,Non-partisan,Election,4
ocd-division/country:us/state:or/county:polk,District Attorney,,Non-partisan,Election,4
ocd-division/country:us/state:or/county:sherman,County Assessor,,Non-partisan,Election,4
ocd-division/country:us/state:or/county:sherman,County Clerk,,Non-partisan,Election,4
ocd-division/country:us/state:or/county:sherman,County Commissioner,Position 1,Partisan,Election,4
ocd-division/country:us/state:or/county:sherman,County Commissioner,Position 2,Partisan,Election,4
ocd-division/country:us/state:or/county:sherman,County Judge,,Non-partisan,Election,6
ocd-division/country:us/state:or/county:sherman,County Sheriff,,Non-partisan,Election,4
ocd-division/country:us/state:or/county:sherman,County Surveyor,,N/A,Appointment,N/A
ocd-division/country:us/state:or/county:sherman,County Treasurer,,Non-partisan,Election,4
ocd-division/country:us/state:or/county:sherman,District Attorney,,Non-partisan,Election,4
ocd-division/country:us/state:or/county:sherman/justice_court:sherman,Justice of the Peace,,Non-partisan,Election,4
ocd-division/country:us/state:or/county:tillamook,County Assessor,,Non-partisan,Election,4
ocd-division/country:us/state:or/county:tillamook,County Clerk,,Non-partisan,Election,4
ocd-division/country:us/state:or/county:tillamook,County Commissioner,Position 1,Non-partisan,Election,4
ocd-division/country:us/state:or/county:tillamook,County Commissioner,Position 2,Non-partisan,Election,4
ocd-division/country:us/state:or/county:tillamook,County Commissioner,Position 3,Non-partisan,Election,4
ocd-division/country:us/state:or/county:tillamook,County Sheriff,,Non-partisan,Election,4
ocd-division/country:us/state:or/county:tillamook,County Surveyor,,N/A,Appointment,N/A
ocd-division/country:us/state:or/county:tillamook,County Treasurer,,Non-partisan,Election,4
ocd-division/country:us/state:or/county:tillamook,District Attorney,,Non-partisan,Election,4
ocd-division/country:us/state:or/county:tillamook/justice_court:tillamook,Justice of the Peace,,Non-partisan,Election,6
ocd-division/country:us/state:or/county:umatilla,County Commissioner,Position 1,Non-partisan,Election,4
ocd-division/country:us/state:or/county:umatilla,County Commissioner,Position 2,Non-partisan,Election,4
ocd-division/country:us/state:or/county:umatilla,County Commissioner,Position 3,Non-partisan,Election,4
ocd-division/country:us/state:or/county:umatilla,County Sheriff,,Non-partisan,Election,4
ocd-division/country:us/state:or/county:umatilla,County Surveyor,,N/A,Appointment,N/A
ocd-division/country:us/state:or/county:umatilla,District Attorney,,Non-partisan,Election,4
ocd-division/country:us/state:or/county:union,County Assessor,,Non-partisan,Election,4
ocd-division/country:us/state:or/county:union,County Clerk,,Non-partisan,Election,4
ocd-division/country:us/state:or/county:union,County Commissioner,Position 1,Non-partisan,Election,4
ocd-division/country:us/state:or/county:union,County Commissioner,Position 2,Non-partisan,Election,4
ocd-division/country:us/state:or/county:union,County Commissioner,Position 3,Non-partisan,Election,4
ocd-division/country:us/state:or/county:union,County Sheriff,,Non-partisan,Election,4
ocd-division/country:us/state:or/county:union,County Surveyor,,Non-partisan,Election,4
ocd-division/country:us/state:or/county:union,County Treasurer,,Non-partisan,Election,4
ocd-division/country:us/state:or/county:union,District Attorney,,Non-partisan,Election,4
ocd-division/country:us/state:or/county:union/justice_court:union,Justice of the Peace,,Non-partisan,Election,6
ocd-division/country:us/state:or/county:wallowa,County Assessor,,Non-partisan,Election,4
ocd-division/country:us/state:or/county:wallowa,County Clerk,,Non-partisan,Election,4
ocd-division/country:us/state:or/county:wallowa,County Commissioner,Position 1,Non-partisan,Election,4
ocd-division/country:us/state:or/county:wallowa,County Commissioner,Position 2,Non-partisan,Election,4
ocd-division/country:us/state:or/county:wallowa,County Commissioner,Position 3,Non-partisan,Election,4
ocd-division/country:us/state:or/county:wallowa,County Sheriff,,Non-partisan,Election,4
ocd-division/country:us/state:or/county:wallowa,County Surveyor,,N/A,Appointment,N/A
ocd-division/country:us/state:or/county:wallowa,County Treasurer,,Non-partisan,Election,4
ocd-division/country:us/state:or/county:wallowa,District Attorney,,Non-partisan,Election,4
ocd-division/country:us/state:or/county:wasco,County Assessor,,Non-partisan,Election,4
ocd-division/country:us/state:or/county:wasco,County Clerk,,Non-partisan,Election,4
ocd-division/country:us/state:or/county:wasco,County Commissioner,Position 1,Non-partisan,Election,4
ocd-division/country:us/state:or/county:wasco,County Commissioner,Position 2,Non-partisan,Election,4
ocd-division/country:us/state:or/county:wasco,County Commissioner,Position 3,Non-partisan,Election,4
ocd-division/country:us/state:or/county:wasco,County Sheriff,,Non-partisan,Election,4
ocd-division/country:us/state:or/county:wasco,County Surveyor,,N/A,Appointment,N/A
ocd-division/country:us/state:or/county:wasco,County Treasurer,,Non-partisan,Election,4
ocd-division/country:us/state:or/county:wasco,District Attorney,,Non-partisan,Election,4
ocd-division/country:us/state:or/county:washington,County Assessor,,N/A,Appointment,N/A
ocd-division/country:us/state:or/county:washington,County Auditor,,Non-partisan,Election,4
ocd-division/country:us/state:or/county:washington,County Clerk,,N/A,Appointment,N/A
ocd-division/country:us/state:or/county:washington,County Commissioner,,Non-partisan,Election,4
ocd-division/country:us/state:or/county:washington,County Sheriff,,,Election,1
ocd-division/country:us/state:or/county:washington,County Surveyor,,N/A,Appointment,N/A
ocd-division/country:us/state:or/county:washington,District Attorney,,Non-partisan,Election,4
ocd-division/country:us/state:or/county:washington/council_district:district_1,County Commissioner,,Non-partisan,Election,4
ocd-division/country:us/state:or/county:washington/council_district:district_2,County Commissioner,,Non-partisan,Election,4
ocd-division/country:us/state:or/county:washington/council_district:district_3,County Commissioner,,Non-partisan,Election,4
ocd-division/country:us/state:or/county:washington/council_district:district_4,County Commissioner,,Non-partisan,Election,4
ocd-division/country:us/state:or/county:washington/justice_court:washington,Justice of the Peace,,Non-partisan,Election,6
ocd-division/country:us/state:or/county:wheeler,County Assessor,,Non-partisan,Election,4
ocd-division/country:us/state:or/county:wheeler,County Clerk,,Non-partisan,Election,4
ocd-division/country:us/state:or/county:wheeler,County Commissioner,Position 1,Non-partisan,Election,4
ocd-division/country:us/state:or/county:wheeler,County Commissioner,Position 2,Non-partisan,Election,4
ocd-division/country:us/state:or/county:wheeler,County Judge,,Non-partisan,Election,6
ocd-division/country:us/state:or/county:wheeler,County Sheriff,,Non-partisan,Election,4
ocd-division/country:us/state:or/county:wheeler,County Surveyor,,Non-partisan,Election,4
ocd-division/country:us/state:or/county:wheeler,County Treasurer,,Non-partisan,Election,4
ocd-division/country:us/state:or/county:wheeler,District Attorney,,Non-partisan,Election,4
ocd-division/country:us/state:or/county:wheeler/justice_court:wheeler,Justice of the Peace,,Non-partisan,Election,6
ocd-division/country:us/state:or/county:yamhill,County Assessor,,Non-partisan,Election,4
ocd-division/country:us/state:or/county:yamhill,County Clerk,,Non-partisan,Election,4
ocd-division/country:us/state:or/county:yamhill,County Commissioner,Position 1,Non-partisan,Election,4
ocd-division/country:us/state:or/county:yamhill,County Commissioner,Position 2,Non-partisan,Election,4
ocd-division/country:us/state:or/county:yamhill,County Commissioner,Position 3,Non-partisan,Election,4
ocd-division/country:us/state:or/county:yamhill,County Sheriff,,Non-partisan,Election,4
ocd-division/country:us/state:or/county:yamhill,County Surveyor,,N/A,Appointment,N/A
ocd-division/country:us/state:or/county:yamhill,County Treasurer,,Non-partisan,Election,4
ocd-division/country:us/state:or/county:yamhill,District Attorney,,Non-partisan,Election,4
ocd-division/country:us/state:or/metro:oregon_metro,Metro Auditor,,Non-partisan,Election,4
ocd-division/country:us/state:or/metro:oregon_metro,Metro Council President,,Non-partisan,Election,4
ocd-division/country:us/state:or/metro:oregon_metro/council_district:district_1,Metro Councilor,,Non-partisan,Election,4
ocd-division/country:us/state:or/metro:oregon_metro/council_district:district_2,Metro Councilor,,Non-partisan,Election,4
ocd-division/country:us/state:or/metro:oregon_metro/council_district:district_3,Metro Councilor,,Non-partisan,Election,4
ocd-division/country:us/state:or/metro:oregon_metro/council_district:district_4,Metro Councilor,,Non-partisan,Election,4
ocd-division/country:us/state:or/metro:oregon_metro/council_district:district_5,Metro Councilor,,Non-partisan,Election,4
ocd-division/country:us/state:or/metro:oregon_metro/council_district:district_6,Metro Councilor,,Non-partisan,Election,4
ocd-division/country:us/state:or/place:adair_village,Mayor,,Non-partisan,Election,2
ocd-division/country:us/state:or/place:adair_village/council_district:ward_1,Municipal Council Member,,Non-partisan,Election,4
ocd-division/country:us/state:or/place:adair_village/council_district:ward_3,Municipal Council Member,,Non-partisan,Election,4
ocd-division/country:us/state:or/place:adair_village/council_district:ward_4,Municipal Council Member,,Non-partisan,Election,4
ocd-division/country:us/state:or/place:adams,Mayor,,Non-partisan,Election,2
ocd-division/country:us/state:or/place:adams,Municipal Council Member,Position 1,Non-partisan,Election,
ocd-division/country:us/state:or/place:adams,Municipal Council Member,Position 2,Non-partisan,Election,4
ocd-division/country:us/state:or/place:adams,Municipal Council Member,Position 3,Non-partisan,Election,4
ocd-division/country:us/state:or/place:adams,Municipal Council Member,Position 4,Non-partisan,Election,
ocd-division/country:us/state:or/place:adams,Municipal Council Member,Position 5,Non-partisan,Election,
ocd-division/country:us/state:or/place:adrian,Mayor,,Non-partisan,Election,4
ocd-division/country:us/state:or/place:adrian,Municipal Council Member,,Non-partisan,Election,4
ocd-division/country:us/state:or/place:adrian,Municipal Council Member,,Non-partisan,Election,4
ocd-division/country:us/state:or/place:adrian,Municipal Council Member,,Non-partisan,Election,4
ocd-division/country:us/state:or/place:adrian,Municipal Council Member,,Non-partisan,Election,4
ocd-division/country:us/state:or/place:adrian,Municipal Council Member,,Non-partisan,Election,4
ocd-division/country:us/state:or/place:albany,Mayor,,Non-partisan,Election,2
ocd-division/country:us/state:or/place:albany/council_district:ward_1a,Municipal Council Member,,Non-partisan,Election,4
ocd-division/country:us/state:or/place:albany/council_district:ward_1b,Municipal Council Member,,Non-partisan,Election,4
ocd-division/country:us/state:or/place:albany/council_district:ward_2a,Municipal Council Member,,Non-partisan,Election,4
ocd-division/country:us/state:or/place:albany/council_district:ward_2b,Municipal Council Member,,Non-partisan,Election,4
ocd-division/country:us/state:or/place:albany/council_district:ward_3a,Municipal Council Member,,Non-partisan,Election,4
ocd-division/country:us/state:or/place:albany/council_district:ward_3b,Municipal Council Member,,Non-partisan,Election,4
ocd-division/country:us/state:or/place:amity,Mayor,,Non-partisan,Election,3
ocd-division/country:us/state:or/place:amity,Municipal Council Member,Position 1,Non-partisan,Election,4
ocd-division/country:us/state:or/place:amity,Municipal Council Member,Position 2,Non-partisan,Election,4
ocd-division/country:us/state:or/place:amity,Municipal Council Member,Position 3,Non-partisan,Election,
ocd-division/country:us/state:or/place:amity,Municipal Council Member,Position 5,Non-partisan,Election,4
ocd-division/country:us/state:or/place:amity,Municipal Council Member,Position 6,Non-partisan,Election,
ocd-division/country:us/state:or/place:antelope,Mayor,,Non-partisan,Election,2
ocd-division/country:us/state:or/place:antelope,Municipal Council Member,Position 2,Non-partisan,Election,2
ocd-division/country:us/state:or/place:antelope,Municipal Council Member,Position 3,Non-partisan,Election,2
ocd-division/country:us/state:or/place:arlington,Mayor,,Non-partisan,Election,4
ocd-division/country:us/state:or/place:arlington,Municipal Council Member,Position 1,Non-partisan,Election,4
ocd-division/country:us/state:or/place:arlington,Municipal Council Member,Position 2,Non-partisan,Election,
ocd-division/country:us/state:or/place:arlington,Municipal Council Member,Position 3,Non-partisan,Election,4
ocd-division/country:us/state:or/place:arlington,Municipal Council Member,Position 4,Non-partisan,Election,4
ocd-division/country:us/state:or/place:arlington,Municipal Council Member,Position 5,Non-partisan,Election,4
ocd-division/country:us/state:or/place:arlington,Municipal Council Member,Position 6,Non-partisan,Election,4
ocd-division/country:us/state:or/place:ashland,Mayor,,Non-partisan,Election,1
ocd-division/country:us/state:or/place:ashland,Municipal Council Member,Position 1,Non-partisan,Election,4
ocd-division/country:us/state:or/place:ashland,Municipal Council Member,Position 2,Non-partisan,Election,1
ocd-division/country:us/state:or/place:ashland,Municipal Council Member,Position 3,Non-partisan,Election,1
ocd-division/country:us/state:or/place:ashland,Municipal Council Member,Position 4,Non-partisan,Election,4
ocd-division/country:us/state:or/place:ashland,Municipal Council Member,Position 5,Non-partisan,Election,4
ocd-division/country:us/state:or/place:ashland,Municipal Council Member,Position 6,Non-partisan,Election,4
ocd-division/country:us/state:or/place:ashland,Municipal Park Commissioner,Position 1,Non-partisan,Election,1
ocd-division/country:us/state:or/place:ashland,Municipal Park Commissioner,Position 2,Non-partisan,,4
ocd-division/country:us/state:or/place:ashland,Municipal Park Commissioner,Position 3,Non-partisan,,4
ocd-division/country:us/state:or/place:ashland,Municipal Park Commissioner,Position 4,Non-partisan,,4
ocd-division/country:us/state:or/place:ashland,Municipal Park Commissioner,Position 5,Non-partisan,,4
ocd-division/country:us/state:or/place:ashland,Municipal Recorder,,Non-partisan,Election,4
ocd-division/country:us/state:or/place:ashland,Municipal Court Judge,,Non-partisan,Election,4
ocd-division/country:us/state:or/place:ashland/municipal_court:ashland,Municipal Court Judge,,Non-partisan,Election,4
ocd-division/country:us/state:or/place:astoria,Mayor,,Non-partisan,Election,4
ocd-division/country:us/state:or/place:astoria/council_district:ward_1,Municipal Council Member,,Non-partisan,Election,4
ocd-division/country:us/state:or/place:astoria/council_district:ward_2,Municipal Council Member,,Non-partisan,Election,4
ocd-division/country:us/state:or/place:astoria/council_district:ward_3,Municipal Council Member,,Non-partisan,Election,4
ocd-division/country:us/state:or/place:astoria/council_district:ward_4,Municipal Council Member,,Non-partisan,Election,4
ocd-division/country:us/state:or/place:athena,Mayor,,Non-partisan,Election,4
ocd-division/country:us/state:or/place:athena,Municipal Council Member,Position 1,Non-partisan,Election,4
ocd-division/country:us/state:or/place:athena,Municipal Council Member,Position 2,Non-partisan,Election,4
ocd-division/country:us/state:or/place:athena,Municipal Council Member,Position 3,Non-partisan,Election,4
ocd-division/country:us/state:or/place:athena,Municipal Council Member,Position 4,Non-partisan,Election,4
ocd-division/country:us/state:or/place:athena,Municipal Council Member,Position 5,Non-partisan,Election,4
ocd-division/country:us/state:or/place:aumsville,Mayor,,Non-partisan,Election,2
ocd-division/country:us/state:or/place:aumsville,Municipal Council Member,,Non-partisan,Election,4
ocd-division/country:us/state:or/place:aumsville,Municipal Council Member,,Non-partisan,Election,4
ocd-division/country:us/state:or/place:aumsville,Municipal Council Member,,Non-partisan,Election,4
ocd-division/country:us/state:or/place:aumsville,Municipal Council Member,,Non-partisan,Election,4
ocd-division/country:us/state:or/place:aumsville,Municipal Council Member,,Non-partisan,Election,4
ocd-division/country:us/state:or/place:aurora,Mayor,,Non-partisan,Election,2
ocd-division/country:us/state:or/place:aurora,Municipal Council Member,Position 1,Non-partisan,Election,4
ocd-division/country:us/state:or/place:aurora,Municipal Council Member,Position 2,Non-partisan,Election,4
ocd-division/country:us/state:or/place:aurora,Municipal Council Member,Position 3,Non-partisan,Election,4
ocd-division/country:us/state:or/place:aurora,Municipal Council Member,Position 4,Non-partisan,Election,4
ocd-division/country:us/state:or/place:baker_city,Municipal Council Member,,Non-partisan,Election,4
ocd-division/country:us/state:or/place:baker_city,Municipal Council Member,,Non-partisan,Election,4
ocd-division/country:us/state:or/place:baker_city,Municipal Council Member,,Non-partisan,Election,4
ocd-division/country:us/state:or/place:baker_city,Municipal Council Member,,Non-partisan,Election,4
ocd-division/country:us/state:or/place:baker_city,Municipal Council Member,,Non-partisan,Election,4
ocd-division/country:us/state:or/place:baker_city,Municipal Council Member,,Non-partisan,Election,4
ocd-division/country:us/state:or/place:baker_city,Municipal Council Member,,Non-partisan,Election,4
ocd-division/country:us/state:or/place:bandon,Mayor,,Non-partisan,Election,2
ocd-division/country:us/state:or/place:bandon,Municipal Council Member,,Non-partisan,Election,4
ocd-division/country:us/state:or/place:bandon,Municipal Council Member,,Non-partisan,Election,4
ocd-division/country:us/state:or/place:bandon,Municipal Council Member,,Non-partisan,Election,4
ocd-division/country:us/state:or/place:bandon,Municipal Council Member,,Non-partisan,Election,4
ocd-division/country:us/state:or/place:bandon,Municipal Council Member,,Non-partisan,Election,4
ocd-division/country:us/state:or/place:banks,Mayor,,Non-partisan,Election,2
ocd-division/country:us/state:or/place:banks,Municipal Council Member,Position 1,Non-partisan,Election,4
ocd-division/country:us/state:or/place:banks,Municipal Council Member,Position 3,Non-partisan,Election,4
ocd-division/country:us/state:or/place:banks,Municipal Council Member,Position 4,Non-partisan,Election,4
ocd-division/country:us/state:or/place:banks,Municipal Council Member,Position 5,Non-partisan,Election,4
ocd-division/country:us/state:or/place:banks,Municipal Council Member,Position 6,Non-partisan,Election,4
ocd-division/country:us/state:or/place:barlow,Municipal Council Member,Position 1,Non-partisan,Election,4
ocd-division/country:us/state:or/place:barlow,Municipal Council Member,Position 2,Non-partisan,Election,4
ocd-division/country:us/state:or/place:barlow,Municipal Council Member,Position 3,Non-partisan,Election,4
ocd-division/country:us/state:or/place:bay_city,Municipal Council Member,,Non-partisan,Election,4
ocd-division/country:us/state:or/place:bay_city,Municipal Council Member,,Non-partisan,Election,4
ocd-division/country:us/state:or/place:bay_city,Municipal Council Member,,Non-partisan,Election,4
ocd-division/country:us/state:or/place:bay_city,Municipal Council Member,,Non-partisan,Election,4
ocd-division/country:us/state:or/place:bay_city,Municipal Council Member,,Non-partisan,Election,4
ocd-division/country:us/state:or/place:bay_city,Municipal Council Member,,Non-partisan,Election,4
ocd-division/country:us/state:or/place:beaverton,Mayor,,Non-partisan,Election,4
ocd-division/country:us/state:or/place:beaverton,Municipal Council Member,Position 1,Non-partisan,Election,4
ocd-division/country:us/state:or/place:beaverton,Municipal Council Member,Position 2,Non-partisan,Election,4
ocd-division/country:us/state:or/place:beaverton,Municipal Council Member,Position 3,Non-partisan,Election,4
ocd-division/country:us/state:or/place:beaverton,Municipal Council Member,Position 4,Non-partisan,Election,4
ocd-division/country:us/state:or/place:beaverton,Municipal Council Member,Position 5,Non-partisan,Election,4
ocd-division/country:us/state:or/place:beaverton,Municipal Council Member,Position 6,Non-partisan,Election,4
ocd-division/country:us/state:or/place:bend,Mayor,,Non-partisan,Election,4
ocd-division/country:us/state:or/place:bend,Municipal Council Member,Position 1,Non-partisan,Election,4
ocd-division/country:us/state:or/place:bend,Municipal Council Member,Position 2,Non-partisan,Election,4
ocd-division/country:us/state:or/place:bend,Municipal Council Member,Position 3,Non-partisan,Election,4
ocd-division/country:us/state:or/place:bend,Municipal Council Member,Position 4,Non-partisan,Election,2
ocd-division/country:us/state:or/place:bend,Municipal Council Member,Position 5,Non-partisan,Election,4
ocd-division/country:us/state:or/place:bend,Municipal Council Member,Position 6,Non-partisan,Election,4
ocd-division/country:us/state:or/place:boardman,Mayor,,Non-partisan,Election,4
ocd-division/country:us/state:or/place:boardman,Municipal Council Member,,Non-partisan,Election,4
ocd-division/country:us/state:or/place:boardman,Municipal Council Member,,Non-partisan,Election,4
ocd-division/country:us/state:or/place:boardman,Municipal Council Member,,Non-partisan,Election,4
ocd-division/country:us/state:or/place:boardman,Municipal Council Member,,Non-partisan,Election,4
ocd-division/country:us/state:or/place:boardman,Municipal Council Member,,Non-partisan,Election,4
ocd-division/country:us/state:or/place:boardman,Municipal Council Member,,Non-partisan,Election,4
ocd-division/country:us/state:or/place:bonanza,Mayor,,Non-partisan,Election,2
ocd-division/country:us/state:or/place:bonanza,Municipal Council Member,Position 1,Non-partisan,Election,4
ocd-division/country:us/state:or/place:bonanza,Municipal Council Member,Position 3,Non-partisan,Election,4
ocd-division/country:us/state:or/place:bonanza,Municipal Council Member,Position 4,Non-partisan,Election,4
ocd-division/country:us/state:or/place:bonanza,Municipal Council Member,Position 5,Non-partisan,Election,4
ocd-division/country:us/state:or/place:brookings,Mayor,,Non-partisan,Election,1
ocd-division/country:us/state:or/place:brookings,Municipal Council Member,Position 1,Non-partisan,Election,1
ocd-division/country:us/state:or/place:brookings,Municipal Council Member,Position 2,Non-partisan,Election,1
ocd-division/country:us/state:or/place:brookings,Municipal Council Member,Position 3,Non-partisan,Election,4
ocd-division/country:us/state:or/place:brookings,Municipal Council Member,Position 4,Non-partisan,Election,3
ocd-division/country:us/state:or/place:brownsville,Mayor,,Non-partisan,Election,4
ocd-division/country:us/state:or/place:brownsville,Municipal Council Member,,Non-partisan,Election,4
ocd-division/country:us/state:or/place:brownsville,Municipal Council Member,,Non-partisan,Election,4
ocd-division/country:us/state:or/place:brownsville,Municipal Council Member,,Non-partisan,Election,4
ocd-division/country:us/state:or/place:brownsville,Municipal Council Member,,Non-partisan,Election,4
ocd-division/country:us/state:or/place:brownsville,Municipal Council Member,,Non-partisan,Election,4
ocd-division/country:us/state:or/place:brownsville,Municipal Council Member,,Non-partisan,Election,4
ocd-division/country:us/state:or/place:burns,Mayor,,Non-partisan,Election,4
ocd-division/country:us/state:or/place:burns,Municipal Council Member,Position 1,Non-partisan,Election,4
ocd-division/country:us/state:or/place:burns,Municipal Council Member,Position 2,Non-partisan,Election,4
ocd-division/country:us/state:or/place:burns,Municipal Council Member,Position 3,Non-partisan,Election,4
ocd-division/country:us/state:or/place:burns,Municipal Council Member,Position 4,Non-partisan,Election,4
ocd-division/country:us/state:or/place:burns,Municipal Council Member,Position 5,Non-partisan,Election,4
ocd-division/country:us/state:or/place:butte_falls,Mayor,,Non-partisan,Election,2
ocd-division/country:us/state:or/place:butte_falls,Municipal Council Member,Position 1,Non-partisan,Election,4
ocd-division/country:us/state:or/place:butte_falls,Municipal Council Member,Position 2,Non-partisan,Election,4
ocd-division/country:us/state:or/place:butte_falls,Municipal Council Member,Position 3,Non-partisan,Election,4
ocd-division/country:us/state:or/place:butte_falls,Municipal Council Member,Position 4,Non-partisan,Election,4
ocd-division/country:us/state:or/place:butte_falls,Municipal Council Member,Position 5,Non-partisan,Election,4
ocd-division/country:us/state:or/place:butte_falls,Municipal Council Member,Position 6,Non-partisan,Election,4
ocd-division/country:us/state:or/place:canby,Mayor,,Non-partisan,Election,2
ocd-division/country:us/state:or/place:canby,Municipal Council Member,,Non-partisan,Election,4
ocd-division/country:us/state:or/place:canby,Municipal Council Member,,Non-partisan,Election,4
ocd-division/country:us/state:or/place:canby,Municipal Council Member,,Non-partisan,Election,4
ocd-division/country:us/state:or/place:canby,Municipal Council Member,,Non-partisan,Election,4
ocd-division/country:us/state:or/place:canby,Municipal Council Member,,Non-partisan,Election,4
ocd-division/country:us/state:or/place:canby,Municipal Council Member,,Non-partisan,Election,4
ocd-division/country:us/state:or/place:cannon_beach,Mayor,,Non-partisan,Election,4
ocd-division/country:us/state:or/place:cannon_beach,Municipal Council Member,,Non-partisan,Election,4
ocd-division/country:us/state:or/place:cannon_beach,Municipal Council Member,,Non-partisan,Election,4
ocd-division/country:us/state:or/place:cannon_beach,Municipal Council Member,,Non-partisan,Election,4
ocd-division/country:us/state:or/place:cannon_beach,Municipal Council Member,,Non-partisan,Election,4
ocd-division/country:us/state:or/place:canyon_city,Mayor,,Non-partisan,Election,4
ocd-division/country:us/state:or/place:canyon_city,Municipal Council Member,,Non-partisan,Election,4
ocd-division/country:us/state:or/place:canyon_city,Municipal Council Member,,Non-partisan,Election,4
ocd-division/country:us/state:or/place:canyon_city,Municipal Council Member,,Non-partisan,Election,4
ocd-division/country:us/state:or/place:canyonville,Mayor,,Non-partisan,Election,2
ocd-division/country:us/state:or/place:canyonville,Municipal Council Member,,Non-partisan,Election,4
ocd-division/country:us/state:or/place:canyonville,Municipal Council Member,,Non-partisan,Election,4
ocd-division/country:us/state:or/place:canyonville,Municipal Council Member,,Non-partisan,Election,4
ocd-division/country:us/state:or/place:canyonville,Municipal Council Member,,Non-partisan,Election,4
ocd-division/country:us/state:or/place:canyonville,Municipal Council Member,,Non-partisan,Election,4
ocd-division/country:us/state:or/place:canyonville,Municipal Council Member,,Non-partisan,Election,4
ocd-division/country:us/state:or/place:carlton,Mayor,,Non-partisan,Election,2
ocd-division/country:us/state:or/place:carlton,Municipal Council Member,,Non-partisan,Election,4
ocd-division/country:us/state:or/place:carlton,Municipal Council Member,,Non-partisan,Election,4
ocd-division/country:us/state:or/place:carlton,Municipal Council Member,,Non-partisan,Election,4
ocd-division/country:us/state:or/place:carlton,Municipal Council Member,,Non-partisan,Election,4
ocd-division/country:us/state:or/place:carlton,Municipal Council Member,,Non-partisan,Election,4
ocd-division/country:us/state:or/place:carlton,Municipal Council Member,,Non-partisan,Election,4
ocd-division/country:us/state:or/place:cascade_locks,Mayor,,Non-partisan,Election,2
ocd-division/country:us/state:or/place:cascade_locks,Municipal Council Member,,Non-partisan,Election,4
ocd-division/country:us/state:or/place:cascade_locks,Municipal Council Member,,Non-partisan,Election,4
ocd-division/country:us/state:or/place:cascade_locks,Municipal Council Member,,Non-partisan,Election,4
ocd-division/country:us/state:or/place:cascade_locks,Municipal Council Member,,Non-partisan,Election,4
ocd-division/country:us/state:or/place:cascade_locks,Municipal Council Member,,Non-partisan,Election,4
ocd-division/country:us/state:or/place:cascade_locks,Municipal Council Member,,Non-partisan,Election,4
ocd-division/country:us/state:or/place:cave_junction,Mayor,,Non-partisan,Election,2
ocd-division/country:us/state:or/place:cave_junction,Municipal Council Member,Position 1,Non-partisan,Election,4
ocd-division/country:us/state:or/place:cave_junction,Municipal Council Member,Position 2,Non-partisan,Election,4
ocd-division/country:us/state:or/place:cave_junction,Municipal Council Member,Position 3,Non-partisan,Election,4
ocd-division/country:us/state:or/place:cave_junction,Municipal Council Member,Position 4,Non-partisan,Election,4
ocd-division/country:us/state:or/place:central_point,Mayor,,Non-partisan,Election,4
ocd-division/country:us/state:or/place:central_point,Municipal Council Member,,Non-partisan,Election,4
ocd-division/country:us/state:or/place:central_point,Municipal Council Member,,Non-partisan,Election,4
ocd-division/country:us/state:or/place:central_point/council_district:ward_1,Municipal Council Member,,Non-partisan,Election,4
ocd-division/country:us/state:or/place:central_point/council_district:ward_2,Municipal Council Member,,Non-partisan,Election,4
ocd-division/country:us/state:or/place:central_point/council_district:ward_3,Municipal Council Member,,Non-partisan,Election,4
ocd-division/country:us/state:or/place:central_point/council_district:ward_4,Municipal Council Member,,Non-partisan,Election,4
ocd-division/country:us/state:or/place:chiloquin,Mayor,,Non-partisan,Election,4
ocd-division/country:us/state:or/place:chiloquin,Municipal Council Member,,Non-partisan,Election,4
ocd-division/country:us/state:or/place:chiloquin,Municipal Council Member,Position 1,Non-partisan,Election,4
ocd-division/country:us/state:or/place:chiloquin,Municipal Council Member,Position 3,Non-partisan,Election,4
ocd-division/country:us/state:or/place:chiloquin,Municipal Council Member,Position 4,Non-partisan,Election,4
ocd-division/country:us/state:or/place:chiloquin,Municipal Council Member,Position 5,Non-partisan,Election,4
ocd-division/country:us/state:or/place:chiloquin,Municipal Council Member,Position 6,Non-partisan,Election,4
ocd-division/country:us/state:or/place:clatskanie,Mayor,,Non-partisan,Election,2
ocd-division/country:us/state:or/place:clatskanie,Municipal Council Member,Position A,Non-partisan,Election,4
ocd-division/country:us/state:or/place:clatskanie,Municipal Council Member,Position A,Non-partisan,Election,4
ocd-division/country:us/state:or/place:clatskanie,Municipal Council Member,Position A,Non-partisan,Election,4
ocd-division/country:us/state:or/place:clatskanie,Municipal Council Member,Position B,Non-partisan,Election,4
ocd-division/country:us/state:or/place:clatskanie,Municipal Council Member,Position B,Non-partisan,Election,4
ocd-division/country:us/state:or/place:clatskanie,Municipal Council Member,Position B,Non-partisan,Election,4
ocd-division/country:us/state:or/place:coburg,Mayor,,Non-partisan,Election,4
ocd-division/country:us/state:or/place:coburg,Municipal Council Member,Position 1,Non-partisan,Election,4
ocd-division/country:us/state:or/place:coburg,Municipal Council Member,Position 2,Non-partisan,Election,4
ocd-division/country:us/state:or/place:coburg,Municipal Council Member,Position 3,Non-partisan,Election,4
ocd-division/country:us/state:or/place:coburg,Municipal Council Member,Position 4,Non-partisan,Election,4
ocd-division/country:us/state:or/place:coburg,Municipal Council Member,Position 6,Non-partisan,Election,4
ocd-division/country:us/state:or/place:columbia_city,Mayor,,Non-partisan,Election,4
ocd-division/country:us/state:or/place:columbia_city,Municipal Council Member,Position A,Non-partisan,Election,4
ocd-division/country:us/state:or/place:columbia_city,Municipal Council Member,Position A,Non-partisan,Election,4
ocd-division/country:us/state:or/place:columbia_city,Municipal Council Member,Position B,Non-partisan,Election,4
ocd-division/country:us/state:or/place:columbia_city,Municipal Council Member,Position B,Non-partisan,Election,4
ocd-division/country:us/state:or/place:condon,Mayor,,Non-partisan,Election,2
ocd-division/country:us/state:or/place:condon,Municipal Council Member,,Non-partisan,Election,4
ocd-division/country:us/state:or/place:condon,Municipal Council Member,,Non-partisan,Election,4
ocd-division/country:us/state:or/place:condon,Municipal Council Member,,Non-partisan,Election,4
ocd-division/country:us/state:or/place:condon,Municipal Council Member,,Non-partisan,Election,4
ocd-division/country:us/state:or/place:condon,Municipal Council Member,,Non-partisan,Election,4
ocd-division/country:us/state:or/place:condon,Municipal Council Member,,Non-partisan,Election,4
ocd-division/country:us/state:or/place:coos_bay,Mayor,,Non-partisan,Election,2
ocd-division/country:us/state:or/place:coos_bay,Municipal Council Member,,Non-partisan,Election,4
ocd-division/country:us/state:or/place:coos_bay,Municipal Council Member,,Non-partisan,Election,4
ocd-division/country:us/state:or/place:coos_bay,Municipal Council Member,,Non-partisan,Election,4
ocd-division/country:us/state:or/place:coos_bay,Municipal Council Member,,Non-partisan,Election,4
ocd-division/country:us/state:or/place:coos_bay,Municipal Council Member,,Non-partisan,Election,4
ocd-division/country:us/state:or/place:coos_bay,Municipal Council Member,,Non-partisan,Election,4
ocd-division/country:us/state:or/place:coquille,Mayor,,Non-partisan,Election,2
ocd-division/country:us/state:or/place:coquille,Municipal Council Member,,Non-partisan,Election,4
ocd-division/country:us/state:or/place:coquille,Municipal Council Member,,Non-partisan,Election,4
ocd-division/country:us/state:or/place:coquille,Municipal Council Member,,Non-partisan,Election,4
ocd-division/country:us/state:or/place:coquille,Municipal Council Member,,Non-partisan,Election,4
ocd-division/country:us/state:or/place:coquille,Municipal Council Member,,Non-partisan,Election,4
ocd-division/country:us/state:or/place:cornelius,Mayor,,Non-partisan,Election,2
ocd-division/country:us/state:or/place:cornelius,Municipal Council Member,,Non-partisan,Election,4
ocd-division/country:us/state:or/place:cornelius,Municipal Council Member,,Non-partisan,Election,4
ocd-division/country:us/state:or/place:cornelius,Municipal Council Member,,Non-partisan,Election,4
ocd-division/country:us/state:or/place:corvallis,Mayor,,Non-partisan,Election,4
ocd-division/country:us/state:or/place:corvallis/council_district:ward_1,Municipal Council Member,,Non-partisan,Election,4
ocd-division/country:us/state:or/place:corvallis/council_district:ward_2,Municipal Council Member,,Non-partisan,Election,4
ocd-division/country:us/state:or/place:corvallis/council_district:ward_3,Municipal Council Member,,Non-partisan,Election,4
ocd-division/country:us/state:or/place:corvallis/council_district:ward_4,Municipal Council Member,,Non-partisan,Election,4
ocd-division/country:us/state:or/place:corvallis/council_district:ward_5,Municipal Council Member,,Non-partisan,Election,4
ocd-division/country:us/state:or/place:corvallis/council_district:ward_6,Municipal Council Member,,Non-partisan,Election,4
ocd-division/country:us/state:or/place:corvallis/council_district:ward_7,Municipal Council Member,,Non-partisan,Election,4
ocd-division/country:us/state:or/place:corvallis/council_district:ward_8,Municipal Council Member,,Non-partisan,Election,4
ocd-division/country:us/state:or/place:corvallis/council_district:ward_9,Municipal Council Member,,Non-partisan,Election,4
ocd-division/country:us/state:or/place:cottage_grove,Mayor,,Non-partisan,Election,2
ocd-division/country:us/state:or/place:cottage_grove,Municipal Council Member,,Non-partisan,Election,4
ocd-division/country:us/state:or/place:cottage_grove,Municipal Council Member,,Non-partisan,Election,4
ocd-division/country:us/state:or/place:cottage_grove/council_district:ward_1,Municipal Council Member,,Non-partisan,Election,4
ocd-division/country:us/state:or/place:cottage_grove/council_district:ward_2,Municipal Council Member,,Non-partisan,Election,4
ocd-division/country:us/state:or/place:cottage_grove/council_district:ward_3,Municipal Council Member,,Non-partisan,Election,4
ocd-division/country:us/state:or/place:cottage_grove/council_district:ward_4,Municipal Council Member,,Non-partisan,Election,4
ocd-division/country:us/state:or/place:cove,Mayor,,Non-partisan,Election,2
ocd-division/country:us/state:or/place:cove,Municipal Council Member,,Non-partisan,Election,4
ocd-division/country:us/state:or/place:cove,Municipal Council Member,,Non-partisan,Election,4
ocd-division/country:us/state:or/place:cove,Municipal Council Member,,Non-partisan,Election,4
ocd-division/country:us/state:or/place:cove,Municipal Council Member,,Non-partisan,Election,4
ocd-division/country:us/state:or/place:cove,Municipal Council Member,,Non-partisan,Election,4
ocd-division/country:us/state:or/place:creswell,Mayor,,Non-partisan,Election,2
ocd-division/country:us/state:or/place:creswell,Municipal Council Member,,Non-partisan,Election,4
ocd-division/country:us/state:or/place:creswell,Municipal Council Member,,Non-partisan,Election,4
ocd-division/country:us/state:or/place:creswell,Municipal Council Member,,Non-partisan,Election,4
ocd-division/country:us/state:or/place:creswell,Municipal Council Member,,Non-partisan,Election,4
ocd-division/country:us/state:or/place:creswell,Municipal Council Member,,Non-partisan,Election,4
ocd-division/country:us/state:or/place:creswell,Municipal Council Member,,Non-partisan,Election,4
ocd-division/country:us/state:or/place:culver,Mayor,,Non-partisan,Election,2
ocd-division/country:us/state:or/place:culver,Municipal Council Member,Position 1,Non-partisan,Election,4
ocd-division/country:us/state:or/place:culver,Municipal Council Member,Position 2,Non-partisan,Election,4
ocd-division/country:us/state:or/place:culver,Municipal Council Member,Position 3,Non-partisan,Election,4
ocd-division/country:us/state:or/place:culver,Municipal Council Member,Position 4,Non-partisan,Election,4
ocd-division/country:us/state:or/place:culver,Municipal Council Member,Position 5,Non-partisan,Election,4
ocd-division/country:us/state:or/place:culver,Municipal Council Member,Position 6,Non-partisan,Election,4
ocd-division/country:us/state:or/place:dallas,Mayor,,Non-partisan,Election,2
ocd-division/country:us/state:or/place:dallas,Municipal Council Member,,Non-partisan,Election,4
ocd-division/country:us/state:or/place:dallas,Municipal Council Member,,Non-partisan,Election,4
ocd-division/country:us/state:or/place:dallas,Municipal Council Member,,Non-partisan,Election,4
ocd-division/country:us/state:or/place:dallas,Municipal Council Member,,Non-partisan,Election,4
ocd-division/country:us/state:or/place:dallas,Municipal Council Member,,Non-partisan,Election,4
ocd-division/country:us/state:or/place:dallas,Municipal Council Member,,Non-partisan,Election,4
ocd-division/country:us/state:or/place:dallas,Municipal Council Member,,Non-partisan,Election,4
ocd-division/country:us/state:or/place:dallas,Municipal Council Member,,Non-partisan,Election,4
ocd-division/country:us/state:or/place:dallas,Municipal Council Member,,Non-partisan,Election,4
ocd-division/country:us/state:or/place:dayton,Mayor,,Non-partisan,Election,4
ocd-division/country:us/state:or/place:dayton,Municipal Council Member,,Non-partisan,Election,4
ocd-division/country:us/state:or/place:dayton,Municipal Council Member,,Non-partisan,Election,4
ocd-division/country:us/state:or/place:dayton,Municipal Council Member,,Non-partisan,Election,4
ocd-division/country:us/state:or/place:dayton,Municipal Council Member,,Non-partisan,Election,4
ocd-division/country:us/state:or/place:dayton,Municipal Council Member,,Non-partisan,Election,4
ocd-division/country:us/state:or/place:dayville,Mayor,,Non-partisan,Election,2
ocd-division/country:us/state:or/place:dayville,Municipal Council Member,Position 1,Non-partisan,Election,4
ocd-division/country:us/state:or/place:dayville,Municipal Council Member,Position 2,Non-partisan,Election,4
ocd-division/country:us/state:or/place:dayville,Municipal Council Member,Position 3,Non-partisan,Election,4
ocd-division/country:us/state:or/place:dayville,Municipal Council Member,Position 4,Non-partisan,Election,4
ocd-division/country:us/state:or/place:dayville,Municipal Council Member,Position 5,Non-partisan,Election,4
ocd-division/country:us/state:or/place:depoe_bay,Mayor,,Non-partisan,Election,2
ocd-division/country:us/state:or/place:depoe_bay,Municipal Council Member,Position 1,Non-partisan,Election,4
ocd-division/country:us/state:or/place:depoe_bay,Municipal Council Member,Position 2,Non-partisan,Election,4
ocd-division/country:us/state:or/place:depoe_bay,Municipal Council Member,Position 3,Non-partisan,Election,4
ocd-division/country:us/state:or/place:depoe_bay,Municipal Council Member,Position 4,Non-partisan,Election,4
ocd-division/country:us/state:or/place:depoe_bay,Municipal Council Member,Position 5,Non-partisan,Election,4
ocd-division/country:us/state:or/place:depoe_bay,Municipal Council Member,Position 6,Non-partisan,Election,4
ocd-division/country:us/state:or/place:detroit,Mayor,,Non-partisan,Election,4
ocd-division/country:us/state:or/place:detroit,Municipal Council Member,,Non-partisan,Election,4
ocd-division/country:us/state:or/place:detroit,Municipal Council Member,,Non-partisan,Election,4
ocd-division/country:us/state:or/place:detroit,Municipal Council Member,,Non-partisan,Election,4
ocd-division/country:us/state:or/place:detroit,Municipal Council Member,,Non-partisan,Election,4
ocd-division/country:us/state:or/place:detroit,Municipal Council Member,,Non-partisan,Election,4
ocd-division/country:us/state:or/place:detroit,Municipal Council Member,,Non-partisan,Election,4
ocd-division/country:us/state:or/place:donald,Mayor,,Non-partisan,Election,2
ocd-division/country:us/state:or/place:donald,Municipal Council Member,,Non-partisan,Election,4
ocd-division/country:us/state:or/place:donald,Municipal Council Member,,Non-partisan,Election,4
ocd-division/country:us/state:or/place:donald,Municipal Council Member,,Non-partisan,Election,4
ocd-division/country:us/state:or/place:donald,Municipal Council Member,,Non-partisan,Election,4
ocd-division/country:us/state:or/place:donald,Municipal Council Member,,Non-partisan,Election,4
ocd-division/country:us/state:or/place:donald,Municipal Council Member,,Non-partisan,Election,4
ocd-division/country:us/state:or/place:drain,Mayor,,Non-partisan,Election,2
ocd-division/country:us/state:or/place:drain,Municipal Council Member,Position 1,Non-partisan,Election,4
ocd-division/country:us/state:or/place:drain,Municipal Council Member,Position 2,Non-partisan,Election,4
ocd-division/country:us/state:or/place:drain,Municipal Council Member,Position 3,Non-partisan,Election,4
ocd-division/country:us/state:or/place:drain,Municipal Council Member,Position 4,Non-partisan,Election,4
ocd-division/country:us/state:or/place:dufur,Mayor,,Non-partisan,Election,2
ocd-division/country:us/state:or/place:dufur,Municipal Council Member,Position 1,Non-partisan,Election,4
ocd-division/country:us/state:or/place:dufur,Municipal Council Member,Position 3,Non-partisan,Election,4
ocd-division/country:us/state:or/place:dufur,Municipal Council Member,Position 4,Non-partisan,Election,4
ocd-division/country:us/state:or/place:dufur,Municipal Council Member,Position 5,Non-partisan,Election,4
ocd-division/country:us/state:or/place:dufur,Municipal Council Member,Position 6,Non-partisan,Election,4
ocd-division/country:us/state:or/place:dufur,Municipal Council Member,Seat 2,Non-partisan,Election,4
ocd-division/country:us/state:or/place:dundee,Mayor,,Non-partisan,Election,2
ocd-division/country:us/state:or/place:dundee,Municipal Council Member,,Non-partisan,Election,4
ocd-division/country:us/state:or/place:dundee,Municipal Council Member,,Non-partisan,Election,4
ocd-division/country:us/state:or/place:dundee,Municipal Council Member,,Non-partisan,Election,4
ocd-division/country:us/state:or/place:dundee,Municipal Council Member,,Non-partisan,Election,4
ocd-division/country:us/state:or/place:dundee,Municipal Council Member,,Non-partisan,Election,4
ocd-division/country:us/state:or/place:dundee,Municipal Council Member,,Non-partisan,Election,4
ocd-division/country:us/state:or/place:dunes,Mayor,,Non-partisan,Election,4
ocd-division/country:us/state:or/place:dunes,Municipal Council Member,,Non-partisan,Election,4
ocd-division/country:us/state:or/place:dunes,Municipal Council Member,,Non-partisan,Election,4
ocd-division/country:us/state:or/place:dunes,Municipal Council Member,,Non-partisan,Election,4
ocd-division/country:us/state:or/place:dunes,Municipal Council Member,,Non-partisan,Election,4
ocd-division/country:us/state:or/place:dunes,Municipal Council Member,,Non-partisan,Election,4
ocd-division/country:us/state:or/place:dunes,Municipal Council Member,,Non-partisan,Election,4
ocd-division/country:us/state:or/place:durham,Mayor,,Non-partisan,Election,1
ocd-division/country:us/state:or/place:durham,Municipal Council Member,,Non-partisan,Election,4
ocd-division/country:us/state:or/place:durham,Municipal Council Member,,Non-partisan,Election,4
ocd-division/country:us/state:or/place:durham,Municipal Council Member,,Non-partisan,Election,4
ocd-division/country:us/state:or/place:durham,Municipal Council Member,,Non-partisan,Election,4
ocd-division/country:us/state:or/place:eagle_point,Mayor,,Non-partisan,Election,2
ocd-division/country:us/state:or/place:eagle_point,Municipal Council Member,,Non-partisan,Election,2
ocd-division/country:us/state:or/place:eagle_point,Municipal Council Member,,Non-partisan,Election,4
ocd-division/country:us/state:or/place:eagle_point,Municipal Council Member,,Non-partisan,Election,4
ocd-division/country:us/state:or/place:eagle_point,Municipal Council Member,,Non-partisan,Election,4
ocd-division/country:us/state:or/place:eagle_point,Municipal Council Member,,Non-partisan,Election,4
ocd-division/country:us/state:or/place:echo,Mayor,,Non-partisan,Election,2
ocd-division/country:us/state:or/place:echo,Municipal Council Member,,Non-partisan,Election,4
ocd-division/country:us/state:or/place:echo,Municipal Council Member,,Non-partisan,Election,4
ocd-division/country:us/state:or/place:echo,Municipal Council Member,,Non-partisan,Election,4
ocd-division/country:us/state:or/place:echo,Municipal Council Member,,Non-partisan,Election,4
ocd-division/country:us/state:or/place:echo,Municipal Council Member,,Non-partisan,Election,4
ocd-division/country:us/state:or/place:echo,Municipal Council Member,,Non-partisan,Election,4
ocd-division/country:us/state:or/place:elgin,Mayor,,Non-partisan,Election,2
ocd-division/country:us/state:or/place:elgin,Municipal Council Member,,Non-partisan,Election,4
ocd-division/country:us/state:or/place:elgin,Municipal Council Member,,Non-partisan,Election,4
ocd-division/country:us/state:or/place:elgin,Municipal Council Member,,Non-partisan,Election,4
ocd-division/country:us/state:or/place:elgin,Municipal Council Member,,Non-partisan,Election,4
ocd-division/country:us/state:or/place:elgin,Municipal Council Member,,Non-partisan,Election,4
ocd-division/country:us/state:or/place:elgin,Municipal Council Member,,Non-partisan,Election,4
ocd-division/country:us/state:or/place:elkton,Mayor,,Non-partisan,Election,2
ocd-division/country:us/state:or/place:elkton,Municipal Council Member,,Non-partisan,Election,4
ocd-division/country:us/state:or/place:elkton,Municipal Council Member,,Non-partisan,Election,4
ocd-division/country:us/state:or/place:elkton,Municipal Council Member,,Non-partisan,Election,4
ocd-division/country:us/state:or/place:elkton,Municipal Council Member,,Non-partisan,Election,4
ocd-division/country:us/state:or/place:enterprise,Mayor,,Non-partisan,Election,2
ocd-division/country:us/state:or/place:enterprise,Municipal Council Member,Position 1,Non-partisan,Election,4
ocd-division/country:us/state:or/place:enterprise,Municipal Council Member,Position 2,Non-partisan,Election,4
ocd-division/country:us/state:or/place:enterprise,Municipal Council Member,Position 3,Non-partisan,Election,4
ocd-division/country:us/state:or/place:enterprise,Municipal Council Member,Position 4,Non-partisan,Election,4
ocd-division/country:us/state:or/place:enterprise,Municipal Council Member,Position 5,Non-partisan,Election,4
ocd-division/country:us/state:or/place:enterprise,Municipal Council Member,Position 6,Non-partisan,Election,4
ocd-division/country:us/state:or/place:estacada,Mayor,,Non-partisan,Election,2
ocd-division/country:us/state:or/place:estacada,Municipal Council Member,,Non-partisan,Election,4
ocd-division/country:us/state:or/place:estacada,Municipal Council Member,,Non-partisan,Election,4
ocd-division/country:us/state:or/place:estacada,Municipal Council Member,,Non-partisan,Election,4
ocd-division/country:us/state:or/place:estacada,Municipal Council Member,,Non-partisan,Election,4
ocd-division/country:us/state:or/place:estacada,Municipal Council Member,,Non-partisan,Election,4
ocd-division/country:us/state:or/place:estacada,Municipal Council Member,,Non-partisan,Election,4
ocd-division/country:us/state:or/place:eugene,Mayor,,Non-partisan,Election,4
ocd-division/country:us/state:or/place:eugene/council_district:ward_1,Municipal Council Member,,Non-partisan,Election,4
ocd-division/country:us/state:or/place:eugene/council_district:ward_2,Municipal Council Member,,Non-partisan,Election,4
ocd-division/country:us/state:or/place:eugene/council_district:ward_3,Municipal Council Member,,Non-partisan,Election,4
ocd-division/country:us/state:or/place:eugene/council_district:ward_4,Municipal Council Member,,Non-partisan,Election,4
ocd-division/country:us/state:or/place:eugene/council_district:ward_5,Municipal Council Member,,Non-partisan,Election,4
ocd-division/country:us/state:or/place:eugene/council_district:ward_6,Municipal Council Member,,Non-partisan,Election,4
ocd-division/country:us/state:or/place:eugene/council_district:ward_7,Municipal Council Member,,Non-partisan,Election,4
ocd-division/country:us/state:or/place:eugene/council_district:ward_8,Municipal Council Member,,Non-partisan,Election,4
ocd-division/country:us/state:or/place:fairview,Mayor,,Non-partisan,Election,1
ocd-division/country:us/state:or/place:fairview,Municipal Council Member,Position 1,Non-partisan,Election,1
ocd-division/country:us/state:or/place:fairview,Municipal Council Member,Position 2,Non-partisan,Election,4
ocd-division/country:us/state:or/place:fairview,Municipal Council Member,Position 3,Non-partisan,Election,1
ocd-division/country:us/state:or/place:fairview,Municipal Council Member,Position 4,Non-partisan,Election,4
ocd-division/country:us/state:or/place:fairview,Municipal Council Member,Position 5,Non-partisan,Election,4
ocd-division/country:us/state:or/place:fairview,Municipal Council Member,Position 6,Non-partisan,Election,4
ocd-division/country:us/state:or/place:falls_city,Mayor,,Non-partisan,Election,2
ocd-division/country:us/state:or/place:falls_city,Municipal Council Member,,Non-partisan,Election,4
ocd-division/country:us/state:or/place:falls_city,Municipal Council Member,,Non-partisan,Election,4
ocd-division/country:us/state:or/place:falls_city,Municipal Council Member,,Non-partisan,Election,4
ocd-division/country:us/state:or/place:falls_city,Municipal Council Member,,Non-partisan,Election,4
ocd-division/country:us/state:or/place:falls_city,Municipal Council Member,,Non-partisan,Election,4
ocd-division/country:us/state:or/place:falls_city,Municipal Council Member,,Non-partisan,Election,4
ocd-division/country:us/state:or/place:florence,Mayor,,Non-partisan,Election,2
ocd-division/country:us/state:or/place:florence,Municipal Council Member,,Non-partisan,Election,4
ocd-division/country:us/state:or/place:florence,Municipal Council Member,,Non-partisan,Election,4
ocd-division/country:us/state:or/place:florence,Municipal Council Member,,Non-partisan,Election,4
ocd-division/country:us/state:or/place:florence,Municipal Council Member,,Non-partisan,Election,4
ocd-division/country:us/state:or/place:forest_grove,Mayor,,Non-partisan,Election,4
ocd-division/country:us/state:or/place:forest_grove,Municipal Council Member,,Non-partisan,Election,4
ocd-division/country:us/state:or/place:forest_grove,Municipal Council Member,,Non-partisan,Election,4
ocd-division/country:us/state:or/place:forest_grove,Municipal Council Member,,Non-partisan,Election,4
ocd-division/country:us/state:or/place:forest_grove,Municipal Council Member,,Non-partisan,Election,4
ocd-division/country:us/state:or/place:forest_grove,Municipal Council Member,,Non-partisan,Election,4
ocd-division/country:us/state:or/place:forest_grove,Municipal Council Member,,Non-partisan,Election,4
ocd-division/country:us/state:or/place:fossil,Mayor,,Non-partisan,Election,2
ocd-division/country:us/state:or/place:fossil,Municipal Council Member,Position 1,Non-partisan,Election,4
ocd-division/country:us/state:or/place:fossil,Municipal Council Member,Position 2,Non-partisan,Election,4
ocd-division/country:us/state:or/place:fossil,Municipal Council Member,Position 3,Non-partisan,Election,4
ocd-division/country:us/state:or/place:fossil,Municipal Council Member,Position 4,Non-partisan,Election,4
ocd-division/country:us/state:or/place:garibaldi,Mayor,,Non-partisan,Election,2
ocd-division/country:us/state:or/place:garibaldi,Municipal Council Member,,Non-partisan,Election,4
ocd-division/country:us/state:or/place:garibaldi,Municipal Council Member,,Non-partisan,Election,4
ocd-division/country:us/state:or/place:garibaldi,Municipal Council Member,,Non-partisan,Election,4
ocd-division/country:us/state:or/place:garibaldi,Municipal Council Member,,Non-partisan,Election,4
ocd-division/country:us/state:or/place:gaston,Mayor,,Non-partisan,Election,4
ocd-division/country:us/state:or/place:gaston,Municipal Council Member,Position 1,Non-partisan,Election,4
ocd-division/country:us/state:or/place:gaston,Municipal Council Member,Position 2,Non-partisan,Election,4
ocd-division/country:us/state:or/place:gaston,Municipal Council Member,Position 3,Non-partisan,Election,4
ocd-division/country:us/state:or/place:gaston,Municipal Council Member,Position 5,Non-partisan,Election,4
ocd-division/country:us/state:or/place:gaston,Municipal Council Member,Position 6,Non-partisan,Election,4
ocd-division/country:us/state:or/place:gates,Mayor,,Non-partisan,Election,4
ocd-division/country:us/state:or/place:gates,Municipal Council Member,,Non-partisan,Election,4
ocd-division/country:us/state:or/place:gates,Municipal Council Member,,Non-partisan,Election,4
ocd-division/country:us/state:or/place:gates,Municipal Council Member,,Non-partisan,Election,4
ocd-division/country:us/state:or/place:gates,Municipal Council Member,,Non-partisan,Election,4
ocd-division/country:us/state:or/place:gearhart,Mayor,,Non-partisan,Election,4
ocd-division/country:us/state:or/place:gearhart,Municipal Council Member,Position 1,Non-partisan,Election,4
ocd-division/country:us/state:or/place:gearhart,Municipal Council Member,Position 2,Non-partisan,Election,4
ocd-division/country:us/state:or/place:gearhart,Municipal Council Member,Position 3,Non-partisan,Election,4
ocd-division/country:us/state:or/place:gearhart,Municipal Council Member,Position 4,Non-partisan,Election,4
ocd-division/country:us/state:or/place:gervais,Mayor,,Non-partisan,Election,2
ocd-division/country:us/state:or/place:gervais,Municipal Council Member,,Non-partisan,Election,4
ocd-division/country:us/state:or/place:gervais,Municipal Council Member,,Non-partisan,Election,4
ocd-division/country:us/state:or/place:gervais,Municipal Council Member,,Non-partisan,Election,4
ocd-division/country:us/state:or/place:gervais,Municipal Council Member,,Non-partisan,Election,4
ocd-division/country:us/state:or/place:gervais,Municipal Council Member,,Non-partisan,Election,4
ocd-division/country:us/state:or/place:gladstone,Mayor,,Non-partisan,Election,4
ocd-division/country:us/state:or/place:gladstone,Municipal Council Member,Position 1,Non-partisan,Election,4
ocd-division/country:us/state:or/place:gladstone,Municipal Council Member,Position 2,Non-partisan,Election,4
ocd-division/country:us/state:or/place:gladstone,Municipal Council Member,Position 3,Non-partisan,Election,4
ocd-division/country:us/state:or/place:gladstone,Municipal Council Member,Position 4,Non-partisan,Election,4
ocd-division/country:us/state:or/place:gladstone,Municipal Council Member,Position 5,Non-partisan,Election,4
ocd-division/country:us/state:or/place:gladstone,Municipal Council Member,Position 6,Non-partisan,Election,4
ocd-division/country:us/state:or/place:glendale,Mayor,,Non-partisan,Election,2
ocd-division/country:us/state:or/place:glendale,Municipal Council Member,,Non-partisan,Election,4
ocd-division/country:us/state:or/place:glendale,Municipal Council Member,Position 1,Non-partisan,Election,4
ocd-division/country:us/state:or/place:glendale,Municipal Council Member,Position 2,Non-partisan,Election,4
ocd-division/country:us/state:or/place:glendale,Municipal Council Member,Position 3,Non-partisan,Election,4
ocd-division/country:us/state:or/place:glendale,Municipal Council Member,Position 5,Non-partisan,Election,4
ocd-division/country:us/state:or/place:glendale,Municipal Council Member,Position 6,Non-partisan,Election,4
ocd-division/country:us/state:or/place:gold_beach,Mayor,,Non-partisan,Election,4
ocd-division/country:us/state:or/place:gold_beach,Municipal Council Member,Position 1,Non-partisan,Election,4
ocd-division/country:us/state:or/place:gold_beach,Municipal Council Member,Position 2,Non-partisan,Election,4
ocd-division/country:us/state:or/place:gold_beach,Municipal Council Member,Position 3,Non-partisan,Election,4
ocd-division/country:us/state:or/place:gold_beach,Municipal Council Member,Position 4,Non-partisan,Election,4
ocd-division/country:us/state:or/place:gold_beach,Municipal Council Member,Position 5,Non-partisan,Election,4
ocd-division/country:us/state:or/place:gold_hill,Mayor,,Non-partisan,Election,4
ocd-division/country:us/state:or/place:gold_hill,Municipal Council Member,,Non-partisan,Election,4
ocd-division/country:us/state:or/place:gold_hill,Municipal Council Member,,Non-partisan,Election,4
ocd-division/country:us/state:or/place:gold_hill,Municipal Council Member,,Non-partisan,Election,4
ocd-division/country:us/state:or/place:gold_hill,Municipal Council Member,,Non-partisan,Election,4
ocd-division/country:us/state:or/place:gold_hill,Municipal Council Member,,Non-partisan,Election,4
ocd-division/country:us/state:or/place:gold_hill,Municipal Council Member,,Non-partisan,Election,4
ocd-division/country:us/state:or/place:gold_hill/municipal_court:gold_hill,Municipal Court Judge,,Non-partisan,Election,4
ocd-division/country:us/state:or/place:granite,Mayor,,Non-partisan,Election,4
ocd-division/country:us/state:or/place:grants_pass,Mayor,,Non-partisan,Election,4
ocd-division/country:us/state:or/place:grants_pass/council_district:ward_1,Municipal Council Member,,Non-partisan,Election,4
ocd-division/country:us/state:or/place:grants_pass/council_district:ward_1,Municipal Council Member,,Non-partisan,Election,4
ocd-division/country:us/state:or/place:grants_pass/council_district:ward_2,Municipal Council Member,,Non-partisan,Election,4
ocd-division/country:us/state:or/place:grants_pass/council_district:ward_2,Municipal Council Member,,Non-partisan,Election,4
ocd-division/country:us/state:or/place:grants_pass/council_district:ward_3,Municipal Council Member,,Non-partisan,Election,4
ocd-division/country:us/state:or/place:grants_pass/council_district:ward_3,Municipal Council Member,,Non-partisan,Election,4
ocd-division/country:us/state:or/place:grants_pass/council_district:ward_4,Municipal Council Member,,Non-partisan,Election,4
ocd-division/country:us/state:or/place:grants_pass/council_district:ward_4,Municipal Council Member,,Non-partisan,Election,4
ocd-division/country:us/state:or/place:grass_valley,Mayor,,Non-partisan,Election,4
ocd-division/country:us/state:or/place:grass_valley,Municipal Council Member,Position 1,Non-partisan,Election,4
ocd-division/country:us/state:or/place:grass_valley,Municipal Council Member,Position 2,Non-partisan,Election,4
ocd-division/country:us/state:or/place:grass_valley,Municipal Council Member,Position 3,Non-partisan,Election,4
ocd-division/country:us/state:or/place:grass_valley,Municipal Council Member,Position 4,Non-partisan,Election,4
ocd-division/country:us/state:or/place:grass_valley,Municipal Council Member,Position 5,Non-partisan,Election,4
ocd-division/country:us/state:or/place:grass_valley,Municipal Council Member,Position 6,Non-partisan,Election,4
ocd-division/country:us/state:or/place:greenhorn,Mayor,,,,
ocd-division/country:us/state:or/place:greenhorn,Municipal Council Member,,,,
ocd-division/country:us/state:or/place:greenhorn,Municipal Council Member,,,,
ocd-division/country:us/state:or/place:greenhorn,Municipal Council Member,,,,
ocd-division/country:us/state:or/place:greenhorn,Municipal Council Member,,,,
ocd-division/country:us/state:or/place:gresham,Mayor,,Non-partisan,Election,2
ocd-division/country:us/state:or/place:gresham,Municipal Council Member,Position 1,Non-partisan,Election,4
ocd-division/country:us/state:or/place:gresham,Municipal Council Member,Position 2,Non-partisan,Election,4
ocd-division/country:us/state:or/place:gresham,Municipal Council Member,Position 3,Non-partisan,Election,4
ocd-division/country:us/state:or/place:gresham,Municipal Council Member,Position 4,Non-partisan,Election,4
ocd-division/country:us/state:or/place:gresham,Municipal Council Member,Position 5,Non-partisan,Election,4
ocd-division/country:us/state:or/place:gresham,Municipal Council Member,Position 6,Non-partisan,Election,4
ocd-division/country:us/state:or/place:haines,Mayor,,Non-partisan,Election,2
ocd-division/country:us/state:or/place:haines,Municipal Council Member,,Non-partisan,Election,4
ocd-division/country:us/state:or/place:haines,Municipal Council Member,,Non-partisan,Election,4
ocd-division/country:us/state:or/place:haines,Municipal Council Member,,Non-partisan,Election,4
ocd-division/country:us/state:or/place:haines,Municipal Council Member,,Non-partisan,Election,4
ocd-division/country:us/state:or/place:haines,Municipal Council Member,,Non-partisan,Election,4
ocd-division/country:us/state:or/place:haines,Municipal Council Member,,Non-partisan,Election,4
ocd-division/country:us/state:or/place:halfway,Mayor,,Non-partisan,Election,4
ocd-division/country:us/state:or/place:halfway,Municipal Council Member,,Non-partisan,Election,4
ocd-division/country:us/state:or/place:halfway,Municipal Council Member,,Non-partisan,Election,4
ocd-division/country:us/state:or/place:halfway,Municipal Council Member,,Non-partisan,Election,4
ocd-division/country:us/state:or/place:halfway,Municipal Council Member,,Non-partisan,Election,4
ocd-division/country:us/state:or/place:halfway,Municipal Council Member,,Non-partisan,Election,4
ocd-division/country:us/state:or/place:halsey,Mayor,,Non-partisan,Election,2
ocd-division/country:us/state:or/place:halsey,Municipal Council Member,,Non-partisan,Election,4
ocd-division/country:us/state:or/place:halsey,Municipal Council Member,,Non-partisan,Election,4
ocd-division/country:us/state:or/place:halsey,Municipal Council Member,,Non-partisan,Election,4
ocd-division/country:us/state:or/place:halsey,Municipal Council Member,,Non-partisan,Election,4
ocd-division/country:us/state:or/place:halsey,Municipal Council Member,,Non-partisan,Election,4
ocd-division/country:us/state:or/place:happy_valley,Mayor,,Non-partisan,Election,4
ocd-division/country:us/state:or/place:happy_valley,Municipal Council Member,Position 1,Non-partisan,Election,4
ocd-division/country:us/state:or/place:happy_valley,Municipal Council Member,Position 2,Non-partisan,Election,4
ocd-division/country:us/state:or/place:happy_valley,Municipal Council Member,Position 3,Non-partisan,Election,4
ocd-division/country:us/state:or/place:happy_valley,Municipal Council Member,Position 4,Non-partisan,Election,4
ocd-division/country:us/state:or/place:harrisburg,Mayor,,Non-partisan,Election,2
ocd-division/country:us/state:or/place:harrisburg,Municipal Council Member,,Non-partisan,Election,4
ocd-division/country:us/state:or/place:harrisburg,Municipal Council Member,,Non-partisan,Election,4
ocd-division/country:us/state:or/place:harrisburg,Municipal Council Member,,Non-partisan,Election,4
ocd-division/country:us/state:or/place:harrisburg,Municipal Council Member,,Non-partisan,Election,4
ocd-division/country:us/state:or/place:harrisburg,Municipal Council Member,,Non-partisan,Election,4
ocd-division/country:us/state:or/place:helix,Mayor,,Non-partisan,Election,4
ocd-division/country:us/state:or/place:helix,Municipal Council Member,Position 4,Non-partisan,Election,4
ocd-division/country:us/state:or/place:helix,Municipal Council Member,Position 5,Non-partisan,Election,4
ocd-division/country:us/state:or/place:helix,Municipal Council Member,Position 6,Non-partisan,Election,4
ocd-division/country:us/state:or/place:heppner,Mayor,,Non-partisan,Election,2
ocd-division/country:us/state:or/place:heppner,Municipal Council Member,Position 1,Non-partisan,Election,4
ocd-division/country:us/state:or/place:heppner,Municipal Council Member,Position 2,Non-partisan,Election,4
ocd-division/country:us/state:or/place:heppner,Municipal Council Member,Position 3,Non-partisan,Election,4
ocd-division/country:us/state:or/place:heppner,Municipal Council Member,Position 4,Non-partisan,Election,4
ocd-division/country:us/state:or/place:heppner,Municipal Council Member,Position 5,Non-partisan,Election,4
ocd-division/country:us/state:or/place:heppner,Municipal Council Member,Position 6,Non-partisan,Election,4
ocd-division/country:us/state:or/place:hermiston,Mayor,,Non-partisan,Election,4
ocd-division/country:us/state:or/place:hermiston,Municipal Council Member,,Non-partisan,Election,4
ocd-division/country:us/state:or/place:hermiston,Municipal Council Member,,Non-partisan,Election,4
ocd-division/country:us/state:or/place:hermiston,Municipal Council Member,,Non-partisan,Election,4
ocd-division/country:us/state:or/place:hermiston,Municipal Council Member,,Non-partisan,Election,4
ocd-division/country:us/state:or/place:hermiston/council_district:ward_i,Municipal Council Member,,Non-partisan,Election,4
ocd-division/country:us/state:or/place:hermiston/council_district:ward_ii,Municipal Council Member,,Non-partisan,Election,4
ocd-division/country:us/state:or/place:hermiston/council_district:ward_iii,Municipal Council Member,,Non-partisan,Election,4
ocd-division/country:us/state:or/place:hermiston/council_district:ward_iv,Municipal Council Member,,Non-partisan,Election,4
ocd-division/country:us/state:or/place:hermiston/municipal_court:hermiston,Municipal Court Judge,,Non-partisan,Election,2
ocd-division/country:us/state:or/place:hillsboro,Mayor,,Non-partisan,Election,4
ocd-division/country:us/state:or/place:hillsboro/council_district:ward_1,Municipal Council Member,Position A,Non-partisan,Election,4
ocd-division/country:us/state:or/place:hillsboro/council_district:ward_1,Municipal Council Member,Position B,Non-partisan,Election,4
ocd-division/country:us/state:or/place:hillsboro/council_district:ward_2,Municipal Council Member,Position A,Non-partisan,Election,4
ocd-division/country:us/state:or/place:hillsboro/council_district:ward_2,Municipal Council Member,Position B,Non-partisan,Election,4
ocd-division/country:us/state:or/place:hillsboro/council_district:ward_3,Municipal Council Member,Position A,Non-partisan,Election,4
ocd-division/country:us/state:or/place:hillsboro/council_district:ward_3,Municipal Council Member,Position B,Non-partisan,Election,4
ocd-division/country:us/state:or/place:hines,Mayor,,Non-partisan,Election,4
ocd-division/country:us/state:or/place:hines,Municipal Council Member,Position 1,Non-partisan,Election,4
ocd-division/country:us/state:or/place:hines,Municipal Council Member,Position 2,Non-partisan,Election,4
ocd-division/country:us/state:or/place:hines,Municipal Council Member,Position 3,Non-partisan,Election,4
ocd-division/country:us/state:or/place:hines,Municipal Council Member,Position 4,Non-partisan,Election,4
ocd-division/country:us/state:or/place:hines,Municipal Council Member,Position 5,Non-partisan,Election,4
ocd-division/country:us/state:or/place:hines,Municipal Council Member,Position 6,Non-partisan,Election,4
ocd-division/country:us/state:or/place:hood_river,Mayor,,Non-partisan,Election,2
ocd-division/country:us/state:or/place:hood_river,Municipal Council Member,,Non-partisan,Election,4
ocd-division/country:us/state:or/place:hood_river,Municipal Council Member,,Non-partisan,Election,4
ocd-division/country:us/state:or/place:hood_river,Municipal Council Member,,Non-partisan,Election,4
ocd-division/country:us/state:or/place:hood_river,Municipal Council Member,,Non-partisan,Election,4
ocd-division/country:us/state:or/place:hood_river,Municipal Council Member,,Non-partisan,Election,4
ocd-division/country:us/state:or/place:hood_river,Municipal Council Member,,Non-partisan,Election,4
ocd-division/country:us/state:or/place:hubbard,Mayor,,Non-partisan,Election,2
ocd-division/country:us/state:or/place:hubbard,Municipal Council Member,,Non-partisan,Election,4
ocd-division/country:us/state:or/place:hubbard,Municipal Council Member,,Non-partisan,Election,4
ocd-division/country:us/state:or/place:hubbard,Municipal Council Member,,Non-partisan,Election,4
ocd-division/country:us/state:or/place:hubbard,Municipal Council Member,,Non-partisan,Election,4
ocd-division/country:us/state:or/place:huntington,Mayor,,Non-partisan,Election,4
ocd-division/country:us/state:or/place:huntington,Municipal Council Member,,Non-partisan,Election,4
ocd-division/country:us/state:or/place:huntington,Municipal Council Member,,Non-partisan,Election,4
ocd-division/country:us/state:or/place:huntington,Municipal Council Member,,Non-partisan,Election,4
ocd-division/country:us/state:or/place:huntington,Municipal Council Member,,Non-partisan,Election,4
ocd-division/country:us/state:or/place:huntington,Municipal Council Member,,Non-partisan,Election,4
ocd-division/country:us/state:or/place:idanha,Mayor,,Non-partisan,Election,4
ocd-division/country:us/state:or/place:idanha,Municipal Council Member,,Non-partisan,Election,4
ocd-division/country:us/state:or/place:idanha,Municipal Council Member,,Non-partisan,Election,4
ocd-division/country:us/state:or/place:idanha,Municipal Council Member,,Non-partisan,Election,4
ocd-division/country:us/state:or/place:idanha,Municipal Council Member,,Non-partisan,Election,4
ocd-division/country:us/state:or/place:imbler,Mayor,,Non-partisan,Election,2
ocd-division/country:us/state:or/place:imbler,Municipal Council Member,Position 1,Non-partisan,Election,4
ocd-division/country:us/state:or/place:imbler,Municipal Council Member,Position 2,Non-partisan,Election,4
ocd-division/country:us/state:or/place:imbler,Municipal Council Member,Position 3,Non-partisan,Election,4
ocd-division/country:us/state:or/place:imbler,Municipal Council Member,Position 4,Non-partisan,Election,4
ocd-division/country:us/state:or/place:imbler,Municipal Council Member,Position 5,Non-partisan,Election,4
ocd-division/country:us/state:or/place:imbler,Municipal Council Member,Position 6,Non-partisan,Election,4
ocd-division/country:us/state:or/place:independence,Mayor,,Non-partisan,Election,2
ocd-division/country:us/state:or/place:independence,Municipal Council Member,Position 1,Non-partisan,Election,4
ocd-division/country:us/state:or/place:independence,Municipal Council Member,Position 2,Non-partisan,Election,4
ocd-division/country:us/state:or/place:independence,Municipal Council Member,Position 3,Non-partisan,Election,4
ocd-division/country:us/state:or/place:independence,Municipal Council Member,Position 4,Non-partisan,Election,4
ocd-division/country:us/state:or/place:independence,Municipal Council Member,Position 5,Non-partisan,Election,4
ocd-division/country:us/state:or/place:independence,Municipal Council Member,Position 6,Non-partisan,Election,4
ocd-division/country:us/state:or/place:ione,Mayor,,Non-partisan,Election,2
ocd-division/country:us/state:or/place:ione,Municipal Council Member,Position 1,Non-partisan,Election,4
ocd-division/country:us/state:or/place:ione,Municipal Council Member,Position 2,Non-partisan,Election,4
ocd-division/country:us/state:or/place:ione,Municipal Council Member,Position 2,Non-partisan,Election,4
ocd-division/country:us/state:or/place:ione,Municipal Council Member,Position 3,Non-partisan,Election,4
ocd-division/country:us/state:or/place:ione,Municipal Council Member,Position 4,Non-partisan,Election,4
ocd-division/country:us/state:or/place:ione,Municipal Council Member,Position 6,Non-partisan,Election,4
ocd-division/country:us/state:or/place:irrigon,Mayor,,Non-partisan,Election,4
ocd-division/country:us/state:or/place:irrigon,Municipal Council Member,,Non-partisan,Election,4
ocd-division/country:us/state:or/place:irrigon,Municipal Council Member,,Non-partisan,Election,4
ocd-division/country:us/state:or/place:irrigon,Municipal Council Member,,Non-partisan,Election,4
ocd-division/country:us/state:or/place:irrigon,Municipal Council Member,,Non-partisan,Election,4
ocd-division/country:us/state:or/place:irrigon,Municipal Council Member,,Non-partisan,Election,4
ocd-division/country:us/state:or/place:irrigon,Municipal Council Member,,Non-partisan,Election,4
ocd-division/country:us/state:or/place:island_city,Mayor,,Non-partisan,Election,2
ocd-division/country:us/state:or/place:island_city,Municipal Council Member,Position 1,Non-partisan,Election,4
ocd-division/country:us/state:or/place:island_city,Municipal Council Member,Position 2,Non-partisan,Election,4
ocd-division/country:us/state:or/place:island_city,Municipal Council Member,Position 4,Non-partisan,Election,4
ocd-division/country:us/state:or/place:island_city,Municipal Council Member,Position 5,Non-partisan,Election,4
ocd-division/country:us/state:or/place:island_city,Municipal Council Member,Position 6,Non-partisan,Election,4
ocd-division/country:us/state:or/place:jacksonville,Mayor,,Non-partisan,Election,4
ocd-division/country:us/state:or/place:jacksonville,Municipal Council Member,,Non-partisan,Election,4
ocd-division/country:us/state:or/place:jacksonville,Municipal Council Member,,Non-partisan,Election,4
ocd-division/country:us/state:or/place:jacksonville,Municipal Council Member,,Non-partisan,Election,4
ocd-division/country:us/state:or/place:jacksonville,Municipal Council Member,,Non-partisan,Election,4
ocd-division/country:us/state:or/place:jacksonville,Municipal Council Member,,Non-partisan,Election,4
ocd-division/country:us/state:or/place:jacksonville,Municipal Council Member,,Non-partisan,Election,4
ocd-division/country:us/state:or/place:jefferson,Mayor,,Non-partisan,Election,2
ocd-division/country:us/state:or/place:jefferson,Municipal Council Member,,Non-partisan,Election,4
ocd-division/country:us/state:or/place:jefferson,Municipal Council Member,,Non-partisan,Election,4
ocd-division/country:us/state:or/place:jefferson,Municipal Council Member,,Non-partisan,Election,4
ocd-division/country:us/state:or/place:jefferson,Municipal Council Member,,Non-partisan,Election,4
ocd-division/country:us/state:or/place:jefferson,Municipal Council Member,,Non-partisan,Election,4
ocd-division/country:us/state:or/place:jefferson,Municipal Council Member,,Non-partisan,Election,4
ocd-division/country:us/state:or/place:john_day,Mayor,,Non-partisan,Election,4
ocd-division/country:us/state:or/place:john_day,Municipal Council Member,,Non-partisan,Election,4
ocd-division/country:us/state:or/place:john_day,Municipal Council Member,,Non-partisan,Election,4
ocd-division/country:us/state:or/place:john_day,Municipal Council Member,,Non-partisan,Election,4
ocd-division/country:us/state:or/place:john_day,Municipal Council Member,,Non-partisan,Election,4
ocd-division/country:us/state:or/place:john_day,Municipal Council Member,,Non-partisan,Election,4
ocd-division/country:us/state:or/place:john_day,Municipal Council Member,,Non-partisan,Election,4
ocd-division/country:us/state:or/place:johnson_city,Municipal Council Member,,Non-partisan,Election,4
ocd-division/country:us/state:or/place:johnson_city,Municipal Council Member,,Non-partisan,Election,4
ocd-division/country:us/state:or/place:johnson_city,Municipal Council Member,,Non-partisan,Election,4
ocd-division/country:us/state:or/place:johnson_city,Municipal Council Member,,Non-partisan,Election,4
ocd-division/country:us/state:or/place:johnson_city,Municipal Council Member,,Non-partisan,Election,4
ocd-division/country:us/state:or/place:jordan_valley,Mayor,,Non-partisan,Election,4
ocd-division/country:us/state:or/place:jordan_valley,Municipal Council Member,Position 2,Non-partisan,Election,4
ocd-division/country:us/state:or/place:jordan_valley,Municipal Council Member,Position 3,Non-partisan,Election,4
ocd-division/country:us/state:or/place:jordan_valley,Municipal Council Member,Position 4,Non-partisan,Election,4
ocd-division/country:us/state:or/place:jordan_valley,Municipal Council Member,Position 5,Non-partisan,Election,4
ocd-division/country:us/state:or/place:jordan_valley,Municipal Council Member,Position 6,Non-partisan,Election,4
ocd-division/country:us/state:or/place:joseph,Mayor,,Non-partisan,Election,2
ocd-division/country:us/state:or/place:joseph,Municipal Council Member,,Non-partisan,Election,4
ocd-division/country:us/state:or/place:joseph,Municipal Council Member,,Non-partisan,Election,4
ocd-division/country:us/state:or/place:joseph,Municipal Council Member,Position 1,Non-partisan,Election,4
ocd-division/country:us/state:or/place:joseph,Municipal Council Member,Position 2,Non-partisan,Election,4
ocd-division/country:us/state:or/place:junction_city,Mayor,,Non-partisan,Election,4
ocd-division/country:us/state:or/place:junction_city,Municipal Council Member,,Non-partisan,Election,4
ocd-division/country:us/state:or/place:junction_city,Municipal Council Member,,Non-partisan,Election,4
ocd-division/country:us/state:or/place:junction_city,Municipal Council Member,,Non-partisan,Election,4
ocd-division/country:us/state:or/place:junction_city,Municipal Council Member,,Non-partisan,Election,4
ocd-division/country:us/state:or/place:junction_city,Municipal Council Member,,Non-partisan,Election,4
ocd-division/country:us/state:or/place:junction_city,Municipal Council Member,,Non-partisan,Election,4
ocd-division/country:us/state:or/place:keizer,Mayor,,Non-partisan,Election,2
ocd-division/country:us/state:or/place:keizer,Municipal Council Member,,Non-partisan,Election,4
ocd-division/country:us/state:or/place:keizer,Municipal Council Member,Position 1,Non-partisan,Election,4
ocd-division/country:us/state:or/place:keizer,Municipal Council Member,Position 2,Non-partisan,Election,4
ocd-division/country:us/state:or/place:keizer,Municipal Council Member,Position 3,Non-partisan,Election,4
ocd-division/country:us/state:or/place:keizer,Municipal Council Member,Position 4,Non-partisan,Election,4
ocd-division/country:us/state:or/place:keizer,Municipal Council Member,Position 5,Non-partisan,Election,4
ocd-division/country:us/state:or/place:keizer,Municipal Council Member,Position 6,Non-partisan,Election,4
ocd-division/country:us/state:or/place:king_city,Mayor,,Non-partisan,Election,4
ocd-division/country:us/state:or/place:king_city,Municipal Council Member,,Non-partisan,Election,4
ocd-division/country:us/state:or/place:king_city,Municipal Council Member,,Non-partisan,Election,4
ocd-division/country:us/state:or/place:king_city,Municipal Council Member,,Non-partisan,Election,4
ocd-division/country:us/state:or/place:king_city,Municipal Council Member,,Non-partisan,Election,4
ocd-division/country:us/state:or/place:king_city,Municipal Council Member,,Non-partisan,Election,4
ocd-division/country:us/state:or/place:king_city,Municipal Council Member,,Non-partisan,Election,4
ocd-division/country:us/state:or/place:klamath_falls,Mayor,,Non-partisan,Election,4
ocd-division/country:us/state:or/place:klamath_falls/council_district:ward_1,Municipal Council Member,,Non-partisan,Election,4
ocd-division/country:us/state:or/place:klamath_falls/council_district:ward_2,Municipal Council Member,,Non-partisan,Election,4
ocd-division/country:us/state:or/place:klamath_falls/council_district:ward_3,Municipal Council Member,,Non-partisan,Election,4
ocd-division/country:us/state:or/place:klamath_falls/council_district:ward_4,Municipal Council Member,,Non-partisan,Election,4
ocd-division/country:us/state:or/place:klamath_falls/council_district:ward_5,Municipal Council Member,,Non-partisan,Election,4
ocd-division/country:us/state:or/place:la_grande,Mayor,,Non-partisan,Election,2
ocd-division/country:us/state:or/place:la_grande,Municipal Council Member,Position 2,Non-partisan,Election,4
ocd-division/country:us/state:or/place:la_grande,Municipal Council Member,Position 3,Non-partisan,Election,4
ocd-division/country:us/state:or/place:la_grande,Municipal Council Member,Position 4,Non-partisan,Election,4
ocd-division/country:us/state:or/place:la_grande,Municipal Council Member,Position 5,Non-partisan,Election,4
ocd-division/country:us/state:or/place:la_grande,Municipal Council Member,Position 6,Non-partisan,Election,4
ocd-division/country:us/state:or/place:la_grande,Municipal Council Member,Position 7,Non-partisan,Election,4
ocd-division/country:us/state:or/place:la_pine,Mayor,,Non-partisan,Election,2
ocd-division/country:us/state:or/place:la_pine,Municipal Council Member,,Non-partisan,Election,4
ocd-division/country:us/state:or/place:la_pine,Municipal Council Member,,Non-partisan,Election,4
ocd-division/country:us/state:or/place:la_pine,Municipal Council Member,,Non-partisan,Election,4
ocd-division/country:us/state:or/place:la_pine,Municipal Council Member,,Non-partisan,Election,4
ocd-division/country:us/state:or/place:lafayette,Mayor,,Non-partisan,Election,2
ocd-division/country:us/state:or/place:lafayette,Municipal Council Member,,Non-partisan,Election,4
ocd-division/country:us/state:or/place:lafayette,Municipal Council Member,,Non-partisan,Election,4
ocd-division/country:us/state:or/place:lafayette,Municipal Council Member,,Non-partisan,Election,4
ocd-division/country:us/state:or/place:lafayette,Municipal Council Member,,Non-partisan,Election,4
ocd-division/country:us/state:or/place:lafayette,Municipal Council Member,,Non-partisan,Election,4
ocd-division/country:us/state:or/place:lafayette,Municipal Council Member,,Non-partisan,Election,4
ocd-division/country:us/state:or/place:lake_oswego,Mayor,,Non-partisan,Election,4
ocd-division/country:us/state:or/place:lake_oswego,Municipal Council Member,,Non-partisan,Election,4
ocd-division/country:us/state:or/place:lake_oswego,Municipal Council Member,,Non-partisan,Election,4
ocd-division/country:us/state:or/place:lake_oswego,Municipal Council Member,,Non-partisan,Election,4
ocd-division/country:us/state:or/place:lake_oswego,Municipal Council Member,,Non-partisan,Election,4
ocd-division/country:us/state:or/place:lake_oswego,Municipal Council Member,,Non-partisan,Election,4
ocd-division/country:us/state:or/place:lake_oswego,Municipal Council Member,,Non-partisan,Election,4
ocd-division/country:us/state:or/place:lakeside,Municipal Council Member,,Non-partisan,,4
ocd-division/country:us/state:or/place:lakeside,Municipal Council Member,,Non-partisan,Election,4
ocd-division/country:us/state:or/place:lakeside,Municipal Council Member,,Non-partisan,Election,4
ocd-division/country:us/state:or/place:lakeview,Mayor,,Non-partisan,Election,4
ocd-division/country:us/state:or/place:lakeview,Municipal Council Member,,Non-partisan,Election,4
ocd-division/country:us/state:or/place:lakeview,Municipal Council Member,,Non-partisan,Election,4
ocd-division/country:us/state:or/place:lakeview,Municipal Council Member,,Non-partisan,Election,4
ocd-division/country:us/state:or/place:lakeview,Municipal Council Member,,Non-partisan,Election,4
ocd-division/country:us/state:or/place:lebanon,Mayor,,Non-partisan,Election,2
ocd-division/country:us/state:or/place:lebanon/council_district:ward_i,Municipal Council Member,,Non-partisan,Election,4
ocd-division/country:us/state:or/place:lebanon/council_district:ward_i,Municipal Council Member,,Non-partisan,Election,4
ocd-division/country:us/state:or/place:lebanon/council_district:ward_ii,Municipal Council Member,,Non-partisan,Election,4
ocd-division/country:us/state:or/place:lebanon/council_district:ward_ii,Municipal Council Member,,Non-partisan,Election,4
ocd-division/country:us/state:or/place:lebanon/council_district:ward_iii,Municipal Council Member,,Non-partisan,Election,4
ocd-division/country:us/state:or/place:lebanon/council_district:ward_iii,Municipal Council Member,,Non-partisan,Election,4
ocd-division/country:us/state:or/place:lexington,Mayor,,Non-partisan,Election,4
ocd-division/country:us/state:or/place:lexington,Municipal Council Member,Position 1,Non-partisan,Election,4
ocd-division/country:us/state:or/place:lexington,Municipal Council Member,Position 2,Non-partisan,Election,4
ocd-division/country:us/state:or/place:lexington,Municipal Council Member,Position 3,Non-partisan,Election,4
ocd-division/country:us/state:or/place:lexington,Municipal Council Member,Position 4,Non-partisan,Election,4
ocd-division/country:us/state:or/place:lincoln_city,Mayor,,Non-partisan,Election,2
ocd-division/country:us/state:or/place:lincoln_city/council_district:ward_1,Municipal Council Member,,Non-partisan,Election,4
ocd-division/country:us/state:or/place:lincoln_city/council_district:ward_2,Municipal Council Member,,Non-partisan,Election,4
ocd-division/country:us/state:or/place:lincoln_city/council_district:ward_3,Municipal Council Member,,Non-partisan,Election,4
ocd-division/country:us/state:or/place:lincoln_city/council_district:ward_3,Municipal Council Member,,Non-partisan,Election,4
ocd-division/country:us/state:or/place:lonerock,Mayor,,Non-partisan,Election,4
ocd-division/country:us/state:or/place:lonerock,Municipal Council Member,Position 1,Non-partisan,Election,4
ocd-division/country:us/state:or/place:lonerock,Municipal Council Member,Position 2,Non-partisan,Election,4
ocd-division/country:us/state:or/place:lonerock,Municipal Council Member,Position 3,Non-partisan,Election,4
ocd-division/country:us/state:or/place:long_creek,Mayor,,Non-partisan,Election,2
ocd-division/country:us/state:or/place:long_creek,Municipal Council Member,Position 1,Non-partisan,Election,4
ocd-division/country:us/state:or/place:long_creek,Municipal Council Member,Position 2,Non-partisan,Election,4
ocd-division/country:us/state:or/place:long_creek,Municipal Council Member,Position 3,Non-partisan,Election,4
ocd-division/country:us/state:or/place:long_creek,Municipal Council Member,Position 4,Non-partisan,Election,4
ocd-division/country:us/state:or/place:lostine,Mayor,,Non-partisan,Election,2
ocd-division/country:us/state:or/place:lostine,Municipal Council Member,Position 1,Non-partisan,Election,4
ocd-division/country:us/state:or/place:lostine,Municipal Council Member,Position 2,Non-partisan,Election,4
ocd-division/country:us/state:or/place:lostine,Municipal Council Member,Position 3,Non-partisan,Election,4
ocd-division/country:us/state:or/place:lostine,Municipal Council Member,Position 4,Non-partisan,Election,4
ocd-division/country:us/state:or/place:lowell,Mayor,Position 1,Non-partisan,Election,4
ocd-division/country:us/state:or/place:lowell,Municipal Council Member,Position 2,Non-partisan,Election,4
ocd-division/country:us/state:or/place:lowell,Municipal Council Member,Position 3,Non-partisan,Election,4
ocd-division/country:us/state:or/place:lowell,Municipal Council Member,Position 4,Non-partisan,Election,4
ocd-division/country:us/state:or/place:lowell,Municipal Council Member,Position 5,Non-partisan,Election,4
ocd-division/country:us/state:or/place:lyons,Mayor,,Non-partisan,Election,2
ocd-division/country:us/state:or/place:lyons,Municipal Council Member,,Non-partisan,Election,4
ocd-division/country:us/state:or/place:lyons,Municipal Council Member,,Non-partisan,Election,4
ocd-division/country:us/state:or/place:lyons,Municipal Council Member,,Non-partisan,Election,4
ocd-division/country:us/state:or/place:madras,Mayor,,Non-partisan,Election,2
ocd-division/country:us/state:or/place:madras,Municipal Council Member,Positions 1,Non-partisan,Election,4
ocd-division/country:us/state:or/place:madras,Municipal Council Member,Positions 1,Non-partisan,Election,4
ocd-division/country:us/state:or/place:madras,Municipal Council Member,Positions 1,Non-partisan,Election,4
ocd-division/country:us/state:or/place:madras,Municipal Council Member,Positions 4,Non-partisan,Election,4
ocd-division/country:us/state:or/place:madras,Municipal Council Member,Positions 4,Non-partisan,Election,4
ocd-division/country:us/state:or/place:madras,Municipal Council Member,Positions 4,Non-partisan,Election,4
ocd-division/country:us/state:or/place:malin,Mayor,,Non-partisan,Election,4
ocd-division/country:us/state:or/place:malin,Municipal Council Member,,Non-partisan,Election,4
ocd-division/country:us/state:or/place:malin,Municipal Council Member,,Non-partisan,Election,4
ocd-division/country:us/state:or/place:malin,Municipal Council Member,,Non-partisan,Election,4
ocd-division/country:us/state:or/place:malin,Municipal Council Member,,Non-partisan,Election,4
ocd-division/country:us/state:or/place:malin,Municipal Council Member,,Non-partisan,Election,4
ocd-division/country:us/state:or/place:malin,Municipal Council Member,,Non-partisan,Election,4
ocd-division/country:us/state:or/place:manzanita,Mayor,,Non-partisan,Election,2
ocd-division/country:us/state:or/place:manzanita,Municipal Council Member,,Non-partisan,Election,4
ocd-division/country:us/state:or/place:manzanita,Municipal Council Member,,Non-partisan,Election,4
ocd-division/country:us/state:or/place:manzanita,Municipal Council Member,,Non-partisan,Election,4
ocd-division/country:us/state:or/place:maupin,Mayor,,Non-partisan,Election,2
ocd-division/country:us/state:or/place:maupin,Municipal Council Member,,Non-partisan,Election,4
ocd-division/country:us/state:or/place:maupin,Municipal Council Member,,Non-partisan,Election,4
ocd-division/country:us/state:or/place:maupin,Municipal Council Member,,Non-partisan,Election,4
ocd-division/country:us/state:or/place:maupin,Municipal Council Member,,Non-partisan,Election,4
ocd-division/country:us/state:or/place:maupin,Municipal Council Member,,Non-partisan,Election,4
ocd-division/country:us/state:or/place:maupin,Municipal Council Member,,Non-partisan,Election,4
ocd-division/country:us/state:or/place:maywood_park,Mayor,,Non-partisan,Election,2
ocd-division/country:us/state:or/place:maywood_park,Municipal Council Member,,Non-partisan,Election,4
ocd-division/country:us/state:or/place:maywood_park,Municipal Council Member,,Non-partisan,Election,4
ocd-division/country:us/state:or/place:maywood_park,Municipal Council Member,,Non-partisan,Election,4
ocd-division/country:us/state:or/place:maywood_park,Municipal Council Member,,Non-partisan,Election,4
ocd-division/country:us/state:or/place:mcminnville,Mayor,,Non-partisan,Election,2
ocd-division/country:us/state:or/place:mcminnville/council_district:ward_1,Municipal Council Member,,Non-partisan,Election,4
ocd-division/country:us/state:or/place:mcminnville/council_district:ward_1,Municipal Council Member,,Non-partisan,Election,4
ocd-division/country:us/state:or/place:mcminnville/council_district:ward_2,Municipal Council Member,,Non-partisan,Election,4
ocd-division/country:us/state:or/place:mcminnville/council_district:ward_2,Municipal Council Member,,Non-partisan,Election,4
ocd-division/country:us/state:or/place:mcminnville/council_district:ward_3,Municipal Council Member,,Non-partisan,Election,4
ocd-division/country:us/state:or/place:mcminnville/council_district:ward_3,Municipal Council Member,,Non-partisan,Election,4
ocd-division/country:us/state:or/place:medford,Mayor,,Non-partisan,Election,4
ocd-division/country:us/state:or/place:medford/council_district:ward_1,Municipal Council Member,,Non-partisan,Election,4
ocd-division/country:us/state:or/place:medford/council_district:ward_1,Municipal Council Member,,Non-partisan,Election,4
ocd-division/country:us/state:or/place:medford/council_district:ward_2,Municipal Council Member,,Non-partisan,Election,4
ocd-division/country:us/state:or/place:medford/council_district:ward_2,Municipal Council Member,,Non-partisan,Election,4
ocd-division/country:us/state:or/place:medford/council_district:ward_3,Municipal Council Member,,Non-partisan,Election,4
ocd-division/country:us/state:or/place:medford/council_district:ward_3,Municipal Council Member,,Non-partisan,Election,4
ocd-division/country:us/state:or/place:medford/council_district:ward_4,Municipal Council Member,,Non-partisan,Election,4
ocd-division/country:us/state:or/place:medford/council_district:ward_4,Municipal Council Member,,Non-partisan,Election,4
ocd-division/country:us/state:or/place:merrill,Municipal Council Member,Position 1,Non-partisan,Election,4
ocd-division/country:us/state:or/place:merrill,Municipal Council Member,Position 2,Non-partisan,Election,4
ocd-division/country:us/state:or/place:merrill,Municipal Council Member,Position 3,Non-partisan,Election,4
ocd-division/country:us/state:or/place:merrill,Municipal Council Member,Position 4,Non-partisan,Election,4
ocd-division/country:us/state:or/place:metolius,Mayor,,Non-partisan,Election,2
ocd-division/country:us/state:or/place:metolius,Municipal Council Member,Position 1,Non-partisan,Election,4
ocd-division/country:us/state:or/place:metolius,Municipal Council Member,Position 2,Non-partisan,Election,1
ocd-division/country:us/state:or/place:metolius,Municipal Council Member,Position 3,Non-partisan,Election,4
ocd-division/country:us/state:or/place:metolius,Municipal Council Member,Position 4,Non-partisan,Election,4
ocd-division/country:us/state:or/place:metolius,Municipal Council Member,Position 5,Non-partisan,Election,4
ocd-division/country:us/state:or/place:metolius,Municipal Council Member,Position 6,Non-partisan,Election,
ocd-division/country:us/state:or/place:mill_city,Mayor,,Non-partisan,Election,2
ocd-division/country:us/state:or/place:mill_city,Municipal Council Member,,Non-partisan,Election,4
ocd-division/country:us/state:or/place:mill_city,Municipal Council Member,,Non-partisan,Election,4
ocd-division/country:us/state:or/place:mill_city,Municipal Council Member,,Non-partisan,Election,4
ocd-division/country:us/state:or/place:mill_city,Municipal Council Member,,Non-partisan,Election,4
ocd-division/country:us/state:or/place:mill_city,Municipal Council Member,,Non-partisan,Election,4
ocd-division/country:us/state:or/place:millersburg,Mayor,,Non-partisan,Election,2
ocd-division/country:us/state:or/place:millersburg,Municipal Council Member,,Non-partisan,Election,4
ocd-division/country:us/state:or/place:millersburg,Municipal Council Member,,Non-partisan,Election,4
ocd-division/country:us/state:or/place:millersburg,Municipal Council Member,,Non-partisan,Election,4
ocd-division/country:us/state:or/place:millersburg,Municipal Council Member,,Non-partisan,Election,4
ocd-division/country:us/state:or/place:milton_freewater,Mayor,,Non-partisan,Election,4
ocd-division/country:us/state:or/place:milton_freewater,Municipal Council Member,Position 1,Non-partisan,Election,4
ocd-division/country:us/state:or/place:milton_freewater,Municipal Council Member,Position 2,Non-partisan,Election,4
ocd-division/country:us/state:or/place:milton_freewater,Municipal Council Member,Position 3,Non-partisan,Election,4
ocd-division/country:us/state:or/place:milton_freewater/council_district:ward_1,Municipal Council Member,,Non-partisan,Election,4
ocd-division/country:us/state:or/place:milton_freewater/council_district:ward_2,Municipal Council Member,,Non-partisan,Election,4
ocd-division/country:us/state:or/place:milton_freewater/council_district:ward_3,Municipal Council Member,,Non-partisan,Election,4
ocd-division/country:us/state:or/place:milwaukie,Mayor,,Non-partisan,Election,4
ocd-division/country:us/state:or/place:milwaukie,Municipal Council Member,Position 1,Non-partisan,Election,4
ocd-division/country:us/state:or/place:milwaukie,Municipal Council Member,Position 2,Non-partisan,Election,4
ocd-division/country:us/state:or/place:milwaukie,Municipal Council Member,Position 3,Non-partisan,Election,
ocd-division/country:us/state:or/place:milwaukie,Municipal Council Member,Position 4,Non-partisan,Election,4
ocd-division/country:us/state:or/place:mitchell,Mayor,,Non-partisan,Election,2
ocd-division/country:us/state:or/place:mitchell,Municipal Council Member,Position 1,Non-partisan,Election,4
ocd-division/country:us/state:or/place:mitchell,Municipal Council Member,Position 2,Non-partisan,Election,4
ocd-division/country:us/state:or/place:mitchell,Municipal Council Member,Position 3,Non-partisan,Election,4
ocd-division/country:us/state:or/place:mitchell,Municipal Council Member,Position 4,Non-partisan,Election,4
ocd-division/country:us/state:or/place:mitchell,Municipal Council Member,Position 5,Non-partisan,Election,4
ocd-division/country:us/state:or/place:mitchell,Municipal Council Member,Position 6,Non-partisan,Election,4
ocd-division/country:us/state:or/place:molalla,Mayor,,Non-partisan,Election,4
ocd-division/country:us/state:or/place:molalla,Municipal Council Member,,Non-partisan,Election,4
ocd-division/country:us/state:or/place:molalla,Municipal Council Member,,Non-partisan,Election,4
ocd-division/country:us/state:or/place:molalla,Municipal Council Member,,Non-partisan,Election,4
ocd-division/country:us/state:or/place:molalla,Municipal Council Member,,Non-partisan,Election,4
ocd-division/country:us/state:or/place:molalla,Municipal Council Member,,Non-partisan,Election,4
ocd-division/country:us/state:or/place:molalla,Municipal Council Member,,Non-partisan,Election,4
ocd-division/country:us/state:or/place:monmouth,Mayor,,Non-partisan,Election,2
ocd-division/country:us/state:or/place:monmouth,Municipal Council Member,,Non-partisan,Election,4
ocd-division/country:us/state:or/place:monmouth,Municipal Council Member,,Non-partisan,Election,4
ocd-division/country:us/state:or/place:monmouth,Municipal Council Member,,Non-partisan,Election,4
ocd-division/country:us/state:or/place:monmouth,Municipal Council Member,,Non-partisan,Election,4
ocd-division/country:us/state:or/place:monmouth,Municipal Council Member,,Non-partisan,Election,4
ocd-division/country:us/state:or/place:monmouth,Municipal Council Member,,Non-partisan,Election,4
ocd-division/country:us/state:or/place:monroe,Mayor,,Non-partisan,Election,2
ocd-division/country:us/state:or/place:monroe,Municipal Council Member,,Non-partisan,Election,4
ocd-division/country:us/state:or/place:monroe,Municipal Council Member,,Non-partisan,Election,4
ocd-division/country:us/state:or/place:monroe,Municipal Council Member,,Non-partisan,Election,4
ocd-division/country:us/state:or/place:monroe,Municipal Council Member,,Non-partisan,Election,4
ocd-division/country:us/state:or/place:monroe,Municipal Council Member,,Non-partisan,Election,4
ocd-division/country:us/state:or/place:monroe,Municipal Council Member,,Non-partisan,Election,4
ocd-division/country:us/state:or/place:monument,Mayor,,Non-partisan,Election,4
ocd-division/country:us/state:or/place:monument,Municipal Council Member,Position 3,Non-partisan,Election,4
ocd-division/country:us/state:or/place:monument,Municipal Council Member,Position 4,Non-partisan,Election,4
ocd-division/country:us/state:or/place:monument,Municipal Council Member,Position 5,Non-partisan,Election,4
ocd-division/country:us/state:or/place:moro,Mayor,,Non-partisan,Election,2
ocd-division/country:us/state:or/place:moro,Municipal Council Member,Position 1,Non-partisan,Election,4
ocd-division/country:us/state:or/place:moro,Municipal Council Member,Position 2,Non-partisan,Election,4
ocd-division/country:us/state:or/place:moro,Municipal Council Member,Position 3,Non-partisan,Election,4
ocd-division/country:us/state:or/place:moro,Municipal Council Member,Position 4,Non-partisan,Election,4
ocd-division/country:us/state:or/place:mosier,Mayor,,Non-partisan,Election,2
ocd-division/country:us/state:or/place:mosier,Municipal Council Member,Position 2,Non-partisan,Election,4
ocd-division/country:us/state:or/place:mosier,Municipal Council Member,Position 3,Non-partisan,Election,4
ocd-division/country:us/state:or/place:mosier,Municipal Council Member,Position 4,Non-partisan,Election,4
ocd-division/country:us/state:or/place:mosier,Municipal Council Member,Position 5,Non-partisan,Election,4
ocd-division/country:us/state:or/place:mosier,Municipal Council Member,Position 6,Non-partisan,Election,4
ocd-division/country:us/state:or/place:mount_angel,Mayor,,Non-partisan,Election,2
ocd-division/country:us/state:or/place:mount_angel,Municipal Council Member,,Non-partisan,Election,4
ocd-division/country:us/state:or/place:mount_angel,Municipal Council Member,,Non-partisan,Election,4
ocd-division/country:us/state:or/place:mount_angel,Municipal Council Member,,Non-partisan,Election,4
ocd-division/country:us/state:or/place:mount_angel,Municipal Council Member,,Non-partisan,Election,4
ocd-division/country:us/state:or/place:mount_angel,Municipal Council Member,,Non-partisan,Election,4
ocd-division/country:us/state:or/place:mount_angel,Municipal Council Member,,Non-partisan,Election,4
ocd-division/country:us/state:or/place:mount_vernon,Mayor,,Non-partisan,Election,2
ocd-division/country:us/state:or/place:mount_vernon,Municipal Council Member,,Non-partisan,Election,4
ocd-division/country:us/state:or/place:mount_vernon,Municipal Council Member,,Non-partisan,Election,4
ocd-division/country:us/state:or/place:mount_vernon,Municipal Council Member,,Non-partisan,Election,4
ocd-division/country:us/state:or/place:mount_vernon,Municipal Council Member,,Non-partisan,Election,4
ocd-division/country:us/state:or/place:myrtle_creek,Mayor,,Non-partisan,Election,4
ocd-division/country:us/state:or/place:myrtle_creek,Municipal Council Member,Position 1,Non-partisan,Election,4
ocd-division/country:us/state:or/place:myrtle_creek,Municipal Council Member,Position 2,Non-partisan,Election,4
ocd-division/country:us/state:or/place:myrtle_creek,Municipal Council Member,Position 3,Non-partisan,Election,4
ocd-division/country:us/state:or/place:myrtle_creek,Municipal Council Member,Position 4,Non-partisan,Election,4
ocd-division/country:us/state:or/place:myrtle_creek,Municipal Council Member,Position 5,Non-partisan,Election,4
ocd-division/country:us/state:or/place:myrtle_point,Mayor,,Non-partisan,Election,2
ocd-division/country:us/state:or/place:myrtle_point,Municipal Council Member,,Non-partisan,Election,4
ocd-division/country:us/state:or/place:myrtle_point,Municipal Council Member,,Non-partisan,Election,4
ocd-division/country:us/state:or/place:myrtle_point,Municipal Council Member,,Non-partisan,Election,4
ocd-division/country:us/state:or/place:myrtle_point,Municipal Council Member,,Non-partisan,Election,4
ocd-division/country:us/state:or/place:myrtle_point,Municipal Council Member,,Non-partisan,Election,4
ocd-division/country:us/state:or/place:myrtle_point,Municipal Council Member,,Non-partisan,Election,4
ocd-division/country:us/state:or/place:nehalem,Mayor,,Non-partisan,Election,2
ocd-division/country:us/state:or/place:nehalem,Municipal Council Member,Position 1,Non-partisan,Election,4
ocd-division/country:us/state:or/place:nehalem,Municipal Council Member,Position 2,Non-partisan,Election,4
ocd-division/country:us/state:or/place:nehalem,Municipal Council Member,Position 3,Non-partisan,Election,4
ocd-division/country:us/state:or/place:nehalem,Municipal Council Member,Position 4,Non-partisan,Election,4
ocd-division/country:us/state:or/place:newberg,Mayor,,Non-partisan,Election,4
ocd-division/country:us/state:or/place:newberg/council_district:ward_1,Municipal Council Member,,Non-partisan,Election,4
ocd-division/country:us/state:or/place:newberg/council_district:ward_2,Municipal Council Member,,Non-partisan,Election,4
ocd-division/country:us/state:or/place:newberg/council_district:ward_3,Municipal Council Member,,Non-partisan,Election,4
ocd-division/country:us/state:or/place:newberg/council_district:ward_4,Municipal Council Member,,Non-partisan,Election,4
ocd-division/country:us/state:or/place:newberg/council_district:ward_5,Municipal Council Member,,Non-partisan,Election,4
ocd-division/country:us/state:or/place:newberg/council_district:ward_6,Municipal Council Member,,Non-partisan,Election,4
ocd-division/country:us/state:or/place:newport,Mayor,,Non-partisan,Election,2
ocd-division/country:us/state:or/place:newport,Municipal Council Member,,Non-partisan,Election,4
ocd-division/country:us/state:or/place:newport,Municipal Council Member,,Non-partisan,Election,4
ocd-division/country:us/state:or/place:newport,Municipal Council Member,,Non-partisan,Election,4
ocd-division/country:us/state:or/place:newport,Municipal Council Member,,Non-partisan,Election,4
ocd-division/country:us/state:or/place:newport,Municipal Council Member,,Non-partisan,Election,4
ocd-division/country:us/state:or/place:newport,Municipal Council Member,,Non-partisan,Election,4
ocd-division/country:us/state:or/place:north_bend,Mayor,,Non-partisan,Election,2
ocd-division/country:us/state:or/place:north_bend,Municipal Council Member,,Non-partisan,Election,4
ocd-division/country:us/state:or/place:north_bend,Municipal Council Member,,Non-partisan,Election,4
ocd-division/country:us/state:or/place:north_bend,Municipal Council Member,,Non-partisan,Election,4
ocd-division/country:us/state:or/place:north_bend,Municipal Council Member,,Non-partisan,Election,4
ocd-division/country:us/state:or/place:north_bend,Municipal Council Member,,Non-partisan,Election,4
ocd-division/country:us/state:or/place:north_bend,Municipal Council Member,,Non-partisan,Election,4
ocd-division/country:us/state:or/place:north_plains,Mayor,,Non-partisan,Election,4
ocd-division/country:us/state:or/place:north_plains,Municipal Council Member,,Non-partisan,Election,4
ocd-division/country:us/state:or/place:north_plains,Municipal Council Member,,Non-partisan,Election,4
ocd-division/country:us/state:or/place:north_plains,Municipal Council Member,,Non-partisan,Election,4
ocd-division/country:us/state:or/place:north_plains,Municipal Council Member,,Non-partisan,Election,4
ocd-division/country:us/state:or/place:north_plains,Municipal Council Member,,Non-partisan,Election,4
ocd-division/country:us/state:or/place:north_plains,Municipal Council Member,,Non-partisan,Election,4
ocd-division/country:us/state:or/place:north_powder,Mayor,,Non-partisan,Election,2
ocd-division/country:us/state:or/place:north_powder,Municipal Council Member,Position 1,Non-partisan,Election,4
ocd-division/country:us/state:or/place:north_powder,Municipal Council Member,Position 2,Non-partisan,Election,4
ocd-division/country:us/state:or/place:north_powder,Municipal Council Member,Position 3,Non-partisan,Election,4
ocd-division/country:us/state:or/place:north_powder,Municipal Council Member,Position 4,Non-partisan,Election,4
ocd-division/country:us/state:or/place:north_powder,Municipal Council Member,Position 5,Non-partisan,Election,4
ocd-division/country:us/state:or/place:north_powder,Municipal Council Member,Position 6,Non-partisan,Election,4
ocd-division/country:us/state:or/place:nyssa,Mayor,,Non-partisan,Election,4
ocd-division/country:us/state:or/place:nyssa,Municipal Council Member,,Non-partisan,Election,4
ocd-division/country:us/state:or/place:nyssa,Municipal Council Member,,Non-partisan,Election,4
ocd-division/country:us/state:or/place:nyssa,Municipal Council Member,,Non-partisan,Election,4
ocd-division/country:us/state:or/place:nyssa,Municipal Council Member,,Non-partisan,Election,4
ocd-division/country:us/state:or/place:nyssa,Municipal Council Member,,Non-partisan,Election,4
ocd-division/country:us/state:or/place:nyssa,Municipal Council Member,,Non-partisan,Election,4
ocd-division/country:us/state:or/place:oakland,Mayor,,Non-partisan,Election,2
ocd-division/country:us/state:or/place:oakland,Municipal Council Member,,Non-partisan,Election,4
ocd-division/country:us/state:or/place:oakland,Municipal Council Member,,Non-partisan,Election,4
ocd-division/country:us/state:or/place:oakland,Municipal Council Member,,Non-partisan,Election,4
ocd-division/country:us/state:or/place:oakland,Municipal Council Member,,Non-partisan,Election,3
ocd-division/country:us/state:or/place:oakridge,Mayor,,Non-partisan,Election,4
ocd-division/country:us/state:or/place:oakridge,Municipal Council Member,,Non-partisan,Election,4
ocd-division/country:us/state:or/place:oakridge,Municipal Council Member,,Non-partisan,Election,4
ocd-division/country:us/state:or/place:oakridge,Municipal Council Member,,Non-partisan,Election,4
ocd-division/country:us/state:or/place:oakridge,Municipal Council Member,,Non-partisan,Election,4
ocd-division/country:us/state:or/place:oakridge,Municipal Council Member,,Non-partisan,Election,4
ocd-division/country:us/state:or/place:oakridge,Municipal Council Member,,Non-partisan,Election,4
ocd-division/country:us/state:or/place:ontario,Mayor,,Non-partisan,Election,4
ocd-division/country:us/state:or/place:ontario,Municipal Council Member,,Non-partisan,Election,4
ocd-division/country:us/state:or/place:ontario,Municipal Council Member,,Non-partisan,Election,4
ocd-division/country:us/state:or/place:ontario,Municipal Council Member,,Non-partisan,Election,4
ocd-division/country:us/state:or/place:ontario,Municipal Council Member,,Non-partisan,Election,4
ocd-division/country:us/state:or/place:ontario,Municipal Council Member,,Non-partisan,Election,4
ocd-division/country:us/state:or/place:ontario,Municipal Council Member,,Non-partisan,Election,4
ocd-division/country:us/state:or/place:oregon_city,Mayor,,Non-partisan,Election,4
ocd-division/country:us/state:or/place:oregon_city,Municipal Commissioner,,Non-partisan,Election,4
ocd-division/country:us/state:or/place:oregon_city,Municipal Commissioner,,Non-partisan,Election,4
ocd-division/country:us/state:or/place:oregon_city,Municipal Commissioner,,Non-partisan,Election,4
ocd-division/country:us/state:or/place:oregon_city,Municipal Commissioner,,Non-partisan,Election,4
ocd-division/country:us/state:or/place:paisley,Mayor,,Non-partisan,Election,4
ocd-division/country:us/state:or/place:paisley,Municipal Council Member,,Non-partisan,Election,4
ocd-division/country:us/state:or/place:paisley,Municipal Council Member,,Non-partisan,Election,4
ocd-division/country:us/state:or/place:paisley,Municipal Council Member,,Non-partisan,Election,4
ocd-division/country:us/state:or/place:paisley,Municipal Council Member,,Non-partisan,Election,4
ocd-division/country:us/state:or/place:pendleton,Mayor,,Non-partisan,Election,4
ocd-division/country:us/state:or/place:pendleton,Municipal Council Member,,Non-partisan,Election,4
ocd-division/country:us/state:or/place:pendleton,Municipal Council Member,,Non-partisan,Election,4
ocd-division/country:us/state:or/place:pendleton/council_district:ward_1,Municipal Council Member,,Non-partisan,Election,4
ocd-division/country:us/state:or/place:pendleton/council_district:ward_1,Municipal Council Member,,Non-partisan,Election,4
ocd-division/country:us/state:or/place:pendleton/council_district:ward_2,Municipal Council Member,,Non-partisan,Election,4
ocd-division/country:us/state:or/place:pendleton/council_district:ward_2,Municipal Council Member,,Non-partisan,Election,4
ocd-division/country:us/state:or/place:pendleton/council_district:ward_3,Municipal Council Member,,Non-partisan,Election,4
ocd-division/country:us/state:or/place:pendleton/council_district:ward_3,Municipal Council Member,,Non-partisan,Election,4
ocd-division/country:us/state:or/place:philomath,Mayor,,Non-partisan,Election,2
ocd-division/country:us/state:or/place:philomath,Municipal Council Member,,Non-partisan,Election,4
ocd-division/country:us/state:or/place:philomath,Municipal Council Member,,Non-partisan,Election,4
ocd-division/country:us/state:or/place:philomath,Municipal Council Member,,Non-partisan,Election,4
ocd-division/country:us/state:or/place:philomath,Municipal Council Member,,Non-partisan,Election,4
ocd-division/country:us/state:or/place:philomath,Municipal Council Member,,Non-partisan,Election,4
ocd-division/country:us/state:or/place:philomath,Municipal Council Member,,Non-partisan,Election,4
ocd-division/country:us/state:or/place:phoenix,Mayor,,Non-partisan,Election,2
ocd-division/country:us/state:or/place:phoenix,Municipal Council Member,,Non-partisan,Election,4
ocd-division/country:us/state:or/place:phoenix,Municipal Council Member,,Non-partisan,Election,4
ocd-division/country:us/state:or/place:phoenix,Municipal Council Member,,Non-partisan,Election,4
ocd-division/country:us/state:or/place:phoenix,Municipal Council Member,,Non-partisan,,4
ocd-division/country:us/state:or/place:phoenix,Municipal Council Member,,Non-partisan,Election,4
ocd-division/country:us/state:or/place:phoenix,Municipal Council Member,,Non-partisan,Election,4
ocd-division/country:us/state:or/place:pilot_rock,Mayor,,Non-partisan,Election,4
ocd-division/country:us/state:or/place:pilot_rock,Municipal Council Member,,Non-partisan,Election,4
ocd-division/country:us/state:or/place:pilot_rock,Municipal Council Member,,Non-partisan,Election,4
ocd-division/country:us/state:or/place:pilot_rock,Municipal Council Member,,Non-partisan,Election,4
ocd-division/country:us/state:or/place:pilot_rock,Municipal Council Member,,Non-partisan,Election,4
ocd-division/country:us/state:or/place:pilot_rock,Municipal Council Member,,Non-partisan,Election,4
ocd-division/country:us/state:or/place:pilot_rock,Municipal Council Member,,Non-partisan,Election,4
ocd-division/country:us/state:or/place:port_orford,Mayor,,Non-partisan,Election,4
ocd-division/country:us/state:or/place:port_orford,Municipal Council Member,,Non-partisan,Election,4
ocd-division/country:us/state:or/place:port_orford,Municipal Council Member,,Non-partisan,Election,4
ocd-division/country:us/state:or/place:port_orford,Municipal Council Member,,Non-partisan,Election,4
ocd-division/country:us/state:or/place:port_orford,Municipal Council Member,,Non-partisan,Election,4
ocd-division/country:us/state:or/place:port_orford,Municipal Council Member,,Non-partisan,Election,4
ocd-division/country:us/state:or/place:port_orford,Municipal Council Member,,Non-partisan,Election,4
ocd-division/country:us/state:or/place:portland,Mayor,,Non-partisan,Election,4
ocd-division/country:us/state:or/place:portland,Municipal Auditor,,Non-partisan,Election,2
ocd-division/country:us/state:or/place:portland,Municipal Commissioner,Position 1,Non-partisan,Election,4
ocd-division/country:us/state:or/place:portland,Municipal Commissioner,Position 2,Non-partisan,Election,4
ocd-division/country:us/state:or/place:portland,Municipal Commissioner,Position 3,Non-partisan,Election,4
ocd-division/country:us/state:or/place:portland,Municipal Commissioner,Position 4,Non-partisan,Election,4
ocd-division/country:us/state:or/place:powers,Mayor,,Non-partisan,Election,2
ocd-division/country:us/state:or/place:powers,Municipal Council Member,,Non-partisan,Election,4
ocd-division/country:us/state:or/place:powers,Municipal Council Member,,Non-partisan,Election,4
ocd-division/country:us/state:or/place:powers,Municipal Council Member,,Non-partisan,Election,4
ocd-division/country:us/state:or/place:powers,Municipal Council Member,,Non-partisan,Election,4
ocd-division/country:us/state:or/place:powers,Municipal Council Member,,Non-partisan,Election,4
ocd-division/country:us/state:or/place:prairie_city,Mayor,,Non-partisan,Election,2
ocd-division/country:us/state:or/place:prairie_city,Municipal Council Member,,Non-partisan,Election,4
ocd-division/country:us/state:or/place:prairie_city,Municipal Council Member,,Non-partisan,Election,4
ocd-division/country:us/state:or/place:prairie_city,Municipal Council Member,,Non-partisan,Election,4
ocd-division/country:us/state:or/place:prairie_city,Municipal Council Member,,Non-partisan,Election,4
ocd-division/country:us/state:or/place:prairie_city,Municipal Council Member,,Non-partisan,Election,3
ocd-division/country:us/state:or/place:prairie_city,Municipal Council Member,,Non-partisan,Election,4
ocd-division/country:us/state:or/place:prescott,Mayor,,Non-partisan,Election,4
ocd-division/country:us/state:or/place:prescott,Municipal Council Member,Position 1,Non-partisan,Election,4
ocd-division/country:us/state:or/place:prescott,Municipal Council Member,Position 2,Non-partisan,Election,4
ocd-division/country:us/state:or/place:prescott,Municipal Council Member,Position 3,Non-partisan,Election,4
ocd-division/country:us/state:or/place:prescott,Municipal Council Member,Position 4,Non-partisan,Election,4
ocd-division/country:us/state:or/place:prineville,Mayor,,Non-partisan,Election,2
ocd-division/country:us/state:or/place:prineville,Municipal Council Member,,Non-partisan,Election,4
ocd-division/country:us/state:or/place:prineville,Municipal Council Member,,Non-partisan,Election,4
ocd-division/country:us/state:or/place:prineville,Municipal Council Member,,Non-partisan,Election,4
ocd-division/country:us/state:or/place:prineville,Municipal Council Member,,Non-partisan,Election,4
ocd-division/country:us/state:or/place:prineville,Municipal Council Member,,Non-partisan,Election,4
ocd-division/country:us/state:or/place:prineville,Municipal Council Member,,Non-partisan,Election,4
ocd-division/country:us/state:or/place:rainier,Mayor,,Non-partisan,Election,2
ocd-division/country:us/state:or/place:rainier,Municipal Council Member,,Non-partisan,Election,4
ocd-division/country:us/state:or/place:rainier,Municipal Council Member,,Non-partisan,Election,4
ocd-division/country:us/state:or/place:rainier,Municipal Council Member,Position 1,Non-partisan,Election,4
ocd-division/country:us/state:or/place:rainier,Municipal Council Member,Position 3,Non-partisan,Election,4
ocd-division/country:us/state:or/place:rainier,Municipal Council Member,Position 4,Non-partisan,Election,4
ocd-division/country:us/state:or/place:rainier,Municipal Council Member,Position 4,Non-partisan,Election,4
ocd-division/country:us/state:or/place:rainier,Municipal Council Member,Position 5,Non-partisan,Election,4
ocd-division/country:us/state:or/place:redmond,Mayor,,Non-partisan,Election,2
ocd-division/country:us/state:or/place:redmond,Municipal Council Member,,Non-partisan,Election,4
ocd-division/country:us/state:or/place:redmond,Municipal Council Member,,Non-partisan,Election,4
ocd-division/country:us/state:or/place:redmond,Municipal Council Member,,Non-partisan,Election,4
ocd-division/country:us/state:or/place:redmond,Municipal Council Member,,Non-partisan,Election,4
ocd-division/country:us/state:or/place:redmond,Municipal Council Member,,Non-partisan,Election,4
ocd-division/country:us/state:or/place:redmond,Municipal Council Member,,Non-partisan,Election,4
ocd-division/country:us/state:or/place:reedsport,Mayor,,Non-partisan,Election,2
ocd-division/country:us/state:or/place:reedsport,Municipal Council Member,Position 1,Non-partisan,Election,4
ocd-division/country:us/state:or/place:reedsport,Municipal Council Member,Position 3,Non-partisan,Election,4
ocd-division/country:us/state:or/place:reedsport,Municipal Council Member,Position 4,Non-partisan,Election,4
ocd-division/country:us/state:or/place:reedsport,Municipal Council Member,Position 5,Non-partisan,Election,4
ocd-division/country:us/state:or/place:reedsport,Municipal Council Member,Position 6,Non-partisan,Election,4
ocd-division/country:us/state:or/place:richland,Mayor,,Non-partisan,Election,2
ocd-division/country:us/state:or/place:richland,Municipal Council Member,,Non-partisan,Election,4
ocd-division/country:us/state:or/place:richland,Municipal Council Member,,Non-partisan,Election,4
ocd-division/country:us/state:or/place:richland,Municipal Council Member,,Non-partisan,Election,4
ocd-division/country:us/state:or/place:richland,Municipal Council Member,,Non-partisan,Election,4
ocd-division/country:us/state:or/place:riddle,Mayor,,Non-partisan,Election,2
ocd-division/country:us/state:or/place:riddle,Municipal Council Member,Position 1,Non-partisan,Election,4
ocd-division/country:us/state:or/place:riddle,Municipal Council Member,Position 3,Non-partisan,Election,4
ocd-division/country:us/state:or/place:riddle,Municipal Council Member,Position 4,Non-partisan,Election,4
ocd-division/country:us/state:or/place:riddle,Municipal Council Member,Position 5,Non-partisan,Election,4
ocd-division/country:us/state:or/place:riddle,Municipal Council Member,Position 6,Non-partisan,Election,4
ocd-division/country:us/state:or/place:rivergrove,Mayor,,Non-partisan,Election,2
ocd-division/country:us/state:or/place:rivergrove,Municipal Council Member,,Non-partisan,Election,4
ocd-division/country:us/state:or/place:rivergrove,Municipal Council Member,,Non-partisan,Election,4
ocd-division/country:us/state:or/place:rivergrove,Municipal Council Member,,Non-partisan,Election,4
ocd-division/country:us/state:or/place:rivergrove,Municipal Council Member,,Non-partisan,Election,4
ocd-division/country:us/state:or/place:rockaway_beach,Mayor,,Non-partisan,Election,2
ocd-division/country:us/state:or/place:rockaway_beach,Municipal Council Member,Position 1,Non-partisan,Election,4
ocd-division/country:us/state:or/place:rockaway_beach,Municipal Council Member,Position 2,Non-partisan,Election,4
ocd-division/country:us/state:or/place:rockaway_beach,Municipal Council Member,Position 3,Non-partisan,Election,4
ocd-division/country:us/state:or/place:rockaway_beach,Municipal Council Member,Position 4,Non-partisan,Election,4
ocd-division/country:us/state:or/place:rockaway_beach,Municipal Council Member,Position 5,Non-partisan,Election,4
ocd-division/country:us/state:or/place:rogue_river,Mayor,,Non-partisan,Election,2
ocd-division/country:us/state:or/place:rogue_river,Municipal Council Member,,Non-partisan,Election,4
ocd-division/country:us/state:or/place:rogue_river,Municipal Council Member,,Non-partisan,Election,4
ocd-division/country:us/state:or/place:rogue_river,Municipal Council Member,,Non-partisan,Election,4
ocd-division/country:us/state:or/place:rogue_river,Municipal Council Member,,Non-partisan,Election,4
ocd-division/country:us/state:or/place:rogue_river,Municipal Council Member,,Non-partisan,Election,4
ocd-division/country:us/state:or/place:rogue_river,Municipal Council Member,,Non-partisan,Election,
ocd-division/country:us/state:or/place:roseburg,Mayor,,Non-partisan,Election,2
ocd-division/country:us/state:or/place:roseburg/council_district:ward_1,Municipal Council Member,Position 1,Non-partisan,Election,4
ocd-division/country:us/state:or/place:roseburg/council_district:ward_1,Municipal Council Member,Position 2,Non-partisan,Election,4
ocd-division/country:us/state:or/place:roseburg/council_district:ward_2,Municipal Council Member,Position 1,Non-partisan,Election,4
ocd-division/country:us/state:or/place:roseburg/council_district:ward_2,Municipal Council Member,Position 2,Non-partisan,Election,4
ocd-division/country:us/state:or/place:roseburg/council_district:ward_3,Municipal Council Member,Position 1,Non-partisan,Election,4
ocd-division/country:us/state:or/place:roseburg/council_district:ward_3,Municipal Council Member,position 2,Non-partisan,Election,4
ocd-division/country:us/state:or/place:roseburg/council_district:ward_4,Municipal Council Member,Position 1,Non-partisan,Election,4
ocd-division/country:us/state:or/place:roseburg/council_district:ward_4,Municipal Council Member,Position 2,Non-partisan,Election,4
ocd-division/country:us/state:or/place:rufus,Mayor,,Non-partisan,Election,2
ocd-division/country:us/state:or/place:rufus,Municipal Council Member,Position 1,Non-partisan,Election,4
ocd-division/country:us/state:or/place:rufus,Municipal Council Member,Position 2,Non-partisan,Election,4
ocd-division/country:us/state:or/place:rufus,Municipal Council Member,Position 3,Non-partisan,Election,4
ocd-division/country:us/state:or/place:rufus,Municipal Council Member,Position 4,Non-partisan,Election,4
ocd-division/country:us/state:or/place:salem,Mayor,,Non-partisan,Election,2
ocd-division/country:us/state:or/place:salem/council_district:ward_1,Municipal Council Member,,Non-partisan,Election,4
ocd-division/country:us/state:or/place:salem/council_district:ward_2,Municipal Council Member,,Non-partisan,Election,4
ocd-division/country:us/state:or/place:salem/council_district:ward_3,Municipal Council Member,,Non-partisan,Election,4
ocd-division/country:us/state:or/place:salem/council_district:ward_4,Municipal Council Member,,Non-partisan,Election,4
ocd-division/country:us/state:or/place:salem/council_district:ward_5,Municipal Council Member,,Non-partisan,Election,4
ocd-division/country:us/state:or/place:salem/council_district:ward_6,Municipal Council Member,,Non-partisan,Election,4
ocd-division/country:us/state:or/place:salem/council_district:ward_7,Municipal Council Member,,Non-partisan,Election,4
ocd-division/country:us/state:or/place:salem/council_district:ward_8,Municipal Council Member,,Non-partisan,Election,4
ocd-division/country:us/state:or/place:salem/municipal_court:salem,Municipal Court Judge,,Non-partisan,Election,4
ocd-division/country:us/state:or/place:sandy,Mayor,,Non-partisan,Election,2
ocd-division/country:us/state:or/place:sandy,Municipal Council Member,Position 1,Non-partisan,Election,4
ocd-division/country:us/state:or/place:sandy,Municipal Council Member,Position 2,Non-partisan,Election,4
ocd-division/country:us/state:or/place:sandy,Municipal Council Member,Position 3,Non-partisan,Election,4
ocd-division/country:us/state:or/place:sandy,Municipal Council Member,Position 4,Non-partisan,Election,4
ocd-division/country:us/state:or/place:sandy,Municipal Council Member,Position 5,Non-partisan,Election,4
ocd-division/country:us/state:or/place:sandy,Municipal Council Member,Position 6,Non-partisan,Election,4
ocd-division/country:us/state:or/place:scappoose,Mayor,,Non-partisan,Election,2
ocd-division/country:us/state:or/place:scappoose,Municipal Council Member,Position A,Non-partisan,Election,4
ocd-division/country:us/state:or/place:scappoose,Municipal Council Member,Position A,Non-partisan,Election,4
ocd-division/country:us/state:or/place:scappoose,Municipal Council Member,Position A,Non-partisan,Election,4
ocd-division/country:us/state:or/place:scappoose,Municipal Council Member,Position B,Non-partisan,Election,4
ocd-division/country:us/state:or/place:scappoose,Municipal Council Member,Position B,Non-partisan,Election,4
ocd-division/country:us/state:or/place:scappoose,Municipal Council Member,Position B,Non-partisan,Election,4
ocd-division/country:us/state:or/place:scio,Mayor,,Non-partisan,Election,4
ocd-division/country:us/state:or/place:scio,Municipal Council Member,,Non-partisan,Election,4
ocd-division/country:us/state:or/place:scio,Municipal Council Member,,Non-partisan,Election,4
ocd-division/country:us/state:or/place:scio,Municipal Council Member,,Non-partisan,Election,4
ocd-division/country:us/state:or/place:scio,Municipal Council Member,Position 2,Non-partisan,Election,4
ocd-division/country:us/state:or/place:scio,Municipal Council Member,Position 4,Non-partisan,Election,4
ocd-division/country:us/state:or/place:scio,Municipal Council Member,Position 5,Non-partisan,Election,4
ocd-division/country:us/state:or/place:scotts_mills,Mayor,,Non-partisan,Election,2
ocd-division/country:us/state:or/place:scotts_mills,Municipal Council Member,,Non-partisan,Election,4
ocd-division/country:us/state:or/place:scotts_mills,Municipal Council Member,,Non-partisan,Election,4
ocd-division/country:us/state:or/place:scotts_mills,Municipal Council Member,,Non-partisan,Election,4
ocd-division/country:us/state:or/place:scotts_mills,Municipal Council Member,,Non-partisan,Election,4
ocd-division/country:us/state:or/place:scotts_mills,Municipal Council Member,,Non-partisan,Election,4
ocd-division/country:us/state:or/place:scotts_mills,Municipal Council Member,,Non-partisan,Election,4
ocd-division/country:us/state:or/place:seaside,Mayor,,Non-partisan,Election,4
ocd-division/country:us/state:or/place:seaside/council_district:ward_1,Municipal Council Member,,Non-partisan,Election,4
ocd-division/country:us/state:or/place:seaside/council_district:ward_2,Municipal Council Member,,Non-partisan,Election,4
ocd-division/country:us/state:or/place:seaside/council_district:ward_3,Municipal Council Member,,Non-partisan,Election,4
ocd-division/country:us/state:or/place:seaside/council_district:ward_4,Municipal Council Member,,Non-partisan,Election,4
ocd-division/country:us/state:or/place:seaside/council_district:wards_1_and_2,Municipal Council Member,,Non-partisan,Election,4
ocd-division/country:us/state:or/place:seaside/council_district:wards_3_and_4,Municipal Council Member,,Non-partisan,Election,4
ocd-division/country:us/state:or/place:seneca,Mayor,,Non-partisan,Election,4
ocd-division/country:us/state:or/place:seneca,Municipal Council Member,,Non-partisan,Election,4
ocd-division/country:us/state:or/place:seneca,Municipal Council Member,,Non-partisan,Election,4
ocd-division/country:us/state:or/place:seneca,Municipal Council Member,,Non-partisan,Election,4
ocd-division/country:us/state:or/place:seneca,Municipal Council Member,,Non-partisan,Election,4
ocd-division/country:us/state:or/place:shady_cove,Mayor,,Non-partisan,Election,2
ocd-division/country:us/state:or/place:shady_cove,Municipal Council Member,,Non-partisan,Election,4
ocd-division/country:us/state:or/place:shady_cove,Municipal Council Member,,Non-partisan,Election,4
ocd-division/country:us/state:or/place:shady_cove,Municipal Council Member,,Non-partisan,Election,4
ocd-division/country:us/state:or/place:shady_cove,Municipal Council Member,,Non-partisan,Election,4
ocd-division/country:us/state:or/place:shaniko,Mayor,,Non-partisan,Election,2
ocd-division/country:us/state:or/place:shaniko,Municipal Council Member,,Non-partisan,Election,4
ocd-division/country:us/state:or/place:shaniko,Municipal Council Member,,Non-partisan,Election,4
ocd-division/country:us/state:or/place:shaniko,Municipal Council Member,,Non-partisan,Election,2
ocd-division/country:us/state:or/place:sheridan,Mayor,,Non-partisan,Election,4
ocd-division/country:us/state:or/place:sheridan,Municipal Council Member,,Non-partisan,Election,4
ocd-division/country:us/state:or/place:sheridan,Municipal Council Member,,Non-partisan,Election,4
ocd-division/country:us/state:or/place:sheridan,Municipal Council Member,,Non-partisan,Election,4
ocd-division/country:us/state:or/place:sheridan,Municipal Council Member,,Non-partisan,Election,4
ocd-division/country:us/state:or/place:sheridan,Municipal Council Member,,Non-partisan,Election,4
ocd-division/country:us/state:or/place:sheridan,Municipal Council Member,,Non-partisan,Election,4
ocd-division/country:us/state:or/place:sherwood,Mayor,,Non-partisan,Election,2
ocd-division/country:us/state:or/place:sherwood,Municipal Council Member,,Non-partisan,Election,4
ocd-division/country:us/state:or/place:sherwood,Municipal Council Member,,Non-partisan,Election,4
ocd-division/country:us/state:or/place:sherwood,Municipal Council Member,,Non-partisan,Election,4
ocd-division/country:us/state:or/place:sherwood,Municipal Council Member,,Non-partisan,Election,4
ocd-division/country:us/state:or/place:sherwood,Municipal Council Member,,Non-partisan,Election,4
ocd-division/country:us/state:or/place:sherwood,Municipal Council Member,,Non-partisan,Election,4
ocd-division/country:us/state:or/place:siletz,Mayor,,Non-partisan,Election,2
ocd-division/country:us/state:or/place:siletz,Municipal Council Member,Position 1,Non-partisan,Election,4
ocd-division/country:us/state:or/place:siletz,Municipal Council Member,Position 2,Non-partisan,Election,4
ocd-division/country:us/state:or/place:siletz,Municipal Council Member,Position 3,Non-partisan,Election,4
ocd-division/country:us/state:or/place:siletz,Municipal Council Member,Position 4,Non-partisan,Election,4
ocd-division/country:us/state:or/place:silverton,Mayor,,Non-partisan,Election,2
ocd-division/country:us/state:or/place:silverton,Municipal Council Member,,Non-partisan,Election,4
ocd-division/country:us/state:or/place:silverton,Municipal Council Member,,Non-partisan,Election,4
ocd-division/country:us/state:or/place:silverton,Municipal Council Member,,Non-partisan,Election,4
ocd-division/country:us/state:or/place:silverton,Municipal Council Member,,Non-partisan,Election,4
ocd-division/country:us/state:or/place:silverton,Municipal Council Member,,Non-partisan,Election,4
ocd-division/country:us/state:or/place:silverton,Municipal Council Member,,Non-partisan,Election,4
ocd-division/country:us/state:or/place:sisters,Mayor,,Non-partisan,Election,4
ocd-division/country:us/state:or/place:sisters,Municipal Council Member,,Non-partisan,Election,4
ocd-division/country:us/state:or/place:sisters,Municipal Council Member,,Non-partisan,Election,4
ocd-division/country:us/state:or/place:sisters,Municipal Council Member,,Non-partisan,Election,4
ocd-division/country:us/state:or/place:sisters,Municipal Council Member,,Non-partisan,Election,4
ocd-division/country:us/state:or/place:sodaville,Mayor,,Non-partisan,Election,2
ocd-division/country:us/state:or/place:sodaville,Municipal Council Member,,Non-partisan,Election,4
ocd-division/country:us/state:or/place:sodaville,Municipal Council Member,,Non-partisan,Election,4
ocd-division/country:us/state:or/place:sodaville,Municipal Council Member,,Non-partisan,Election,4
ocd-division/country:us/state:or/place:sodaville,Municipal Council Member,,Non-partisan,Election,4
ocd-division/country:us/state:or/place:spray,Municipal Council Member,Position 1,Non-partisan,Election,4
ocd-division/country:us/state:or/place:spray,Municipal Council Member,Position 2,Non-partisan,Election,4
ocd-division/country:us/state:or/place:spray,Municipal Council Member,Position 3,Non-partisan,Election,4
ocd-division/country:us/state:or/place:spray,Municipal Council Member,Position 4,Non-partisan,Election,4
ocd-division/country:us/state:or/place:springfield,Mayor,,Non-partisan,Election,2
ocd-division/country:us/state:or/place:springfield/council_district:ward_1,Municipal Council Member,,Non-partisan,Election,4
ocd-division/country:us/state:or/place:springfield/council_district:ward_2,Municipal Council Member,,Non-partisan,Election,4
ocd-division/country:us/state:or/place:springfield/council_district:ward_3,Municipal Council Member,,Non-partisan,Election,4
ocd-division/country:us/state:or/place:springfield/council_district:ward_4,Municipal Council Member,,Non-partisan,Election,4
ocd-division/country:us/state:or/place:springfield/council_district:ward_5,Municipal Council Member,,Non-partisan,Election,4
ocd-division/country:us/state:or/place:springfield/council_district:ward_6,Municipal Council Member,,Non-partisan,Election,4
ocd-division/country:us/state:or/place:st_helens,Mayor,,Non-partisan,Election,2
ocd-division/country:us/state:or/place:st_helens,Municipal Council Member,Position A,Non-partisan,Election,4
ocd-division/country:us/state:or/place:st_helens,Municipal Council Member,Position A,Non-partisan,Election,4
ocd-division/country:us/state:or/place:st_helens,Municipal Council Member,Position B,Non-partisan,Election,4
ocd-division/country:us/state:or/place:st_helens,Municipal Council Member,Position B,Non-partisan,Election,
ocd-division/country:us/state:or/place:st_paul,Mayor,,Non-partisan,Election,2
ocd-division/country:us/state:or/place:st_paul,Municipal Council Member,,Non-partisan,Election,4
ocd-division/country:us/state:or/place:st_paul,Municipal Council Member,,Non-partisan,Election,4
ocd-division/country:us/state:or/place:st_paul,Municipal Council Member,Seat 6,Non-partisan,Election,4
ocd-division/country:us/state:or/place:stanfield,Mayor,,Non-partisan,Election,4
ocd-division/country:us/state:or/place:stanfield,Municipal Council Member,,Non-partisan,Election,4
ocd-division/country:us/state:or/place:stanfield,Municipal Council Member,,Non-partisan,Election,4
ocd-division/country:us/state:or/place:stanfield,Municipal Council Member,,Non-partisan,Election,4
ocd-division/country:us/state:or/place:stanfield,Municipal Council Member,,Non-partisan,Election,4
ocd-division/country:us/state:or/place:stanfield,Municipal Council Member,,Non-partisan,Election,4
ocd-division/country:us/state:or/place:stanfield,Municipal Council Member,,Non-partisan,Election,4
ocd-division/country:us/state:or/place:stayton,Mayor,,Non-partisan,Election,4
ocd-division/country:us/state:or/place:stayton,Municipal Council Member,,Non-partisan,Election,4
ocd-division/country:us/state:or/place:stayton,Municipal Council Member,,Non-partisan,Election,4
ocd-division/country:us/state:or/place:stayton,Municipal Council Member,,Non-partisan,Election,4
ocd-division/country:us/state:or/place:stayton,Municipal Council Member,,Non-partisan,Election,4
ocd-division/country:us/state:or/place:stayton,Municipal Council Member,,Non-partisan,Election,4
ocd-division/country:us/state:or/place:sublimity,Mayor,,Non-partisan,Election,2
ocd-division/country:us/state:or/place:sublimity,Municipal Council Member,,Non-partisan,Election,4
ocd-division/country:us/state:or/place:sublimity,Municipal Council Member,,Non-partisan,Election,4
ocd-division/country:us/state:or/place:sublimity,Municipal Council Member,,Non-partisan,Election,4
ocd-division/country:us/state:or/place:sublimity,Municipal Council Member,,Non-partisan,Election,4
ocd-division/country:us/state:or/place:summerville,Mayor,Position 1,Non-partisan,Election,4
ocd-division/country:us/state:or/place:summerville,Municipal Council Member,Position 2,Non-partisan,Election,4
ocd-division/country:us/state:or/place:summerville,Municipal Council Member,Position 3,Non-partisan,Election,4
ocd-division/country:us/state:or/place:summerville,Municipal Council Member,Position 4,Non-partisan,Election,4
ocd-division/country:us/state:or/place:summerville,Municipal Council Member,Position 5,Non-partisan,Election,4
ocd-division/country:us/state:or/place:sumpter,Mayor,,Non-partisan,Election,2
ocd-division/country:us/state:or/place:sumpter,Municipal Council Member,Position 1,Non-partisan,Election,4
ocd-division/country:us/state:or/place:sumpter,Municipal Council Member,Position 2,Non-partisan,Election,4
ocd-division/country:us/state:or/place:sumpter,Municipal Council Member,Position 3,Non-partisan,Election,4
ocd-division/country:us/state:or/place:sumpter,Municipal Council Member,Position 4,Non-partisan,Election,4
ocd-division/country:us/state:or/place:sutherlin,Mayor,,Non-partisan,Election,2
ocd-division/country:us/state:or/place:sutherlin,Municipal Council Member,,Non-partisan,Election,4
ocd-division/country:us/state:or/place:sutherlin,Municipal Council Member,,Non-partisan,Election,4
ocd-division/country:us/state:or/place:sutherlin,Municipal Council Member,,Non-partisan,Election,4
ocd-division/country:us/state:or/place:sutherlin,Municipal Council Member,,Non-partisan,Election,3
ocd-division/country:us/state:or/place:sutherlin,Municipal Council Member,,Non-partisan,Election,4
ocd-division/country:us/state:or/place:sutherlin,Municipal Council Member,,Non-partisan,Election,4
ocd-division/country:us/state:or/place:sweet_home,Mayor,,Non-partisan,Election,4
ocd-division/country:us/state:or/place:sweet_home,Municipal Council Member,,Non-partisan,Election,4
ocd-division/country:us/state:or/place:sweet_home,Municipal Council Member,,Non-partisan,Election,4
ocd-division/country:us/state:or/place:sweet_home,Municipal Council Member,,Non-partisan,Election,4
ocd-division/country:us/state:or/place:sweet_home,Municipal Council Member,,Non-partisan,Election,4
ocd-division/country:us/state:or/place:sweet_home,Municipal Council Member,,Non-partisan,Election,4
ocd-division/country:us/state:or/place:sweet_home,Municipal Council Member,,Non-partisan,Election,4
ocd-division/country:us/state:or/place:talent,Mayor,,Non-partisan,Election,4
ocd-division/country:us/state:or/place:talent,Municipal Council Member,Position 1,Non-partisan,Election,4
ocd-division/country:us/state:or/place:talent,Municipal Council Member,Position 2,Non-partisan,Election,4
ocd-division/country:us/state:or/place:talent,Municipal Council Member,Position 3,Non-partisan,Election,4
ocd-division/country:us/state:or/place:talent,Municipal Council Member,Position 4,Non-partisan,Election,4
ocd-division/country:us/state:or/place:talent,Municipal Council Member,Position 5,Non-partisan,Election,4
ocd-division/country:us/state:or/place:talent,Municipal Council Member,Position 6,Non-partisan,Election,4
ocd-division/country:us/state:or/place:tangent,Mayor,,Non-partisan,Election,2
ocd-division/country:us/state:or/place:tangent,Municipal Council Member,Position 1,Non-partisan,Election,4
ocd-division/country:us/state:or/place:tangent,Municipal Council Member,Position 2,Non-partisan,Election,4
ocd-division/country:us/state:or/place:tangent,Municipal Council Member,Position 3,Non-partisan,Election,4
ocd-division/country:us/state:or/place:tangent,Municipal Council Member,Position 4,Non-partisan,Election,4
ocd-division/country:us/state:or/place:the_dalles,Mayor,,Non-partisan,Election,2
ocd-division/country:us/state:or/place:the_dalles,Municipal Council Member,Position 1,Non-partisan,Election,4
ocd-division/country:us/state:or/place:the_dalles,Municipal Council Member,Position 2,Non-partisan,Election,4
ocd-division/country:us/state:or/place:the_dalles,Municipal Council Member,Position 3,Non-partisan,Election,4
ocd-division/country:us/state:or/place:the_dalles,Municipal Council Member,Position 4,Non-partisan,Election,4
ocd-division/country:us/state:or/place:the_dalles,Municipal Council Member,Position 5,Non-partisan,Election,4
ocd-division/country:us/state:or/place:tigard,Mayor,,Non-partisan,Election,4
ocd-division/country:us/state:or/place:tigard,Municipal Council Member,,Non-partisan,Election,4
ocd-division/country:us/state:or/place:tigard,Municipal Council Member,,Non-partisan,Election,4
ocd-division/country:us/state:or/place:tigard,Municipal Council Member,,Non-partisan,Election,4
ocd-division/country:us/state:or/place:tigard,Municipal Council Member,,Non-partisan,Election,4
ocd-division/country:us/state:or/place:tillamook,Mayor,,Non-partisan,Election,4
ocd-division/country:us/state:or/place:tillamook/council_district:ward_1,Municipal Council Member,,Non-partisan,Election,4
ocd-division/country:us/state:or/place:tillamook/council_district:ward_2,Municipal Council Member,,Non-partisan,Election,4
ocd-division/country:us/state:or/place:tillamook/council_district:ward_3,Municipal Council Member,,Non-partisan,Election,4
ocd-division/country:us/state:or/place:tillamook/council_district:ward_4,Municipal Council Member,,Non-partisan,Election,4
ocd-division/country:us/state:or/place:tillamook/council_district:ward_5,Municipal Council Member,,Non-partisan,Election,4
ocd-division/country:us/state:or/place:tillamook/council_district:ward_6,Municipal Council Member,,Non-partisan,Election,4
ocd-division/country:us/state:or/place:toledo,Mayor,,Non-partisan,Election,2
ocd-division/country:us/state:or/place:toledo,Municipal Council Member,,Non-partisan,Election,4
ocd-division/country:us/state:or/place:toledo,Municipal Council Member,,Non-partisan,,4
ocd-division/country:us/state:or/place:toledo,Municipal Council Member,,Non-partisan,,4
ocd-division/country:us/state:or/place:toledo,Municipal Council Member,,Non-partisan,Election,4
ocd-division/country:us/state:or/place:toledo,Municipal Council Member,,Non-partisan,,4
ocd-division/country:us/state:or/place:toledo,Municipal Council Member,,Non-partisan,Election,4
ocd-division/country:us/state:or/place:troutdale,Mayor,,Non-partisan,Election,4
ocd-division/country:us/state:or/place:troutdale,Municipal Council Member,,Non-partisan,Election,4
ocd-division/country:us/state:or/place:troutdale,Municipal Council Member,,Non-partisan,Election,4
ocd-division/country:us/state:or/place:troutdale,Municipal Council Member,,Non-partisan,Election,4
ocd-division/country:us/state:or/place:troutdale,Municipal Council Member,Position 2,Non-partisan,Election,4
ocd-division/country:us/state:or/place:troutdale,Municipal Council Member,Position 4,Non-partisan,Election,4
ocd-division/country:us/state:or/place:troutdale,Municipal Council Member,Position 6,Non-partisan,Election,4
ocd-division/country:us/state:or/place:tualatin,Mayor,,Non-partisan,Election,4
ocd-division/country:us/state:or/place:tualatin,Municipal Council Member,Position 1,Non-partisan,Election,4
ocd-division/country:us/state:or/place:tualatin,Municipal Council Member,Position 2,Non-partisan,Election,4
ocd-division/country:us/state:or/place:tualatin,Municipal Council Member,Position 3,Non-partisan,Election,4
ocd-division/country:us/state:or/place:tualatin,Municipal Council Member,Position 4,Non-partisan,Election,4
ocd-division/country:us/state:or/place:tualatin,Municipal Council Member,Position 5,Non-partisan,Election,4
ocd-division/country:us/state:or/place:tualatin,Municipal Council Member,Position 6,Non-partisan,Election,4
ocd-division/country:us/state:or/place:turner,Mayor,,Non-partisan,Election,2
ocd-division/country:us/state:or/place:turner,Municipal Council Member,,Non-partisan,Election,4
ocd-division/country:us/state:or/place:turner,Municipal Council Member,,Non-partisan,Election,4
ocd-division/country:us/state:or/place:turner,Municipal Council Member,,Non-partisan,Election,4
ocd-division/country:us/state:or/place:turner,Municipal Council Member,,Non-partisan,Election,4
ocd-division/country:us/state:or/place:turner,Municipal Council Member,,Non-partisan,Election,4
ocd-division/country:us/state:or/place:turner,Municipal Council Member,,Non-partisan,Election,4
ocd-division/country:us/state:or/place:ukiah,Mayor,,Non-partisan,Election,2
ocd-division/country:us/state:or/place:ukiah,Municipal Council Member,Position 1,Non-partisan,Election,4
ocd-division/country:us/state:or/place:ukiah,Municipal Council Member,Position 2,Non-partisan,Election,4
ocd-division/country:us/state:or/place:ukiah,Municipal Council Member,Position 3,Non-partisan,Election,4
ocd-division/country:us/state:or/place:ukiah,Municipal Council Member,Position 4,Non-partisan,Election,4
ocd-division/country:us/state:or/place:umatilla,Mayor,,Non-partisan,Election,4
ocd-division/country:us/state:or/place:umatilla,Municipal Council Member,Position 1,Non-partisan,Election,4
ocd-division/country:us/state:or/place:umatilla,Municipal Council Member,Position 2,Non-partisan,Election,4
ocd-division/country:us/state:or/place:umatilla,Municipal Council Member,Position 3,Non-partisan,Election,4
ocd-division/country:us/state:or/place:umatilla,Municipal Council Member,Position 4,Non-partisan,Election,4
ocd-division/country:us/state:or/place:umatilla,Municipal Council Member,Position 5,Non-partisan,Election,4
ocd-division/country:us/state:or/place:umatilla,Municipal Council Member,Position 6,Non-partisan,Election,4
ocd-division/country:us/state:or/place:union,Mayor,,Non-partisan,Election,2
ocd-division/country:us/state:or/place:union,Municipal Council Member,Position 1,Non-partisan,Election,4
ocd-division/country:us/state:or/place:union,Municipal Council Member,Position 2,Non-partisan,Election,4
ocd-division/country:us/state:or/place:union,Municipal Council Member,Position 3,Non-partisan,Election,4
ocd-division/country:us/state:or/place:union,Municipal Council Member,Position 4,Non-partisan,Election,4
ocd-division/country:us/state:or/place:union,Municipal Council Member,Position 5,Non-partisan,Election,4
ocd-division/country:us/state:or/place:union,Municipal Council Member,Position 6,Non-partisan,Election,4
ocd-division/country:us/state:or/place:unity,Mayor,,Non-partisan,Election,4
ocd-division/country:us/state:or/place:unity,Municipal Council Member,,Non-partisan,Election,4
ocd-division/country:us/state:or/place:unity,Municipal Council Member,,Non-partisan,Election,4
ocd-division/country:us/state:or/place:unity,Municipal Council Member,,Non-partisan,Election,4
ocd-division/country:us/state:or/place:unity,Municipal Council Member,,Non-partisan,Election,4
ocd-division/country:us/state:or/place:unity,Municipal Council Member,,Non-partisan,Election,4
ocd-division/country:us/state:or/place:vale,Mayor,,Non-partisan,Election,2
ocd-division/country:us/state:or/place:vale,Municipal Council Member,,Non-partisan,Election,4
ocd-division/country:us/state:or/place:vale,Municipal Council Member,,Non-partisan,Election,4
ocd-division/country:us/state:or/place:vale,Municipal Council Member,,Non-partisan,Election,4
ocd-division/country:us/state:or/place:vale,Municipal Council Member,,Non-partisan,Election,4
ocd-division/country:us/state:or/place:vale,Municipal Council Member,,Non-partisan,Election,4
ocd-division/country:us/state:or/place:veneta,Mayor,,Non-partisan,Election,4
ocd-division/country:us/state:or/place:veneta,Municipal Council Member,,Non-partisan,Election,4
ocd-division/country:us/state:or/place:veneta,Municipal Council Member,,Non-partisan,Election,4
ocd-division/country:us/state:or/place:veneta,Municipal Council Member,,Non-partisan,Election,4
ocd-division/country:us/state:or/place:veneta,Municipal Council Member,,Non-partisan,Election,4
ocd-division/country:us/state:or/place:vernonia,Mayor,,Non-partisan,Election,2
ocd-division/country:us/state:or/place:vernonia,Municipal Council Member,Position A,Non-partisan,Election,4
ocd-division/country:us/state:or/place:vernonia,Municipal Council Member,Position A,Non-partisan,Election,4
ocd-division/country:us/state:or/place:vernonia,Municipal Council Member,Position B,Non-partisan,Election,4
ocd-division/country:us/state:or/place:vernonia,Municipal Council Member,Position B,Non-partisan,Election,4
ocd-division/country:us/state:or/place:waldport,Mayor,,Non-partisan,Election,2
ocd-division/country:us/state:or/place:waldport,Municipal Council Member,,Non-partisan,Election,4
ocd-division/country:us/state:or/place:waldport,Municipal Council Member,,Non-partisan,Election,4
ocd-division/country:us/state:or/place:waldport,Municipal Council Member,,Non-partisan,Election,4
ocd-division/country:us/state:or/place:waldport,Municipal Council Member,,Non-partisan,Election,4
ocd-division/country:us/state:or/place:waldport,Municipal Council Member,,Non-partisan,Election,4
ocd-division/country:us/state:or/place:waldport,Municipal Council Member,,Non-partisan,Election,4
ocd-division/country:us/state:or/place:wallowa,Mayor,,Non-partisan,Election,2
ocd-division/country:us/state:or/place:wallowa,Municipal Council Member,,Non-partisan,Election,4
ocd-division/country:us/state:or/place:wallowa,Municipal Council Member,Position 1,Non-partisan,Election,4
ocd-division/country:us/state:or/place:wallowa,Municipal Council Member,Position 2,Non-partisan,Election,4
ocd-division/country:us/state:or/place:warrenton,Mayor,,Non-partisan,Election,4
ocd-division/country:us/state:or/place:warrenton,Municipal Council Member,Position 1,Non-partisan,Election,4
ocd-division/country:us/state:or/place:warrenton,Municipal Council Member,Position 2,Non-partisan,Election,4
ocd-division/country:us/state:or/place:warrenton,Municipal Council Member,Position 3,Non-partisan,Election,4
ocd-division/country:us/state:or/place:warrenton,Municipal Council Member,Position 4,Non-partisan,Election,4
ocd-division/country:us/state:or/place:wasco,Mayor,,Non-partisan,Election,2
ocd-division/country:us/state:or/place:wasco,Municipal Council Member,,Non-partisan,Election,4
ocd-division/country:us/state:or/place:wasco,Municipal Council Member,,Non-partisan,Election,4
ocd-division/country:us/state:or/place:wasco,Municipal Council Member,,Non-partisan,Election,4
ocd-division/country:us/state:or/place:wasco,Municipal Council Member,,Non-partisan,Election,4
ocd-division/country:us/state:or/place:wasco,Municipal Council Member,,Non-partisan,Election,4
ocd-division/country:us/state:or/place:waterloo,Mayor,,Non-partisan,Election,2
ocd-division/country:us/state:or/place:waterloo,Municipal Council Member,,Non-partisan,Election,4
ocd-division/country:us/state:or/place:waterloo,Municipal Council Member,,Non-partisan,Election,4
ocd-division/country:us/state:or/place:waterloo,Municipal Council Member,,Non-partisan,Election,4
ocd-division/country:us/state:or/place:waterloo,Municipal Council Member,,Non-partisan,Election,4
ocd-division/country:us/state:or/place:waterloo,Municipal Council Member,,Non-partisan,Election,4
ocd-division/country:us/state:or/place:west_linn,Mayor,,Non-partisan,Election,4
ocd-division/country:us/state:or/place:west_linn,Municipal Council Member,,Non-partisan,Election,4
ocd-division/country:us/state:or/place:west_linn,Municipal Council Member,,Non-partisan,Election,4
ocd-division/country:us/state:or/place:west_linn,Municipal Council Member,,Non-partisan,Election,4
ocd-division/country:us/state:or/place:west_linn/municipal_court:west_linn,Municipal Court Judge,,Non-partisan,Election,4
ocd-division/country:us/state:or/place:westfir,Mayor,,Non-partisan,Election,2
ocd-division/country:us/state:or/place:westfir,Municipal Council Member,,Non-partisan,Election,4
ocd-division/country:us/state:or/place:westfir,Municipal Council Member,,Non-partisan,Election,4
ocd-division/country:us/state:or/place:westfir,Municipal Council Member,,Non-partisan,Election,4
ocd-division/country:us/state:or/place:westfir,Municipal Council Member,,Non-partisan,Election,4
ocd-division/country:us/state:or/place:weston,Mayor,,Non-partisan,Election,4
ocd-division/country:us/state:or/place:weston,Municipal Council Member,,Non-partisan,Election,4
ocd-division/country:us/state:or/place:weston,Municipal Council Member,,Non-partisan,Election,4
ocd-division/country:us/state:or/place:weston,Municipal Council Member,,Non-partisan,Election,4
ocd-division/country:us/state:or/place:weston,Municipal Council Member,,Non-partisan,Election,4
ocd-division/country:us/state:or/place:wheeler,Mayor,,Non-partisan,Election,4
ocd-division/country:us/state:or/place:wheeler,Municipal Council Member,,Non-partisan,Election,4
ocd-division/country:us/state:or/place:wheeler,Municipal Council Member,,Non-partisan,Election,4
ocd-division/country:us/state:or/place:wheeler,Municipal Council Member,,Non-partisan,Election,4
ocd-division/country:us/state:or/place:wheeler,Municipal Council Member,,Non-partisan,Election,4
ocd-division/country:us/state:or/place:willamina,Mayor,,Non-partisan,Election,2
ocd-division/country:us/state:or/place:willamina,Municipal Council Member,,Non-partisan,Election,4
ocd-division/country:us/state:or/place:willamina,Municipal Council Member,,Non-partisan,Election,4
ocd-division/country:us/state:or/place:willamina,Municipal Council Member,,Non-partisan,Election,4
ocd-division/country:us/state:or/place:willamina,Municipal Council Member,,Non-partisan,Election,4
ocd-division/country:us/state:or/place:willamina,Municipal Council Member,,Non-partisan,Election,4
ocd-division/country:us/state:or/place:willamina,Municipal Council Member,,Non-partisan,Election,4
ocd-division/country:us/state:or/place:wilsonville,Mayor,,Non-partisan,Election,4
ocd-division/country:us/state:or/place:wilsonville,Municipal Council Member,,Non-partisan,Election,4
ocd-division/country:us/state:or/place:wilsonville,Municipal Council Member,,Non-partisan,Election,4
ocd-division/country:us/state:or/place:wilsonville,Municipal Council Member,,Non-partisan,Election,4
ocd-division/country:us/state:or/place:wilsonville,Municipal Council Member,,Non-partisan,Election,4
ocd-division/country:us/state:or/place:winston,Mayor,,Non-partisan,Election,2
ocd-division/country:us/state:or/place:winston/council_district:ward_1,Municipal Council Member,Position 1,Non-partisan,Election,4
ocd-division/country:us/state:or/place:winston/council_district:ward_1,Municipal Council Member,Position 2,Non-partisan,Election,2
ocd-division/country:us/state:or/place:winston/council_district:ward_2,Municipal Council Member,Position 1,Non-partisan,Election,4
ocd-division/country:us/state:or/place:winston/council_district:ward_2,Municipal Council Member,Position 2,Non-partisan,Election,2
ocd-division/country:us/state:or/place:wood_village,Mayor,Position 4,Non-partisan,Election,4
ocd-division/country:us/state:or/place:wood_village,Municipal Council Member,,Non-partisan,Election,4
ocd-division/country:us/state:or/place:wood_village,Municipal Council Member,,Non-partisan,Election,4
ocd-division/country:us/state:or/place:wood_village,Municipal Council Member,Position 2,Non-partisan,Election,4
ocd-division/country:us/state:or/place:wood_village,Municipal Council Member,Position 5,Non-partisan,Election,2
ocd-division/country:us/state:or/place:woodburn,Mayor,,Non-partisan,Election,2
ocd-division/country:us/state:or/place:woodburn,Municipal Council Member,Ward Ii,Non-partisan,Election,4
ocd-division/country:us/state:or/place:woodburn,Municipal Council Member,Ward Vi,Non-partisan,Election,4
ocd-division/country:us/state:or/place:woodburn/council_district:ward_1,Municipal Council Member,,Non-partisan,Election,4
ocd-division/country:us/state:or/place:woodburn/council_district:ward_3,Municipal Council Member,,Non-partisan,Election,4
ocd-division/country:us/state:or/place:woodburn/council_district:ward_4,Municipal Council Member,,Non-partisan,Election,4
ocd-division/country:us/state:or/place:woodburn/council_district:ward_5,Municipal Council Member,,Non-partisan,Election,4
ocd-division/country:us/state:or/place:yachats,Mayor,,Non-partisan,Election,2
ocd-division/country:us/state:or/place:yachats,Municipal Council Member,,Non-partisan,Election,4
ocd-division/country:us/state:or/place:yachats,Municipal Council Member,,Non-partisan,Election,4
ocd-division/country:us/state:or/place:yachats,Municipal Council Member,,Non-partisan,Election,4
ocd-division/country:us/state:or/place:yachats,Municipal Council Member,,Non-partisan,Election,4
ocd-division/country:us/state:or/place:yamhill,Mayor,,Non-partisan,Election,2
ocd-division/country:us/state:or/place:yamhill,Municipal Council Member,,Non-partisan,Election,4
ocd-division/country:us/state:or/place:yamhill,Municipal Council Member,,Non-partisan,Election,4
ocd-division/country:us/state:or/place:yamhill,Municipal Council Member,,Non-partisan,Election,4
ocd-division/country:us/state:or/place:yamhill,Municipal Council Member,,Non-partisan,Election,4
ocd-division/country:us/state:or/place:yoncalla,Mayor,,Non-partisan,Election,2
ocd-division/country:us/state:or/place:yoncalla,Municipal Council Member,,Non-partisan,Election,4
ocd-division/country:us/state:or/place:yoncalla,Municipal Council Member,Position 1,Non-partisan,Election,4
ocd-division/country:us/state:or/place:yoncalla,Municipal Council Member,Position 3,Non-partisan,Election,4
ocd-division/country:us/state:or/place:yoncalla,Municipal Council Member,Position 4,Non-partisan,Election,4
ocd-division/country:us/state:or/school_district:adel_school_district_21,School Board Member,Position 1,Non-partisan,Election,4
ocd-division/country:us/state:or/school_district:adel_school_district_21,School Board Member,Position 2,Non-partisan,Election,4
ocd-division/country:us/state:or/school_district:adel_school_district_21,School Board Member,Position 3,Non-partisan,Election,4
ocd-division/country:us/state:or/school_district:adel_school_district_21,School Board Member,Position 4,Non-partisan,Election,4
ocd-division/country:us/state:or/school_district:adel_school_district_21,School Board Member,Position 5,Non-partisan,Election,4
ocd-division/country:us/state:or/school_district:adrian_school_district_61/board_district:zone_1,School Board Member,,Non-partisan,Election,4
ocd-division/country:us/state:or/school_district:adrian_school_district_61/board_district:zone_2,School Board Member,,Non-partisan,Election,4
ocd-division/country:us/state:or/school_district:adrian_school_district_61/board_district:zone_3,School Board Member,,Non-partisan,Election,4
ocd-division/country:us/state:or/school_district:adrian_school_district_61/board_district:zone_4,School Board Member,,Non-partisan,Election,4
ocd-division/country:us/state:or/school_district:adrian_school_district_61/board_district:zone_5,School Board Member,,Non-partisan,Election,4
ocd-division/country:us/state:or/school_district:alsea_school_district_7j,School Board Member,Position 1,Non-partisan,Election,4
ocd-division/country:us/state:or/school_district:alsea_school_district_7j,School Board Member,Position 2,Non-partisan,Election,4
ocd-division/country:us/state:or/school_district:alsea_school_district_7j,School Board Member,Position 3,Non-partisan,Election,4
ocd-division/country:us/state:or/school_district:alsea_school_district_7j,School Board Member,Position 4,Non-partisan,Election,4
ocd-division/country:us/state:or/school_district:alsea_school_district_7j,School Board Member,Position 5,Non-partisan,Election,4
ocd-division/country:us/state:or/school_district:amity_school_district_4j,School Board Member,Position 1,Non-partisan,Election,4
ocd-division/country:us/state:or/school_district:amity_school_district_4j,School Board Member,Position 2,Non-partisan,Election,4
ocd-division/country:us/state:or/school_district:amity_school_district_4j,School Board Member,Position 3,Non-partisan,Election,4
ocd-division/country:us/state:or/school_district:amity_school_district_4j,School Board Member,Position 4,Non-partisan,Election,4
ocd-division/country:us/state:or/school_district:amity_school_district_4j,School Board Member,Position 5,Non-partisan,Election,4
ocd-division/country:us/state:or/school_district:annex_school_district_29,School Board Member,Position 1,Non-partisan,Election,4
ocd-division/country:us/state:or/school_district:annex_school_district_29,School Board Member,Position 2,Non-partisan,Election,4
ocd-division/country:us/state:or/school_district:annex_school_district_29,School Board Member,Position 3,Non-partisan,Election,4
ocd-division/country:us/state:or/school_district:annex_school_district_29,School Board Member,Position 4,Non-partisan,Election,4
ocd-division/country:us/state:or/school_district:annex_school_district_29,School Board Member,Position 5,Non-partisan,Election,4
ocd-division/country:us/state:or/school_district:arlington_school_district_3,School Board Member,,Non-partisan,Election,4
ocd-division/country:us/state:or/school_district:arlington_school_district_3,School Board Member,,Non-partisan,Election,4
ocd-division/country:us/state:or/school_district:arlington_school_district_3,School Board Member,,Non-partisan,Election,4
ocd-division/country:us/state:or/school_district:arlington_school_district_3,School Board Member,Position 1,Non-partisan,Election,4
ocd-division/country:us/state:or/school_district:arlington_school_district_3,School Board Member,Position 2,Non-partisan,Election,4
ocd-division/country:us/state:or/school_district:arock_school_district_81,School Board Member,Position 1,Non-partisan,Election,4
ocd-division/country:us/state:or/school_district:arock_school_district_81,School Board Member,Position 2,Non-partisan,Election,4
ocd-division/country:us/state:or/school_district:arock_school_district_81,School Board Member,Position 3,Non-partisan,Election,4
ocd-division/country:us/state:or/school_district:arock_school_district_81,School Board Member,Position 4,Non-partisan,Election,4
ocd-division/country:us/state:or/school_district:arock_school_district_81,School Board Member,Position 5,Non-partisan,Election,2
ocd-division/country:us/state:or/school_district:ashland_school_district_5,School Board Member,Position 1,Non-partisan,Election,4
ocd-division/country:us/state:or/school_district:ashland_school_district_5,School Board Member,Position 2,Non-partisan,Election,4
ocd-division/country:us/state:or/school_district:ashland_school_district_5,School Board Member,Position 3,Non-partisan,Election,4
ocd-division/country:us/state:or/school_district:ashland_school_district_5,School Board Member,Position 4,Non-partisan,Election,4
ocd-division/country:us/state:or/school_district:ashland_school_district_5,School Board Member,Position 5,Non-partisan,Election,4
ocd-division/country:us/state:or/school_district:ashwood_school_district_8,School Board Member,Position 1,Non-partisan,Election,4
ocd-division/country:us/state:or/school_district:ashwood_school_district_8,School Board Member,Position 2,Non-partisan,Election,4
ocd-division/country:us/state:or/school_district:ashwood_school_district_8,School Board Member,Position 3,Non-partisan,Election,4
ocd-division/country:us/state:or/school_district:ashwood_school_district_8,School Board Member,Position 4,Non-partisan,Election,4
ocd-division/country:us/state:or/school_district:ashwood_school_district_8,School Board Member,Position 5,Non-partisan,Election,4
ocd-division/country:us/state:or/school_district:astoria_school_district_1c,School Board Member,Position 1,Non-partisan,Election,4
ocd-division/country:us/state:or/school_district:astoria_school_district_1c,School Board Member,Position 2,Non-partisan,Election,4
ocd-division/country:us/state:or/school_district:astoria_school_district_1c,School Board Member,Position 3,Non-partisan,Election,4
ocd-division/country:us/state:or/school_district:astoria_school_district_1c,School Board Member,Position 4,Non-partisan,Election,4
ocd-division/country:us/state:or/school_district:astoria_school_district_1c,School Board Member,Position 5,Non-partisan,Election,4
ocd-division/country:us/state:or/school_district:athena_weston_school_district_29j,School Board Member,,Non-partisan,Election,4
ocd-division/country:us/state:or/school_district:athena_weston_school_district_29j/board_district:zone_1,School Board Member,,Non-partisan,Election,4
ocd-division/country:us/state:or/school_district:athena_weston_school_district_29j/board_district:zone_2,School Board Member,,Non-partisan,Election,4
ocd-division/country:us/state:or/school_district:athena_weston_school_district_29j/board_district:zone_3,School Board Member,,Non-partisan,Election,4
ocd-division/country:us/state:or/school_district:athena_weston_school_district_29j/board_district:zone_4,School Board Member,,Non-partisan,Election,4
ocd-division/country:us/state:or/school_district:athena_weston_school_district_29j/board_district:zone_5,School Board Member,,Non-partisan,Election,4
ocd-division/country:us/state:or/school_district:athena_weston_school_district_29j/board_district:zone_6,School Board Member,,Non-partisan,Election,4
ocd-division/country:us/state:or/school_district:baker_school_district_5j,School Board Member,Position 1,Non-partisan,Election,4
ocd-division/country:us/state:or/school_district:baker_school_district_5j,School Board Member,Position 2,Non-partisan,Election,4
ocd-division/country:us/state:or/school_district:baker_school_district_5j,School Board Member,Position 4,Non-partisan,Election,4
ocd-division/country:us/state:or/school_district:baker_school_district_5j,School Board Member,Position 4,Non-partisan,Election,4
ocd-division/country:us/state:or/school_district:baker_school_district_5j,School Board Member,Position 5,Non-partisan,Election,4
ocd-division/country:us/state:or/school_district:bandon_school_district_54,School Board Member,Position 1,Non-partisan,Election,4
ocd-division/country:us/state:or/school_district:bandon_school_district_54,School Board Member,Position 2,Non-partisan,Election,4
ocd-division/country:us/state:or/school_district:bandon_school_district_54,School Board Member,Position 3,Non-partisan,Election,4
ocd-division/country:us/state:or/school_district:bandon_school_district_54,School Board Member,Position 4,Non-partisan,Election,4
ocd-division/country:us/state:or/school_district:bandon_school_district_54,School Board Member,Position 5,Non-partisan,Election,4
ocd-division/country:us/state:or/school_district:bandon_school_district_54,School Board Member,Position 6,Non-partisan,Election,4
ocd-division/country:us/state:or/school_district:bandon_school_district_54,School Board Member,Position 7,Non-partisan,Election,4
ocd-division/country:us/state:or/school_district:banks_school_district_13,School Board Member,Position 1,Non-partisan,Election,4
ocd-division/country:us/state:or/school_district:banks_school_district_13,School Board Member,Position 2,Non-partisan,Election,4
ocd-division/country:us/state:or/school_district:banks_school_district_13,School Board Member,Position 3,Non-partisan,Election,4
ocd-division/country:us/state:or/school_district:banks_school_district_13,School Board Member,Position 4,Non-partisan,Election,4
ocd-division/country:us/state:or/school_district:banks_school_district_13,School Board Member,Position 5,Non-partisan,Election,4
ocd-division/country:us/state:or/school_district:beaverton_school_district_48j/board_district:zone_1,School Board Member,,Non-partisan,Election,4
ocd-division/country:us/state:or/school_district:beaverton_school_district_48j/board_district:zone_2,School Board Member,,Non-partisan,Election,4
ocd-division/country:us/state:or/school_district:beaverton_school_district_48j/board_district:zone_3,School Board Member,,Non-partisan,Election,4
ocd-division/country:us/state:or/school_district:beaverton_school_district_48j/board_district:zone_4,School Board Member,,Non-partisan,Election,4
ocd-division/country:us/state:or/school_district:beaverton_school_district_48j/board_district:zone_5,School Board Member,,Non-partisan,Election,4
ocd-division/country:us/state:or/school_district:beaverton_school_district_48j/board_district:zone_6,School Board Member,,Non-partisan,Election,4
ocd-division/country:us/state:or/school_district:beaverton_school_district_48j/board_district:zone_7,School Board Member,,Non-partisan,Election,4
ocd-division/country:us/state:or/school_district:bend-la_pine_admin_school_district_1/board_district:zone_1,School Board Member,,Non-partisan,Election,4
ocd-division/country:us/state:or/school_district:bend-la_pine_admin_school_district_1/board_district:zone_2,School Board Member,,Non-partisan,Election,4
ocd-division/country:us/state:or/school_district:bend-la_pine_admin_school_district_1/board_district:zone_3,School Board Member,,Non-partisan,Election,4
ocd-division/country:us/state:or/school_district:bend-la_pine_admin_school_district_1/board_district:zone_4,School Board Member,,Non-partisan,Election,4
ocd-division/country:us/state:or/school_district:bend-la_pine_admin_school_district_1/board_district:zone_5,School Board Member,,Non-partisan,Election,4
ocd-division/country:us/state:or/school_district:bend-la_pine_admin_school_district_1/board_district:zone_6,School Board Member,,Non-partisan,Election,4
ocd-division/country:us/state:or/school_district:bend-la_pine_admin_school_district_1/board_district:zone_7,School Board Member,,Non-partisan,Election,4
ocd-division/country:us/state:or/school_district:bethel_school_district_52,School Board Member,Position 1,Non-partisan,Election,4
ocd-division/country:us/state:or/school_district:bethel_school_district_52,School Board Member,Position 2,Non-partisan,Election,4
ocd-division/country:us/state:or/school_district:bethel_school_district_52,School Board Member,Position 3,Non-partisan,Election,4
ocd-division/country:us/state:or/school_district:bethel_school_district_52,School Board Member,Position 4,Non-partisan,Election,4
ocd-division/country:us/state:or/school_district:bethel_school_district_52,School Board Member,Position 5,Non-partisan,Election,4
ocd-division/country:us/state:or/school_district:bethel_school_district_52,School Board Member,Position 6,Non-partisan,Election,4
ocd-division/country:us/state:or/school_district:bethel_school_district_52,School Board Member,Position 7,Non-partisan,Election,4
ocd-division/country:us/state:or/school_district:blachly_school_district_90,School Board Member,,Non-partisan,Election,4
ocd-division/country:us/state:or/school_district:blachly_school_district_90,School Board Member,,Non-partisan,Election,4
ocd-division/country:us/state:or/school_district:blachly_school_district_90/board_district:zone_1,School Board Member,,Non-partisan,Election,4
ocd-division/country:us/state:or/school_district:blachly_school_district_90/board_district:zone_2,School Board Member,,Non-partisan,Election,4
ocd-division/country:us/state:or/school_district:blachly_school_district_90/board_district:zone_3,School Board Member,,Non-partisan,Election,4
ocd-division/country:us/state:or/school_district:blachly_school_district_90/board_district:zone_4,School Board Member,,Non-partisan,Election,4
ocd-division/country:us/state:or/school_district:blachly_school_district_90/board_district:zone_5,School Board Member,,Non-partisan,Election,4
ocd-division/country:us/state:or/school_district:black_butte_school_district_41,School Board Member,Position 1,Non-partisan,Election,4
ocd-division/country:us/state:or/school_district:black_butte_school_district_41,School Board Member,Position 2,Non-partisan,Election,4
ocd-division/country:us/state:or/school_district:black_butte_school_district_41,School Board Member,Position 3,Non-partisan,Election,4
ocd-division/country:us/state:or/school_district:black_butte_school_district_41,School Board Member,Position 4,Non-partisan,Election,4
ocd-division/country:us/state:or/school_district:black_butte_school_district_41,School Board Member,Position 5,Non-partisan,Election,4
ocd-division/country:us/state:or/school_district:blue_mountain_community_college_district/board_district:zone_1,Community College District Director,,Non-partisan,Election,4
ocd-division/country:us/state:or/school_district:blue_mountain_community_college_district/board_district:zone_2,Community College District Director,,Non-partisan,Election,4
ocd-division/country:us/state:or/school_district:blue_mountain_community_college_district/board_district:zone_3,Community College District Director,,Non-partisan,Election,4
ocd-division/country:us/state:or/school_district:blue_mountain_community_college_district/board_district:zone_4,Community College District Director,,Non-partisan,Election,4
ocd-division/country:us/state:or/school_district:blue_mountain_community_college_district/board_district:zone_5,Community College District Director,,Non-partisan,Election,4
ocd-division/country:us/state:or/school_district:blue_mountain_community_college_district/board_district:zone_6,Community College District Director,,Non-partisan,Election,4
ocd-division/country:us/state:or/school_district:blue_mountain_community_college_district/board_district:zone_7,Community College District Director,,Non-partisan,Election,4
ocd-division/country:us/state:or/school_district:brookings-harbor_school_district_17c,School Board Member,Position 1,Non-partisan,Election,4
ocd-division/country:us/state:or/school_district:brookings-harbor_school_district_17c,School Board Member,Position 2,Non-partisan,Election,4
ocd-division/country:us/state:or/school_district:brookings-harbor_school_district_17c,School Board Member,Position 3,Non-partisan,Election,4
ocd-division/country:us/state:or/school_district:brookings-harbor_school_district_17c,School Board Member,Position 4,Non-partisan,Election,4
ocd-division/country:us/state:or/school_district:brookings-harbor_school_district_17c,School Board Member,Position 5,Non-partisan,Election,4
ocd-division/country:us/state:or/school_district:burnt_river_school_district_30j,School Board Member,Position 1,Non-partisan,Election,4
ocd-division/country:us/state:or/school_district:burnt_river_school_district_30j,School Board Member,Position 2,Non-partisan,Election,2
ocd-division/country:us/state:or/school_district:burnt_river_school_district_30j,School Board Member,Position 3,Non-partisan,Election,4
ocd-division/country:us/state:or/school_district:burnt_river_school_district_30j,School Board Member,Position 4,Non-partisan,Election,4
ocd-division/country:us/state:or/school_district:burnt_river_school_district_30j,School Board Member,Position 5,Non-partisan,Election,4
ocd-division/country:us/state:or/school_district:butte_falls_school_district_91,School Board Member,Position 1,Non-partisan,Election,4
ocd-division/country:us/state:or/school_district:butte_falls_school_district_91,School Board Member,Position 2,Non-partisan,Election,4
ocd-division/country:us/state:or/school_district:butte_falls_school_district_91,School Board Member,Position 3,Non-partisan,Election,4
ocd-division/country:us/state:or/school_district:butte_falls_school_district_91,School Board Member,Position 4,Non-partisan,Election,4
ocd-division/country:us/state:or/school_district:butte_falls_school_district_91,School Board Member,Position 5,Non-partisan,Election,4
ocd-division/country:us/state:or/school_district:camas_valley_school_district_21,School Board Member,Position 1,Non-partisan,Election,4
ocd-division/country:us/state:or/school_district:camas_valley_school_district_21,School Board Member,Position 2,Non-partisan,Election,4
ocd-division/country:us/state:or/school_district:camas_valley_school_district_21,School Board Member,Position 3,Non-partisan,Election,4
ocd-division/country:us/state:or/school_district:camas_valley_school_district_21,School Board Member,Position 4,Non-partisan,Election,4
ocd-division/country:us/state:or/school_district:camas_valley_school_district_21,School Board Member,Position 5,Non-partisan,Election,4
ocd-division/country:us/state:or/school_district:canby_school_district_86,School Board Member,Position 1,Non-partisan,Election,4
ocd-division/country:us/state:or/school_district:canby_school_district_86,School Board Member,Position 2,Non-partisan,Election,4
ocd-division/country:us/state:or/school_district:canby_school_district_86,School Board Member,Position 3,Non-partisan,Election,4
ocd-division/country:us/state:or/school_district:canby_school_district_86,School Board Member,Position 4,Non-partisan,Election,4
ocd-division/country:us/state:or/school_district:canby_school_district_86,School Board Member,Position 5,Non-partisan,Election,4
ocd-division/country:us/state:or/school_district:canby_school_district_86,School Board Member,Position 6,Non-partisan,Election,4
ocd-division/country:us/state:or/school_district:canby_school_district_86,School Board Member,Position 7,Non-partisan,Election,4
ocd-division/country:us/state:or/school_district:cascade_school_district_5/board_district:zone_1,School Board Member,,Non-partisan,Election,4
ocd-division/country:us/state:or/school_district:cascade_school_district_5/board_district:zone_2,School Board Member,,Non-partisan,Election,4
ocd-division/country:us/state:or/school_district:cascade_school_district_5/board_district:zone_3,School Board Member,,Non-partisan,Election,4
ocd-division/country:us/state:or/school_district:cascade_school_district_5/board_district:zone_4,School Board Member,,Non-partisan,Election,4
ocd-division/country:us/state:or/school_district:cascade_school_district_5/board_district:zone_5,School Board Member,,Non-partisan,Election,4
ocd-division/country:us/state:or/school_district:centennial_school_district_28_joint,School Board Member,Position 4,Non-partisan,Election,4
ocd-division/country:us/state:or/school_district:centennial_school_district_28_joint,School Board Member,Position 5,Non-partisan,Election,4
ocd-division/country:us/state:or/school_district:centennial_school_district_28_joint,School Board Member,Position 6,Non-partisan,Election,4
ocd-division/country:us/state:or/school_district:centennial_school_district_28_joint,School Board Member,Position 7,Non-partisan,Election,4
ocd-division/country:us/state:or/school_district:centennial_school_district_28_joint/board_district:zone_1,School Board Member,Position 1,Non-partisan,Election,4
ocd-division/country:us/state:or/school_district:centennial_school_district_28_joint/board_district:zone_2,School Board Member,Position 2,Non-partisan,Election,4
ocd-division/country:us/state:or/school_district:centennial_school_district_28_joint/board_district:zone_3,School Board Member,Position 3,Non-partisan,Election,4
ocd-division/country:us/state:or/school_district:central_curry_school_district_1,School Board Member,Position 1,Non-partisan,Election,4
ocd-division/country:us/state:or/school_district:central_curry_school_district_1,School Board Member,Position 2,Non-partisan,Election,4
ocd-division/country:us/state:or/school_district:central_curry_school_district_1,School Board Member,Position 3,Non-partisan,Election,4
ocd-division/country:us/state:or/school_district:central_curry_school_district_1,School Board Member,Position 4,Non-partisan,Election,4
ocd-division/country:us/state:or/school_district:central_curry_school_district_1,School Board Member,Position 5,Non-partisan,Election,4
ocd-division/country:us/state:or/school_district:central_linn_school_district_552/board_district:zone_1,School Board Member,,Non-partisan,Election,4
ocd-division/country:us/state:or/school_district:central_linn_school_district_552/board_district:zone_2,School Board Member,,Non-partisan,Election,4
ocd-division/country:us/state:or/school_district:central_linn_school_district_552/board_district:zone_3,School Board Member,,Non-partisan,Election,4
ocd-division/country:us/state:or/school_district:central_linn_school_district_552/board_district:zone_4,School Board Member,,Non-partisan,Election,4
ocd-division/country:us/state:or/school_district:central_linn_school_district_552/board_district:zone_5,School Board Member,,Non-partisan,Election,4
ocd-division/country:us/state:or/school_district:central_linn_school_district_552/board_district:zone_6,School Board Member,,Non-partisan,Election,4
ocd-division/country:us/state:or/school_district:central_linn_school_district_552/board_district:zone_7,School Board Member,,Non-partisan,Election,4
ocd-division/country:us/state:or/school_district:central_oregon_community_college/board_district:zone_1,Community College District Director,,Non-partisan,Election,4
ocd-division/country:us/state:or/school_district:central_oregon_community_college/board_district:zone_2,Community College District Director,,Non-partisan,Election,4
ocd-division/country:us/state:or/school_district:central_oregon_community_college/board_district:zone_3,Community College District Director,,Non-partisan,Election,4
ocd-division/country:us/state:or/school_district:central_oregon_community_college/board_district:zone_4,Community College District Director,,Non-partisan,Election,4
ocd-division/country:us/state:or/school_district:central_oregon_community_college/board_district:zone_5,Community College District Director,,Non-partisan,Election,4
ocd-division/country:us/state:or/school_district:central_oregon_community_college/board_district:zone_6,Community College District Director,,Non-partisan,Election,4
ocd-division/country:us/state:or/school_district:central_oregon_community_college/board_district:zone_7,Community College District Director,,Non-partisan,Election,4
ocd-division/country:us/state:or/school_district:central_point_school_district_6/board_district:zone_1,School Board Member,Position 1,Non-partisan,Election,4
ocd-division/country:us/state:or/school_district:central_point_school_district_6/board_district:zone_1,School Board Member,Position 2,Non-partisan,Election,4
ocd-division/country:us/state:or/school_district:central_point_school_district_6/board_district:zone_1,School Board Member,Position 5,Non-partisan,Election,4
ocd-division/country:us/state:or/school_district:central_point_school_district_6/board_district:zone_2,School Board Member,Position 3,Non-partisan,Election,4
ocd-division/country:us/state:or/school_district:central_point_school_district_6/board_district:zone_2,School Board Member,Position 4,Non-partisan,Election,4
ocd-division/country:us/state:or/school_district:central_school_district_13j/board_district:zone_1,School Board Member,,Non-partisan,Election,4
ocd-division/country:us/state:or/school_district:central_school_district_13j/board_district:zone_2,School Board Member,,Non-partisan,Election,4
ocd-division/country:us/state:or/school_district:central_school_district_13j/board_district:zone_3,School Board Member,,Non-partisan,Election,4
ocd-division/country:us/state:or/school_district:central_school_district_13j/board_district:zone_4,School Board Member,,Non-partisan,Election,4
ocd-division/country:us/state:or/school_district:central_school_district_13j/board_district:zone_5,School Board Member,,Non-partisan,Election,4
ocd-division/country:us/state:or/school_district:central_school_district_13j/board_district:zone_6,School Board Member,,Non-partisan,Election,4
ocd-division/country:us/state:or/school_district:central_school_district_13j/board_district:zone_7,School Board Member,,Non-partisan,Election,4
ocd-division/country:us/state:or/school_district:chemeketa_community_college/board_district:zone_1,Community College District Director,,Non-partisan,Election,4
ocd-division/country:us/state:or/school_district:chemeketa_community_college/board_district:zone_2,Community College District Director,,Non-partisan,Election,4
ocd-division/country:us/state:or/school_district:chemeketa_community_college/board_district:zone_3,Community College District Director,,Non-partisan,Election,4
ocd-division/country:us/state:or/school_district:chemeketa_community_college/board_district:zone_4,Community College District Director,,Non-partisan,Election,4
ocd-division/country:us/state:or/school_district:chemeketa_community_college/board_district:zone_5,Community College District Director,,Non-partisan,Election,4
ocd-division/country:us/state:or/school_district:chemeketa_community_college/board_district:zone_6,Community College District Director,,Non-partisan,Election,4
ocd-division/country:us/state:or/school_district:chemeketa_community_college/board_district:zone_7,Community College District Director,,Non-partisan,Election,4
ocd-division/country:us/state:or/school_district:clackamas_community_college/board_district:zone_1,Community College District Director,,Non-partisan,Election,4
ocd-division/country:us/state:or/school_district:clackamas_community_college/board_district:zone_2,Community College District Director,,Non-partisan,Election,4
ocd-division/country:us/state:or/school_district:clackamas_community_college/board_district:zone_3,Community College District Director,,Non-partisan,Election,4
ocd-division/country:us/state:or/school_district:clackamas_community_college/board_district:zone_5,Community College District Director,,Non-partisan,Election,4
ocd-division/country:us/state:or/school_district:clackamas_community_college/board_district:zone_6,Community College District Director,,Non-partisan,Election,4
ocd-division/country:us/state:or/school_district:clackamas_community_college/board_district:zone_7,Community College District Director,,Non-partisan,Election,4
ocd-division/country:us/state:or/school_district:clackamas_education_service_district,Education Service District Director,,Non-partisan,Election,4
ocd-division/country:us/state:or/school_district:clackamas_education_service_district,Education Service District Director,,Non-partisan,Election,4
ocd-division/country:us/state:or/school_district:clackamas_education_service_district/board_district:zone_1,Education Service District Director,,Non-partisan,Election,4
ocd-division/country:us/state:or/school_district:clackamas_education_service_district/board_district:zone_2,Education Service District Director,,Non-partisan,Election,4
ocd-division/country:us/state:or/school_district:clackamas_education_service_district/board_district:zone_3,Education Service District Director,,Non-partisan,Election,4
ocd-division/country:us/state:or/school_district:clackamas_education_service_district/board_district:zone_4,Education Service District Director,,Non-partisan,Election,4
ocd-division/country:us/state:or/school_district:clackamas_education_service_district/board_district:zone_5,Education Service District Director,,Non-partisan,Election,4
ocd-division/country:us/state:or/school_district:clatskanie_school_district_6j,School Board Member,,Non-partisan,Election,4
ocd-division/country:us/state:or/school_district:clatskanie_school_district_6j,School Board Member,,Non-partisan,Election,4
ocd-division/country:us/state:or/school_district:clatskanie_school_district_6j,School Board Member,Position 3,Non-partisan,Election,4
ocd-division/country:us/state:or/school_district:clatskanie_school_district_6j,School Board Member,Position 4,Non-partisan,Election,4
ocd-division/country:us/state:or/school_district:clatskanie_school_district_6j,School Board Member,Position 5,Non-partisan,Election,4
ocd-division/country:us/state:or/school_district:clatsop_community_college/board_district:zone_1,Community College District Director,Position 1,Non-partisan,Election,4
ocd-division/country:us/state:or/school_district:clatsop_community_college/board_district:zone_2,Community College District Director,Position 2,Non-partisan,Election,1
ocd-division/country:us/state:or/school_district:clatsop_community_college/board_district:zone_2,Community College District Director,Position 3,Non-partisan,Election,4
ocd-division/country:us/state:or/school_district:clatsop_community_college/board_district:zone_2,Community College District Director,Position 4,Non-partisan,Election,4
ocd-division/country:us/state:or/school_district:clatsop_community_college/board_district:zone_3,Community College District Director,Position 5,Non-partisan,Election,
ocd-division/country:us/state:or/school_district:clatsop_community_college/board_district:zone_3,Community College District Director,Position 6,Non-partisan,Election,4
ocd-division/country:us/state:or/school_district:clatsop_community_college/board_district:zone_3,Community College District Director,Position 7,Non-partisan,Election,4
ocd-division/country:us/state:or/school_district:colton_school_district_53,School Board Member,Position 1,Non-partisan,Election,4
ocd-division/country:us/state:or/school_district:colton_school_district_53,School Board Member,Position 2,Non-partisan,Election,4
ocd-division/country:us/state:or/school_district:colton_school_district_53,School Board Member,Position 3,Non-partisan,Election,4
ocd-division/country:us/state:or/school_district:colton_school_district_53,School Board Member,Position 4,Non-partisan,Election,4
ocd-division/country:us/state:or/school_district:colton_school_district_53,School Board Member,Position 5,Non-partisan,Election,4
ocd-division/country:us/state:or/school_district:columbia_gorge_community_college_district,Community College District Director,Position 1,Non-partisan,Election,4
ocd-division/country:us/state:or/school_district:columbia_gorge_community_college_district,Community College District Director,Position 2,Non-partisan,Election,4
ocd-division/country:us/state:or/school_district:columbia_gorge_community_college_district,Community College District Director,Position 3,Non-partisan,Election,4
ocd-division/country:us/state:or/school_district:columbia_gorge_community_college_district,Community College District Director,Position 4,Non-partisan,Election,4
ocd-division/country:us/state:or/school_district:columbia_gorge_community_college_district,Community College District Director,Position 5,Non-partisan,Election,4
ocd-division/country:us/state:or/school_district:columbia_gorge_community_college_district,Community College District Director,Position 6,Non-partisan,Election,4
ocd-division/country:us/state:or/school_district:columbia_gorge_community_college_district,Community College District Director,Position 7,Non-partisan,Election,4
ocd-division/country:us/state:or/school_district:columbia_gorge_education_service_district/board_district:zone_1,Education Service District Director,,Non-partisan,Election,4
ocd-division/country:us/state:or/school_district:columbia_gorge_education_service_district/board_district:zone_2,Education Service District Director,,Non-partisan,Election,4
ocd-division/country:us/state:or/school_district:columbia_gorge_education_service_district/board_district:zone_3,Education Service District Director,,Non-partisan,Election,4
ocd-division/country:us/state:or/school_district:columbia_gorge_education_service_district/board_district:zone_4,Education Service District Director,,Non-partisan,Election,4
ocd-division/country:us/state:or/school_district:columbia_gorge_education_service_district/board_district:zone_5,Education Service District Director,,Non-partisan,Election,4
ocd-division/country:us/state:or/school_district:columbia_gorge_education_service_district/board_district:zone_6,Education Service District Director,,Non-partisan,Election,4
ocd-division/country:us/state:or/school_district:columbia_gorge_education_service_district/board_district:zone_7,Education Service District Director,,Non-partisan,Election,4
ocd-division/country:us/state:or/school_district:condon_school_district_25,School Board Member,Position 1,Non-partisan,Election,4
ocd-division/country:us/state:or/school_district:condon_school_district_25,School Board Member,Position 2,Non-partisan,Election,4
ocd-division/country:us/state:or/school_district:condon_school_district_25,School Board Member,Position 3,Non-partisan,Election,4
ocd-division/country:us/state:or/school_district:condon_school_district_25,School Board Member,Position 4,Non-partisan,Election,4
ocd-division/country:us/state:or/school_district:condon_school_district_25,School Board Member,Position 5,Non-partisan,Election,4
ocd-division/country:us/state:or/school_district:coos_bay_school_district_9,School Board Member,Position 1,Non-partisan,Election,4
ocd-division/country:us/state:or/school_district:coos_bay_school_district_9,School Board Member,Position 2,Non-partisan,Election,4
ocd-division/country:us/state:or/school_district:coos_bay_school_district_9,School Board Member,Position 3,Non-partisan,Election,4
ocd-division/country:us/state:or/school_district:coos_bay_school_district_9,School Board Member,Position 4,Non-partisan,Election,4
ocd-division/country:us/state:or/school_district:coos_bay_school_district_9,School Board Member,Position 5,Non-partisan,Election,4
ocd-division/country:us/state:or/school_district:coos_bay_school_district_9,School Board Member,Position 6,Non-partisan,Election,4
ocd-division/country:us/state:or/school_district:coos_bay_school_district_9,School Board Member,Position 7,Non-partisan,Election,4
ocd-division/country:us/state:or/school_district:coquille_school_district_8,School Board Member,Position 1,Non-partisan,Election,4
ocd-division/country:us/state:or/school_district:coquille_school_district_8,School Board Member,Position 2,Non-partisan,Election,4
ocd-division/country:us/state:or/school_district:coquille_school_district_8,School Board Member,Position 3,Non-partisan,Election,4
ocd-division/country:us/state:or/school_district:coquille_school_district_8,School Board Member,Position 4,Non-partisan,Election,4
ocd-division/country:us/state:or/school_district:coquille_school_district_8,School Board Member,Position 5,Non-partisan,Election,4
ocd-division/country:us/state:or/school_district:coquille_school_district_8,School Board Member,Position 6,Non-partisan,Election,4
ocd-division/country:us/state:or/school_district:coquille_school_district_8,School Board Member,Position 7,Non-partisan,Election,4
ocd-division/country:us/state:or/school_district:corbett_school_district_39,School Board Member,,Non-partisan,Election,4
ocd-division/country:us/state:or/school_district:corbett_school_district_39,School Board Member,,Non-partisan,Election,4
ocd-division/country:us/state:or/school_district:corbett_school_district_39,School Board Member,,Non-partisan,Election,4
ocd-division/country:us/state:or/school_district:corbett_school_district_39,School Board Member,,Non-partisan,Election,4
ocd-division/country:us/state:or/school_district:corbett_school_district_39,School Board Member,,Non-partisan,Election,4
ocd-division/country:us/state:or/school_district:corbett_school_district_39,School Board Member,,Non-partisan,Election,4
ocd-division/country:us/state:or/school_district:corbett_school_district_39,School Board Member,,Non-partisan,Election,4
ocd-division/country:us/state:or/school_district:corvallis_school_district_509j,School Board Member,Position 1,Non-partisan,Election,4
ocd-division/country:us/state:or/school_district:corvallis_school_district_509j,School Board Member,Position 2,Non-partisan,Election,4
ocd-division/country:us/state:or/school_district:corvallis_school_district_509j,School Board Member,Position 3,Non-partisan,Election,4
ocd-division/country:us/state:or/school_district:corvallis_school_district_509j,School Board Member,Position 4,Non-partisan,Election,4
ocd-division/country:us/state:or/school_district:corvallis_school_district_509j,School Board Member,Position 5,Non-partisan,Election,4
ocd-division/country:us/state:or/school_district:corvallis_school_district_509j,School Board Member,Position 6,Non-partisan,Election,4
ocd-division/country:us/state:or/school_district:corvallis_school_district_509j,School Board Member,Position 7,Non-partisan,Election,4
ocd-division/country:us/state:or/school_district:cove_school_district_15,School Board Member,,Non-partisan,Election,4
ocd-division/country:us/state:or/school_district:cove_school_district_15,School Board Member,,Non-partisan,Election,4
ocd-division/country:us/state:or/school_district:cove_school_district_15,School Board Member,Position 1,Non-partisan,Election,4
ocd-division/country:us/state:or/school_district:cove_school_district_15,School Board Member,Position 3,Non-partisan,Election,4
ocd-division/country:us/state:or/school_district:cove_school_district_15,School Board Member,Position 4,Non-partisan,Election,4
ocd-division/country:us/state:or/school_district:crane_elementary_school_district_4/board_district:zone_1,School Board Member,,Non-partisan,Election,4
ocd-division/country:us/state:or/school_district:crane_elementary_school_district_4/board_district:zone_2,School Board Member,,Non-partisan,Election,4
ocd-division/country:us/state:or/school_district:crane_elementary_school_district_4/board_district:zone_3,School Board Member,,Non-partisan,Election,4
ocd-division/country:us/state:or/school_district:crane_elementary_school_district_4/board_district:zone_4,School Board Member,,Non-partisan,Election,4
ocd-division/country:us/state:or/school_district:crane_elementary_school_district_4/board_district:zone_5,School Board Member,,Non-partisan,Election,4
ocd-division/country:us/state:or/school_district:crane_union_high_school_district_1j/board_district:zone_1,School Board Member,,Non-partisan,Election,4
ocd-division/country:us/state:or/school_district:crane_union_high_school_district_1j/board_district:zone_2,School Board Member,,Non-partisan,Election,4
ocd-division/country:us/state:or/school_district:crane_union_high_school_district_1j/board_district:zone_3,School Board Member,,Non-partisan,Election,4
ocd-division/country:us/state:or/school_district:crane_union_high_school_district_1j/board_district:zone_4,School Board Member,,Non-partisan,Election,4
ocd-division/country:us/state:or/school_district:crane_union_high_school_district_1j/board_district:zone_5,School Board Member,,Non-partisan,Election,2
ocd-division/country:us/state:or/school_district:creswell_school_district_40,School Board Member,Position 1,Non-partisan,Election,4
ocd-division/country:us/state:or/school_district:creswell_school_district_40,School Board Member,Position 2,Non-partisan,Election,4
ocd-division/country:us/state:or/school_district:creswell_school_district_40,School Board Member,Position 3,Non-partisan,Election,4
ocd-division/country:us/state:or/school_district:creswell_school_district_40,School Board Member,Position 4,Non-partisan,Election,4
ocd-division/country:us/state:or/school_district:creswell_school_district_40,School Board Member,Position 5,Non-partisan,Election,4
ocd-division/country:us/state:or/school_district:creswell_school_district_40,School Board Member,Position 6,Non-partisan,Election,4
ocd-division/country:us/state:or/school_district:creswell_school_district_40,School Board Member,Position 7,Non-partisan,Election,4
ocd-division/country:us/state:or/school_district:crook_co_unit_school_district,School Board Member,,Non-partisan,Election,4
ocd-division/country:us/state:or/school_district:crook_co_unit_school_district/board_district:zone_1,School Board Member,,Non-partisan,Election,4
ocd-division/country:us/state:or/school_district:crook_co_unit_school_district/board_district:zone_2,School Board Member,,Non-partisan,Election,4
ocd-division/country:us/state:or/school_district:crook_co_unit_school_district/board_district:zone_3,School Board Member,,Non-partisan,Election,4
ocd-division/country:us/state:or/school_district:crook_co_unit_school_district/board_district:zone_4,School Board Member,,Non-partisan,Election,4
ocd-division/country:us/state:or/school_district:crow-apple_gate-lorane_school_district_66,School Board Member,,Non-partisan,Election,4
ocd-division/country:us/state:or/school_district:crow-apple_gate-lorane_school_district_66,School Board Member,,Non-partisan,Election,4
ocd-division/country:us/state:or/school_district:crow-apple_gate-lorane_school_district_66,School Board Member,,Non-partisan,Election,4
ocd-division/country:us/state:or/school_district:crow-apple_gate-lorane_school_district_66,School Board Member,Position 4,Non-partisan,Election,4
ocd-division/country:us/state:or/school_district:crow-apple_gate-lorane_school_district_66,School Board Member,Position 5,Non-partisan,Election,4
ocd-division/country:us/state:or/school_district:culver_school_district_4,School Board Member,Position 1,Non-partisan,Election,4
ocd-division/country:us/state:or/school_district:culver_school_district_4,School Board Member,Position 2,Non-partisan,Election,4
ocd-division/country:us/state:or/school_district:culver_school_district_4,School Board Member,Position 3,Non-partisan,Election,4
ocd-division/country:us/state:or/school_district:culver_school_district_4,School Board Member,Position 4,Non-partisan,Election,4
ocd-division/country:us/state:or/school_district:culver_school_district_4,School Board Member,Position 5,Non-partisan,Election,4
ocd-division/country:us/state:or/school_district:dallas_school_district_2,School Board Member,Position 1,Non-partisan,Election,4
ocd-division/country:us/state:or/school_district:dallas_school_district_2,School Board Member,Position 2,Non-partisan,Election,4
ocd-division/country:us/state:or/school_district:dallas_school_district_2,School Board Member,Position 3,Non-partisan,Election,4
ocd-division/country:us/state:or/school_district:dallas_school_district_2,School Board Member,Position 4,Non-partisan,Election,4
ocd-division/country:us/state:or/school_district:dallas_school_district_2,School Board Member,Position 5,Non-partisan,Election,4
ocd-division/country:us/state:or/school_district:david_douglas_school_district_40,School Board Member,Position 1,Non-partisan,Election,4
ocd-division/country:us/state:or/school_district:david_douglas_school_district_40,School Board Member,Position 2,Non-partisan,Election,4
ocd-division/country:us/state:or/school_district:david_douglas_school_district_40,School Board Member,Position 3,Non-partisan,Election,4
ocd-division/country:us/state:or/school_district:david_douglas_school_district_40,School Board Member,Position 4,Non-partisan,Election,4
ocd-division/country:us/state:or/school_district:david_douglas_school_district_40,School Board Member,Position 5,Non-partisan,Election,4
ocd-division/country:us/state:or/school_district:david_douglas_school_district_40,School Board Member,Position 6,Non-partisan,Election,4
ocd-division/country:us/state:or/school_district:david_douglas_school_district_40,School Board Member,Position 7,Non-partisan,Election,4
ocd-division/country:us/state:or/school_district:days_creek_school_district_15,School Board Member,,Non-partisan,Election,4
ocd-division/country:us/state:or/school_district:days_creek_school_district_15,School Board Member,,Non-partisan,Election,4
ocd-division/country:us/state:or/school_district:days_creek_school_district_15,School Board Member,,Non-partisan,Election,4
ocd-division/country:us/state:or/school_district:days_creek_school_district_15,School Board Member,Position 3,Non-partisan,Election,4
ocd-division/country:us/state:or/school_district:days_creek_school_district_15,School Board Member,Position 4,Non-partisan,Election,4
ocd-division/country:us/state:or/school_district:days_creek_school_district_15,School Board Member,Position 5,Non-partisan,Election,4
ocd-division/country:us/state:or/school_district:days_creek_school_district_15,School Board Member,Position 7,Non-partisan,Election,4
ocd-division/country:us/state:or/school_district:dayton_school_district_8,School Board Member,Position 1,Non-partisan,Election,4
ocd-division/country:us/state:or/school_district:dayton_school_district_8,School Board Member,Position 2,Non-partisan,Election,4
ocd-division/country:us/state:or/school_district:dayton_school_district_8,School Board Member,Position 3,Non-partisan,Election,4
ocd-division/country:us/state:or/school_district:dayton_school_district_8,School Board Member,Position 4,Non-partisan,Election,4
ocd-division/country:us/state:or/school_district:dayton_school_district_8,School Board Member,Position 5,Non-partisan,Election,4
ocd-division/country:us/state:or/school_district:dayton_school_district_8,School Board Member,Position 6,Non-partisan,Election,4
ocd-division/country:us/state:or/school_district:dayton_school_district_8,School Board Member,Position 7,Non-partisan,Election,4
ocd-division/country:us/state:or/school_district:dayville_school_district_16j,School Board Member,Position 1,Non-partisan,Election,4
ocd-division/country:us/state:or/school_district:dayville_school_district_16j,School Board Member,Position 2,Non-partisan,Election,4
ocd-division/country:us/state:or/school_district:dayville_school_district_16j,School Board Member,Position 3,Non-partisan,Election,4
ocd-division/country:us/state:or/school_district:dayville_school_district_16j,School Board Member,Position 4,Non-partisan,Election,4
ocd-division/country:us/state:or/school_district:dayville_school_district_16j,School Board Member,Position 5,Non-partisan,Election,3
ocd-division/country:us/state:or/school_district:diamond_school_district_7,School Board Member,,Non-partisan,Election,4
ocd-division/country:us/state:or/school_district:diamond_school_district_7,School Board Member,,Non-partisan,Election,4
ocd-division/country:us/state:or/school_district:diamond_school_district_7,School Board Member,,Non-partisan,Election,4
ocd-division/country:us/state:or/school_district:diamond_school_district_7,School Board Member,Position 1,Non-partisan,Election,4
ocd-division/country:us/state:or/school_district:diamond_school_district_7,School Board Member,Position 5,Non-partisan,Election,4
ocd-division/country:us/state:or/school_district:double_o_school_district_28,School Board Member,Position 1,Non-partisan,Election,4
ocd-division/country:us/state:or/school_district:double_o_school_district_28,School Board Member,Position 2,Non-partisan,Election,4
ocd-division/country:us/state:or/school_district:double_o_school_district_28,School Board Member,Position 3,Non-partisan,Election,4
ocd-division/country:us/state:or/school_district:double_o_school_district_28,School Board Member,Position 4,Non-partisan,Election,4
ocd-division/country:us/state:or/school_district:double_o_school_district_28,School Board Member,Position 5,Non-partisan,Election,4
ocd-division/country:us/state:or/school_district:douglas_education_service_district,Education Service District Director,Position 1,Non-partisan,Election,4
ocd-division/country:us/state:or/school_district:douglas_education_service_district,Education Service District Director,Position 2,Non-partisan,Election,4
ocd-division/country:us/state:or/school_district:douglas_education_service_district/board_district:zone_1,Education Service District Director,,Non-partisan,Election,4
ocd-division/country:us/state:or/school_district:douglas_education_service_district/board_district:zone_2,Education Service District Director,,Non-partisan,Election,4
ocd-division/country:us/state:or/school_district:douglas_education_service_district/board_district:zone_3,Education Service District Director,,Non-partisan,Election,4
ocd-division/country:us/state:or/school_district:douglas_education_service_district/board_district:zone_4,Education Service District Director,,Non-partisan,Election,4
ocd-division/country:us/state:or/school_district:douglas_education_service_district/board_district:zone_5,Education Service District Director,,Non-partisan,Election,4
ocd-division/country:us/state:or/school_district:drewsey_school_district_13,School Board Member,,Non-partisan,Election,4
ocd-division/country:us/state:or/school_district:drewsey_school_district_13,School Board Member,,Non-partisan,Election,4
ocd-division/country:us/state:or/school_district:drewsey_school_district_13,School Board Member,,Non-partisan,Election,4
ocd-division/country:us/state:or/school_district:drewsey_school_district_13,School Board Member,,Non-partisan,Election,4
ocd-division/country:us/state:or/school_district:drewsey_school_district_13,School Board Member,Position 2,Non-partisan,Election,4
ocd-division/country:us/state:or/school_district:dufur_school_district_29,School Board Member,Position 1,Non-partisan,Election,4
ocd-division/country:us/state:or/school_district:dufur_school_district_29,School Board Member,Position 2,Non-partisan,Election,4
ocd-division/country:us/state:or/school_district:dufur_school_district_29,School Board Member,Position 3,Non-partisan,Election,4
ocd-division/country:us/state:or/school_district:dufur_school_district_29,School Board Member,Position 4,Non-partisan,Election,4
ocd-division/country:us/state:or/school_district:dufur_school_district_29,School Board Member,Position 5,Non-partisan,Election,4
ocd-division/country:us/state:or/school_district:eagle_point_school_district_9,School Board Member,Position 1,Non-partisan,Election,4
ocd-division/country:us/state:or/school_district:eagle_point_school_district_9,School Board Member,Position 2,Non-partisan,Election,4
ocd-division/country:us/state:or/school_district:eagle_point_school_district_9,School Board Member,Position 3,Non-partisan,Election,4
ocd-division/country:us/state:or/school_district:eagle_point_school_district_9,School Board Member,Position 4,Non-partisan,Election,4
ocd-division/country:us/state:or/school_district:eagle_point_school_district_9,School Board Member,Position 5,Non-partisan,Election,4
ocd-division/country:us/state:or/school_district:echo_school_district_5,School Board Member,Position 1,Non-partisan,Election,4
ocd-division/country:us/state:or/school_district:echo_school_district_5,School Board Member,Position 2,Non-partisan,Election,4
ocd-division/country:us/state:or/school_district:echo_school_district_5,School Board Member,Position 3,Non-partisan,Election,4
ocd-division/country:us/state:or/school_district:echo_school_district_5,School Board Member,Position 4,Non-partisan,Election,4
ocd-division/country:us/state:or/school_district:echo_school_district_5,School Board Member,Position 5,Non-partisan,Election,4
ocd-division/country:us/state:or/school_district:echo_school_district_5,School Board Member,Position 6,Non-partisan,Election,4
ocd-division/country:us/state:or/school_district:echo_school_district_5,School Board Member,Position 7,Non-partisan,Election,4
ocd-division/country:us/state:or/school_district:elgin_school_district_23,School Board Member,,Non-partisan,Election,4
ocd-division/country:us/state:or/school_district:elgin_school_district_23,School Board Member,,Non-partisan,Election,4
ocd-division/country:us/state:or/school_district:elgin_school_district_23,School Board Member,,Non-partisan,Election,4
ocd-division/country:us/state:or/school_district:elgin_school_district_23,School Board Member,,Non-partisan,Election,4
ocd-division/country:us/state:or/school_district:elgin_school_district_23,School Board Member,,Non-partisan,Election,
ocd-division/country:us/state:or/school_district:elkton_school_district_34,School Board Member,Position 1,Non-partisan,Election,4
ocd-division/country:us/state:or/school_district:elkton_school_district_34,School Board Member,Position 2,Non-partisan,Election,4
ocd-division/country:us/state:or/school_district:elkton_school_district_34,School Board Member,Position 3,Non-partisan,Election,4
ocd-division/country:us/state:or/school_district:elkton_school_district_34,School Board Member,Position 4,Non-partisan,Election,4
ocd-division/country:us/state:or/school_district:elkton_school_district_34,School Board Member,Position 6,Non-partisan,Election,4
ocd-division/country:us/state:or/school_district:elkton_school_district_34,School Board Member,Position 7,Non-partisan,Election,4
ocd-division/country:us/state:or/school_district:enterprise_school_district_21,School Board Member,Position 1,Non-partisan,Election,4
ocd-division/country:us/state:or/school_district:enterprise_school_district_21,School Board Member,Position 2,Non-partisan,Election,4
ocd-division/country:us/state:or/school_district:enterprise_school_district_21,School Board Member,Position 3,Non-partisan,Election,4
ocd-division/country:us/state:or/school_district:enterprise_school_district_21,School Board Member,Position 4,Non-partisan,Election,4
ocd-division/country:us/state:or/school_district:enterprise_school_district_21,School Board Member,Position 5,Non-partisan,Election,4
ocd-division/country:us/state:or/school_district:estacada_school_district_108/board_district:zone_1,School Board Member,,Non-partisan,Election,4
ocd-division/country:us/state:or/school_district:estacada_school_district_108/board_district:zone_2,School Board Member,,Non-partisan,Election,4
ocd-division/country:us/state:or/school_district:estacada_school_district_108/board_district:zone_3,School Board Member,,Non-partisan,Election,4
ocd-division/country:us/state:or/school_district:estacada_school_district_108/board_district:zone_4,School Board Member,,Non-partisan,Election,4
ocd-division/country:us/state:or/school_district:estacada_school_district_108/board_district:zone_5,School Board Member,,Non-partisan,Election,4
ocd-division/country:us/state:or/school_district:estacada_school_district_108/board_district:zone_6,School Board Member,,Non-partisan,Election,4
ocd-division/country:us/state:or/school_district:estacada_school_district_108/board_district:zone_7,School Board Member,,Non-partisan,Election,4
ocd-division/country:us/state:or/school_district:eugene_school_district_4j,School Board Member,Position 1,Non-partisan,Election,4
ocd-division/country:us/state:or/school_district:eugene_school_district_4j,School Board Member,Position 2,Non-partisan,Election,4
ocd-division/country:us/state:or/school_district:eugene_school_district_4j,School Board Member,Position 3,Non-partisan,Election,4
ocd-division/country:us/state:or/school_district:eugene_school_district_4j,School Board Member,Position 4,Non-partisan,Election,4
ocd-division/country:us/state:or/school_district:eugene_school_district_4j,School Board Member,Position 5,Non-partisan,Election,4
ocd-division/country:us/state:or/school_district:eugene_school_district_4j,School Board Member,Position 6,Non-partisan,Election,4
ocd-division/country:us/state:or/school_district:eugene_school_district_4j,School Board Member,Position 7,Non-partisan,Election,4
ocd-division/country:us/state:or/school_district:falls_city_school_district_57,School Board Member,,Non-partisan,Election,4
ocd-division/country:us/state:or/school_district:falls_city_school_district_57,School Board Member,,Non-partisan,Election,4
ocd-division/country:us/state:or/school_district:falls_city_school_district_57,School Board Member,Position 1,Non-partisan,Election,4
ocd-division/country:us/state:or/school_district:falls_city_school_district_57,School Board Member,Position 3,Non-partisan,Election,4
ocd-division/country:us/state:or/school_district:falls_city_school_district_57,School Board Member,Position 5,Non-partisan,Election,4
ocd-division/country:us/state:or/school_district:fern_ridge_school_district_28_j,School Board Member,Position 1,Non-partisan,Election,4
ocd-division/country:us/state:or/school_district:fern_ridge_school_district_28_j,School Board Member,Position 2,Non-partisan,Election,4
ocd-division/country:us/state:or/school_district:fern_ridge_school_district_28_j,School Board Member,Position 3,Non-partisan,Election,4
ocd-division/country:us/state:or/school_district:fern_ridge_school_district_28_j,School Board Member,Position 4,Non-partisan,Election,4
ocd-division/country:us/state:or/school_district:fern_ridge_school_district_28_j,School Board Member,Position 5,Non-partisan,Election,4
ocd-division/country:us/state:or/school_district:forest_grove_school_district_15,School Board Member,,Non-partisan,Election,4
ocd-division/country:us/state:or/school_district:forest_grove_school_district_15,School Board Member,Position 1,Non-partisan,Election,4
ocd-division/country:us/state:or/school_district:forest_grove_school_district_15,School Board Member,Position 2,Non-partisan,Election,4
ocd-division/country:us/state:or/school_district:forest_grove_school_district_15,School Board Member,Position 3,Non-partisan,Election,4
ocd-division/country:us/state:or/school_district:forest_grove_school_district_15,School Board Member,Position 4,Non-partisan,Election,4
ocd-division/country:us/state:or/school_district:forest_grove_school_district_15,School Board Member,Position 5,Non-partisan,Election,4
ocd-division/country:us/state:or/school_district:fossil_school_district_21j,School Board Member,Position 1,Non-partisan,Election,4
ocd-division/country:us/state:or/school_district:fossil_school_district_21j,School Board Member,Position 2,Non-partisan,Election,4
ocd-division/country:us/state:or/school_district:fossil_school_district_21j,School Board Member,Position 3,Non-partisan,Election,4
ocd-division/country:us/state:or/school_district:fossil_school_district_21j,School Board Member,Position 4,Non-partisan,Election,4
ocd-division/country:us/state:or/school_district:fossil_school_district_21j,School Board Member,Position 5,Non-partisan,Election,4
ocd-division/country:us/state:or/school_district:frenchglen_school_district_16,School Board Member,Position 1,Non-partisan,Election,4
ocd-division/country:us/state:or/school_district:frenchglen_school_district_16,School Board Member,Position 3,Non-partisan,Election,4
ocd-division/country:us/state:or/school_district:frenchglen_school_district_16,School Board Member,Position 4,Non-partisan,Election,4
ocd-division/country:us/state:or/school_district:frenchglen_school_district_16,School Board Member,Position 5,Non-partisan,Election,4
ocd-division/country:us/state:or/school_district:gaston_school_district_511_j,School Board Member,Position 1,Non-partisan,Election,4
ocd-division/country:us/state:or/school_district:gaston_school_district_511_j,School Board Member,Position 2,Non-partisan,Election,4
ocd-division/country:us/state:or/school_district:gaston_school_district_511_j,School Board Member,Position 3,Non-partisan,Election,4
ocd-division/country:us/state:or/school_district:gaston_school_district_511_j,School Board Member,Position 4,Non-partisan,Election,4
ocd-division/country:us/state:or/school_district:gaston_school_district_511_j,School Board Member,Position 5,Non-partisan,Election,4
ocd-division/country:us/state:or/school_district:gervais_school_district_1,School Board Member,Position 1,Non-partisan,Election,4
ocd-division/country:us/state:or/school_district:gervais_school_district_1,School Board Member,Position 2,Non-partisan,Election,4
ocd-division/country:us/state:or/school_district:gervais_school_district_1,School Board Member,Position 3,Non-partisan,Election,4
ocd-division/country:us/state:or/school_district:gervais_school_district_1,School Board Member,Position 4,Non-partisan,Election,4
ocd-division/country:us/state:or/school_district:gervais_school_district_1,School Board Member,Position 5,Non-partisan,Election,4
ocd-division/country:us/state:or/school_district:gladstone_school_district_115,School Board Member,Position 1,Non-partisan,Election,4
ocd-division/country:us/state:or/school_district:gladstone_school_district_115,School Board Member,Position 2,Non-partisan,Election,4
ocd-division/country:us/state:or/school_district:gladstone_school_district_115,School Board Member,Position 3,Non-partisan,Election,4
ocd-division/country:us/state:or/school_district:gladstone_school_district_115,School Board Member,Position 4,Non-partisan,Election,4
ocd-division/country:us/state:or/school_district:gladstone_school_district_115,School Board Member,Position 5,Non-partisan,Election,4
ocd-division/country:us/state:or/school_district:gladstone_school_district_115,School Board Member,Position 6,Non-partisan,Election,2
ocd-division/country:us/state:or/school_district:gladstone_school_district_115,School Board Member,Position 7,Non-partisan,Election,4
ocd-division/country:us/state:or/school_district:glendale_school_district_77,School Board Member,Position 1,Non-partisan,Election,4
ocd-division/country:us/state:or/school_district:glendale_school_district_77,School Board Member,Position 2,Non-partisan,Election,4
ocd-division/country:us/state:or/school_district:glendale_school_district_77,School Board Member,Position 3,Non-partisan,Election,4
ocd-division/country:us/state:or/school_district:glendale_school_district_77,School Board Member,Position 4,Non-partisan,Election,4
ocd-division/country:us/state:or/school_district:glendale_school_district_77,School Board Member,Position 5,Non-partisan,Election,4
ocd-division/country:us/state:or/school_district:glide_school_district_12,School Board Member,Position 1,Non-partisan,Election,4
ocd-division/country:us/state:or/school_district:glide_school_district_12,School Board Member,Position 2,Non-partisan,Election,4
ocd-division/country:us/state:or/school_district:glide_school_district_12,School Board Member,Position 3,Non-partisan,Election,4
ocd-division/country:us/state:or/school_district:glide_school_district_12,School Board Member,Position 4,Non-partisan,Election,4
ocd-division/country:us/state:or/school_district:glide_school_district_12,School Board Member,Position 5,Non-partisan,Election,4
ocd-division/country:us/state:or/school_district:grant_admin_school_district_3,School Board Member,,Non-partisan,Election,4
ocd-division/country:us/state:or/school_district:grant_admin_school_district_3,School Board Member,,Non-partisan,Election,4
ocd-division/country:us/state:or/school_district:grant_admin_school_district_3,School Board Member,,Non-partisan,Election,4
ocd-division/country:us/state:or/school_district:grant_admin_school_district_3/board_district:zone_1,School Board Member,,Non-partisan,Election,4
ocd-division/country:us/state:or/school_district:grant_admin_school_district_3/board_district:zone_2,School Board Member,,Non-partisan,Election,4
ocd-division/country:us/state:or/school_district:grant_admin_school_district_3/board_district:zone_3,School Board Member,,Non-partisan,Election,4
ocd-division/country:us/state:or/school_district:grant_admin_school_district_3/board_district:zone_4,School Board Member,,Non-partisan,Election,4
ocd-division/country:us/state:or/school_district:grant_county_education_service_district,Education Service District Director,,Non-partisan,Election,4
ocd-division/country:us/state:or/school_district:grant_county_education_service_district,Education Service District Director,,Non-partisan,Election,4
ocd-division/country:us/state:or/school_district:grant_county_education_service_district,Education Service District Director,,Non-partisan,Election,4
ocd-division/country:us/state:or/school_district:grant_county_education_service_district/board_district:zone_1,Education Service District Director,,Non-partisan,Election,4
ocd-division/country:us/state:or/school_district:grant_county_education_service_district/board_district:zone_2,Education Service District Director,,Non-partisan,Election,4
ocd-division/country:us/state:or/school_district:grant_county_education_service_district/board_district:zone_3,Education Service District Director,,Non-partisan,Election,4
ocd-division/country:us/state:or/school_district:grant_county_education_service_district/board_district:zone_4,Education Service District Director,,Non-partisan,Election,4
ocd-division/country:us/state:or/school_district:grants_pass_school_district_7,School Board Member,Position 1,Non-partisan,Election,4
ocd-division/country:us/state:or/school_district:grants_pass_school_district_7,School Board Member,Position 2,Non-partisan,Election,4
ocd-division/country:us/state:or/school_district:grants_pass_school_district_7,School Board Member,Position 3,Non-partisan,Election,4
ocd-division/country:us/state:or/school_district:grants_pass_school_district_7,School Board Member,Position 4,Non-partisan,Election,4
ocd-division/country:us/state:or/school_district:grants_pass_school_district_7,School Board Member,Position 5,Non-partisan,Election,4
ocd-division/country:us/state:or/school_district:grants_pass_school_district_7,School Board Member,Position 6,Non-partisan,Election,4
ocd-division/country:us/state:or/school_district:grants_pass_school_district_7,School Board Member,Position 7,Non-partisan,Election,4
ocd-division/country:us/state:or/school_district:greater_albany_school_district_8_j,School Board Member,Position 1,Non-partisan,Election,4
ocd-division/country:us/state:or/school_district:greater_albany_school_district_8_j,School Board Member,Position 2,Non-partisan,Election,4
ocd-division/country:us/state:or/school_district:greater_albany_school_district_8_j/board_district:zone_1,School Board Member,,Non-partisan,Election,4
ocd-division/country:us/state:or/school_district:greater_albany_school_district_8_j/board_district:zone_2,School Board Member,,Non-partisan,Election,4
ocd-division/country:us/state:or/school_district:greater_albany_school_district_8_j/board_district:zone_3,School Board Member,,Non-partisan,Election,4
ocd-division/country:us/state:or/school_district:gresham-barlow_school_district_10j,School Board Member,Position 4,Non-partisan,Election,4
ocd-division/country:us/state:or/school_district:gresham-barlow_school_district_10j,School Board Member,Position 6,Non-partisan,Election,4
ocd-division/country:us/state:or/school_district:gresham-barlow_school_district_10j,School Board Member,Position 7,Non-partisan,Election,4
ocd-division/country:us/state:or/school_district:gresham-barlow_school_district_10j/board_district:zone_1,School Board Member,Position 1,Non-partisan,Election,4
ocd-division/country:us/state:or/school_district:gresham-barlow_school_district_10j/board_district:zone_2,School Board Member,Position 3,Non-partisan,Election,4
ocd-division/country:us/state:or/school_district:gresham-barlow_school_district_10j/board_district:zone_3,School Board Member,Position 2,Non-partisan,Election,4
ocd-division/country:us/state:or/school_district:gresham-barlow_school_district_10j/board_district:zone_4,School Board Member,Position 5,Non-partisan,Election,4
ocd-division/country:us/state:or/school_district:harney_co_school_district_3,School Board Member,Position 1,Non-partisan,Election,4
ocd-division/country:us/state:or/school_district:harney_co_school_district_3,School Board Member,Position 2,Non-partisan,Election,4
ocd-division/country:us/state:or/school_district:harney_co_school_district_3,School Board Member,Position 3,Non-partisan,Election,4
ocd-division/country:us/state:or/school_district:harney_co_school_district_3,School Board Member,Position 4,Non-partisan,Election,4
ocd-division/country:us/state:or/school_district:harney_co_school_district_3,School Board Member,Position 5,Non-partisan,Election,4
ocd-division/country:us/state:or/school_district:harney_county_education_service_district/board_district:zone_1,Education Service District Director,,Non-partisan,Election,4
ocd-division/country:us/state:or/school_district:harney_county_education_service_district/board_district:zone_2,Education Service District Director,,Non-partisan,Election,4
ocd-division/country:us/state:or/school_district:harney_county_education_service_district/board_district:zone_3,Education Service District Director,,Non-partisan,Election,4
ocd-division/country:us/state:or/school_district:harney_county_education_service_district/board_district:zone_4,Education Service District Director,,Non-partisan,Election,4
ocd-division/country:us/state:or/school_district:harney_county_education_service_district/board_district:zone_5,Education Service District Director,,Non-partisan,Election,4
ocd-division/country:us/state:or/school_district:harney_county_education_service_district/board_district:zone_6,Education Service District Director,,Non-partisan,Election,4
ocd-division/country:us/state:or/school_district:harney_county_education_service_district/board_district:zone_7,Education Service District Director,,Non-partisan,Election,4
ocd-division/country:us/state:or/school_district:harper_school_district_66,School Board Member,Position 1,Non-partisan,Election,4
ocd-division/country:us/state:or/school_district:harper_school_district_66,School Board Member,Position 2,Non-partisan,Election,4
ocd-division/country:us/state:or/school_district:harper_school_district_66,School Board Member,Position 3,Non-partisan,Election,4
ocd-division/country:us/state:or/school_district:harper_school_district_66,School Board Member,Position 4,Non-partisan,Election,4
ocd-division/country:us/state:or/school_district:harper_school_district_66,School Board Member,Position 5,Non-partisan,Election,4
ocd-division/country:us/state:or/school_district:harrisburg_school_district_7j,School Board Member,Position 1,Non-partisan,Election,4
ocd-division/country:us/state:or/school_district:harrisburg_school_district_7j,School Board Member,Position 2,Non-partisan,Election,4
ocd-division/country:us/state:or/school_district:harrisburg_school_district_7j,School Board Member,Position 3,Non-partisan,Election,4
ocd-division/country:us/state:or/school_district:harrisburg_school_district_7j,School Board Member,Position 4,Non-partisan,Election,4
ocd-division/country:us/state:or/school_district:harrisburg_school_district_7j,School Board Member,Position 5,Non-partisan,Election,4
ocd-division/country:us/state:or/school_district:helix_school_district_1,School Board Member,Position 1,Non-partisan,Election,4
ocd-division/country:us/state:or/school_district:helix_school_district_1,School Board Member,Position 2,Non-partisan,Election,4
ocd-division/country:us/state:or/school_district:helix_school_district_1,School Board Member,Position 3,Non-partisan,Election,4
ocd-division/country:us/state:or/school_district:helix_school_district_1,School Board Member,Position 4,Non-partisan,Election,4
ocd-division/country:us/state:or/school_district:helix_school_district_1,School Board Member,Position 5,Non-partisan,Election,4
ocd-division/country:us/state:or/school_district:hermiston_school_district_8,School Board Member,,Non-partisan,Election,4
ocd-division/country:us/state:or/school_district:hermiston_school_district_8,School Board Member,,Non-partisan,Election,4
ocd-division/country:us/state:or/school_district:hermiston_school_district_8,School Board Member,,Non-partisan,Election,4
ocd-division/country:us/state:or/school_district:hermiston_school_district_8,School Board Member,,Non-partisan,Election,4
ocd-division/country:us/state:or/school_district:hermiston_school_district_8,School Board Member,Position 3,Non-partisan,Election,4
ocd-division/country:us/state:or/school_district:hermiston_school_district_8,School Board Member,Position 4,Non-partisan,Election,4
ocd-division/country:us/state:or/school_district:hermiston_school_district_8,School Board Member,Position 6,Non-partisan,Election,4
ocd-division/country:us/state:or/school_district:high_desert_education_service_district,Education Service District Director,,N/A,Appointment,N/A
ocd-division/country:us/state:or/school_district:high_desert_education_service_district,Education Service District Director,,N/A,Appointment,N/A
ocd-division/country:us/state:or/school_district:high_desert_education_service_district,Education Service District Director,,Non-partisan,Election,4
ocd-division/country:us/state:or/school_district:high_desert_education_service_district,Education Service District Director,,N/A,Appointment,N/A
ocd-division/country:us/state:or/school_district:high_desert_education_service_district,Education Service District Director,,N/A,Appointment,N/A
ocd-division/country:us/state:or/school_district:high_desert_education_service_district,Education Service District Director,,N/A,Appointment,N/A
ocd-division/country:us/state:or/school_district:high_desert_education_service_district,Education Service District Director,,N/A,Appointment,N/A
ocd-division/country:us/state:or/school_district:high_desert_education_service_district,Education Service District Director,,N/A,Appointment,N/A
ocd-division/country:us/state:or/school_district:high_desert_education_service_district,Education Service District Director,,N/A,Appointment,N/A
ocd-division/country:us/state:or/school_district:hillsboro_school_district_1j,School Board Member,Position 1,Non-partisan,Election,4
ocd-division/country:us/state:or/school_district:hillsboro_school_district_1j,School Board Member,Position 2,Non-partisan,Election,4
ocd-division/country:us/state:or/school_district:hillsboro_school_district_1j,School Board Member,Position 3,Non-partisan,Election,4
ocd-division/country:us/state:or/school_district:hillsboro_school_district_1j,School Board Member,Position 4,Non-partisan,Election,4
ocd-division/country:us/state:or/school_district:hillsboro_school_district_1j,School Board Member,Position 5,Non-partisan,Election,4
ocd-division/country:us/state:or/school_district:hillsboro_school_district_1j,School Board Member,Position 6,Non-partisan,Election,4
ocd-division/country:us/state:or/school_district:hillsboro_school_district_1j,School Board Member,Position 7,Non-partisan,Election,4
ocd-division/country:us/state:or/school_district:hood_river_county_school_district,School Board Member,,Non-partisan,Election,4
ocd-division/country:us/state:or/school_district:hood_river_county_school_district,School Board Member,Position 1,Non-partisan,Election,4
ocd-division/country:us/state:or/school_district:hood_river_county_school_district,School Board Member,Position 2,Non-partisan,Election,4
ocd-division/country:us/state:or/school_district:hood_river_county_school_district,School Board Member,Position 3,Non-partisan,Election,4
ocd-division/country:us/state:or/school_district:hood_river_county_school_district,School Board Member,Position 4,Non-partisan,Election,4
ocd-division/country:us/state:or/school_district:hood_river_county_school_district,School Board Member,Position 5,Non-partisan,Election,4
ocd-division/country:us/state:or/school_district:hood_river_county_school_district,School Board Member,Position 6,Non-partisan,Election,4
ocd-division/country:us/state:or/school_district:huntington_school_district_16j,School Board Member,Position 1,Non-partisan,Election,4
ocd-division/country:us/state:or/school_district:huntington_school_district_16j,School Board Member,Position 2,Non-partisan,Election,4
ocd-division/country:us/state:or/school_district:huntington_school_district_16j,School Board Member,Position 3,Non-partisan,Election,4
ocd-division/country:us/state:or/school_district:huntington_school_district_16j,School Board Member,Position 4,Non-partisan,Election,4
ocd-division/country:us/state:or/school_district:huntington_school_district_16j,School Board Member,Position 5,Non-partisan,Election,4
ocd-division/country:us/state:or/school_district:imbler_school_district_11,School Board Member,,Non-partisan,Election,4
ocd-division/country:us/state:or/school_district:imbler_school_district_11,School Board Member,,Non-partisan,Election,4
ocd-division/country:us/state:or/school_district:imbler_school_district_11,School Board Member,,Non-partisan,Election,4
ocd-division/country:us/state:or/school_district:imbler_school_district_11,School Board Member,Position 4,Non-partisan,Election,4
ocd-division/country:us/state:or/school_district:imbler_school_district_11,School Board Member,Position 5,Non-partisan,Election,4
ocd-division/country:us/state:or/school_district:intermountain_education_service_district/board_district:zone_1,Education Service District Director,,Non-partisan,Election,4
ocd-division/country:us/state:or/school_district:intermountain_education_service_district/board_district:zone_2,Education Service District Director,,Non-partisan,Election,4
ocd-division/country:us/state:or/school_district:intermountain_education_service_district/board_district:zone_4,Education Service District Director,,Non-partisan,Election,4
ocd-division/country:us/state:or/school_district:intermountain_education_service_district/board_district:zone_5,Education Service District Director,,Non-partisan,Election,4
ocd-division/country:us/state:or/school_district:intermountain_education_service_district/board_district:zone_6,Education Service District Director,,Non-partisan,Election,4
ocd-division/country:us/state:or/school_district:intermountain_education_service_district/board_district:zone_7,Education Service District Director,,Non-partisan,Election,4
ocd-division/country:us/state:or/school_district:ione_school_district_2j,School Board Member,,Non-partisan,Election,4
ocd-division/country:us/state:or/school_district:ione_school_district_2j,School Board Member,,Non-partisan,Election,4
ocd-division/country:us/state:or/school_district:ione_school_district_2j,School Board Member,Position 3,Non-partisan,Election,4
ocd-division/country:us/state:or/school_district:ione_school_district_2j,School Board Member,Position 4,Non-partisan,Election,4
ocd-division/country:us/state:or/school_district:ione_school_district_2j,School Board Member,Position 5,Non-partisan,Election,4
ocd-division/country:us/state:or/school_district:jefferson_county_education_service_district,Education Service District Director,,Non-partisan,Election,4
ocd-division/country:us/state:or/school_district:jefferson_county_education_service_district,Education Service District Director,Position 1,Non-partisan,Election,4
ocd-division/country:us/state:or/school_district:jefferson_county_education_service_district,Education Service District Director,Position 2,Non-partisan,Election,4
ocd-division/country:us/state:or/school_district:jefferson_county_education_service_district,Education Service District Director,Position 3,Non-partisan,Election,4
ocd-division/country:us/state:or/school_district:jefferson_county_education_service_district,Education Service District Director,Position 4,Non-partisan,Election,4
ocd-division/country:us/state:or/school_district:jefferson_county_education_service_district,Education Service District Director,Position 5,Non-partisan,Election,4
ocd-division/country:us/state:or/school_district:jefferson_county_education_service_district,Education Service District Director,Position 6,Non-partisan,Election,4
ocd-division/country:us/state:or/school_district:jefferson_county_education_service_district,Education Service District Director,Position 7,Non-partisan,Election,4
ocd-division/country:us/state:or/school_district:jefferson_school_district_14j,School Board Member,Position 1,Non-partisan,Election,4
ocd-division/country:us/state:or/school_district:jefferson_school_district_14j,School Board Member,Position 2,Non-partisan,Election,4
ocd-division/country:us/state:or/school_district:jefferson_school_district_14j,School Board Member,Position 3,Non-partisan,Election,4
ocd-division/country:us/state:or/school_district:jefferson_school_district_14j,School Board Member,Position 4,Non-partisan,Election,4
ocd-division/country:us/state:or/school_district:jefferson_school_district_14j,School Board Member,Position 5,Non-partisan,Election,4
ocd-division/country:us/state:or/school_district:jefferson_school_district_509_j,School Board Member,Position 1,Non-partisan,Election,4
ocd-division/country:us/state:or/school_district:jefferson_school_district_509_j,School Board Member,Position 2,Non-partisan,Election,4
ocd-division/country:us/state:or/school_district:jefferson_school_district_509_j,School Board Member,Position 3,Non-partisan,Election,4
ocd-division/country:us/state:or/school_district:jefferson_school_district_509_j,School Board Member,Position 4,Non-partisan,Election,4
ocd-division/country:us/state:or/school_district:jefferson_school_district_509_j,School Board Member,Position 5,Non-partisan,Election,4
ocd-division/country:us/state:or/school_district:jewell_school_district_8,School Board Member,Position 1,Non-partisan,Election,4
ocd-division/country:us/state:or/school_district:jewell_school_district_8,School Board Member,Position 2,Non-partisan,Election,4
ocd-division/country:us/state:or/school_district:jewell_school_district_8,School Board Member,Position 3,Non-partisan,Election,4
ocd-division/country:us/state:or/school_district:jewell_school_district_8,School Board Member,Position 4,Non-partisan,Election,4
ocd-division/country:us/state:or/school_district:jewell_school_district_8,School Board Member,Position 5,Non-partisan,Election,4
ocd-division/country:us/state:or/school_district:jordan_valley_school_district_3,School Board Member,Position 1,Non-partisan,Election,4
ocd-division/country:us/state:or/school_district:jordan_valley_school_district_3,School Board Member,Position 2,Non-partisan,Election,4
ocd-division/country:us/state:or/school_district:jordan_valley_school_district_3,School Board Member,Position 3,Non-partisan,Election,4
ocd-division/country:us/state:or/school_district:jordan_valley_school_district_3,School Board Member,Position 4,Non-partisan,Election,4
ocd-division/country:us/state:or/school_district:jordan_valley_school_district_3,School Board Member,Position 5,Non-partisan,Election,4
ocd-division/country:us/state:or/school_district:joseph_school_district_6/board_district:zone_1,School Board Member,,Non-partisan,Election,4
ocd-division/country:us/state:or/school_district:joseph_school_district_6/board_district:zone_2,School Board Member,,Non-partisan,Election,4
ocd-division/country:us/state:or/school_district:joseph_school_district_6/board_district:zone_3,School Board Member,,Non-partisan,Election,4
ocd-division/country:us/state:or/school_district:joseph_school_district_6/board_district:zone_4,School Board Member,,Non-partisan,Election,4
ocd-division/country:us/state:or/school_district:joseph_school_district_6/board_district:zone_5,School Board Member,,Non-partisan,Election,4
ocd-division/country:us/state:or/school_district:junction_city_school_district_69,School Board Member,Position 1,Non-partisan,Election,4
ocd-division/country:us/state:or/school_district:junction_city_school_district_69,School Board Member,Position 2,Non-partisan,Election,4
ocd-division/country:us/state:or/school_district:junction_city_school_district_69,School Board Member,Position 3,Non-partisan,Election,4
ocd-division/country:us/state:or/school_district:junction_city_school_district_69,School Board Member,Position 4,Non-partisan,Election,4
ocd-division/country:us/state:or/school_district:junction_city_school_district_69,School Board Member,Position 5,Non-partisan,Election,4
ocd-division/country:us/state:or/school_district:junction_city_school_district_69,School Board Member,Position 6,Non-partisan,Election,4
ocd-division/country:us/state:or/school_district:junction_city_school_district_69,School Board Member,Position 7,Non-partisan,Election,4
ocd-division/country:us/state:or/school_district:juntura_school_district_12,School Board Member,Position 1,Non-partisan,Election,4
ocd-division/country:us/state:or/school_district:juntura_school_district_12,School Board Member,Position 2,Non-partisan,Election,4
ocd-division/country:us/state:or/school_district:juntura_school_district_12,School Board Member,Position 3,Non-partisan,Election,4
ocd-division/country:us/state:or/school_district:juntura_school_district_12,School Board Member,Position 4,Non-partisan,Election,4
ocd-division/country:us/state:or/school_district:juntura_school_district_12,School Board Member,Position 5,Non-partisan,Election,4
ocd-division/country:us/state:or/school_district:klamath_co_school_district/board_district:zone_1,School Board Member,Position 1,Non-partisan,Election,4
ocd-division/country:us/state:or/school_district:klamath_co_school_district/board_district:zone_2,School Board Member,Position 2,Non-partisan,Election,4
ocd-division/country:us/state:or/school_district:klamath_co_school_district/board_district:zone_3,School Board Member,Position 3,Non-partisan,Election,4
ocd-division/country:us/state:or/school_district:klamath_co_school_district/board_district:zone_4,School Board Member,Position 4,Non-partisan,Election,4
ocd-division/country:us/state:or/school_district:klamath_co_school_district/board_district:zone_5,School Board Member,Position 5,Non-partisan,Election,4
ocd-division/country:us/state:or/school_district:klamath_comm_college_district/board_district:zone_1,Community College District Director,,Non-partisan,Election,4
ocd-division/country:us/state:or/school_district:klamath_comm_college_district/board_district:zone_2,Community College District Director,,Non-partisan,Election,4
ocd-division/country:us/state:or/school_district:klamath_comm_college_district/board_district:zone_3,Community College District Director,,Non-partisan,Election,
ocd-division/country:us/state:or/school_district:klamath_comm_college_district/board_district:zone_4,Community College District Director,,Non-partisan,Election,4
ocd-division/country:us/state:or/school_district:klamath_comm_college_district/board_district:zone_5,Community College District Director,,Non-partisan,Election,4
ocd-division/country:us/state:or/school_district:klamath_comm_college_district/board_district:zone_6,Community College District Director,,Non-partisan,Election,4
ocd-division/country:us/state:or/school_district:klamath_comm_college_district/board_district:zone_7,Community College District Director,,Non-partisan,Election,4
ocd-division/country:us/state:or/school_district:klamath_falls_city_schools/board_district:zone_1,School Board Member,,Non-partisan,Election,4
ocd-division/country:us/state:or/school_district:klamath_falls_city_schools/board_district:zone_2,School Board Member,,Non-partisan,Election,4
ocd-division/country:us/state:or/school_district:klamath_falls_city_schools/board_district:zone_3,School Board Member,,Non-partisan,Election,4
ocd-division/country:us/state:or/school_district:klamath_falls_city_schools/board_district:zone_4,School Board Member,,Non-partisan,Election,4
ocd-division/country:us/state:or/school_district:klamath_falls_city_schools/board_district:zone_5,School Board Member,,Non-partisan,Election,4
ocd-division/country:us/state:or/school_district:klamath_falls_city_schools/board_district:zone_6,School Board Member,,Non-partisan,Election,4
ocd-division/country:us/state:or/school_district:klamath_falls_city_schools/board_district:zone_7,School Board Member,,Non-partisan,Election,4
ocd-division/country:us/state:or/school_district:knappa_school_district_4,School Board Member,,Non-partisan,Election,4
ocd-division/country:us/state:or/school_district:knappa_school_district_4,School Board Member,,Non-partisan,Election,4
ocd-division/country:us/state:or/school_district:knappa_school_district_4,School Board Member,Position 3,Non-partisan,Election,4
ocd-division/country:us/state:or/school_district:knappa_school_district_4,School Board Member,Position 4,Non-partisan,Election,4
ocd-division/country:us/state:or/school_district:knappa_school_district_4,School Board Member,Position 5,Non-partisan,Election,4
ocd-division/country:us/state:or/school_district:la_grande_school_district_1/board_district:zone_1,School Board Member,Position 1,Non-partisan,Election,4
ocd-division/country:us/state:or/school_district:la_grande_school_district_1/board_district:zone_2,School Board Member,Position 2,Non-partisan,Election,4
ocd-division/country:us/state:or/school_district:la_grande_school_district_1/board_district:zone_3,School Board Member,Position 4,Non-partisan,Election,4
ocd-division/country:us/state:or/school_district:la_grande_school_district_1/board_district:zone_3,School Board Member,Position 5,Non-partisan,Election,4
ocd-division/country:us/state:or/school_district:la_grande_school_district_1/board_district:zone_3,School Board Member,Position 6,Non-partisan,Election,4
ocd-division/country:us/state:or/school_district:la_grande_school_district_1/board_district:zone_3,School Board Member,Position 6,Non-partisan,Election,4
ocd-division/country:us/state:or/school_district:la_grande_school_district_1/board_district:zone_3,School Board Member,Position 7,Non-partisan,Election,4
ocd-division/country:us/state:or/school_district:lake_co_school_district_7,School Board Member,Position 1,Non-partisan,Election,4
ocd-division/country:us/state:or/school_district:lake_co_school_district_7,School Board Member,Position 2,Non-partisan,Election,4
ocd-division/country:us/state:or/school_district:lake_co_school_district_7,School Board Member,Position 3,Non-partisan,Election,4
ocd-division/country:us/state:or/school_district:lake_co_school_district_7,School Board Member,Position 4,Non-partisan,Election,4
ocd-division/country:us/state:or/school_district:lake_co_school_district_7,School Board Member,Position 5,Non-partisan,Election,4
ocd-division/country:us/state:or/school_district:lake_education_service_district,Education Service District Director,,Non-partisan,Election,4
ocd-division/country:us/state:or/school_district:lake_education_service_district,Education Service District Director,,Non-partisan,Election,4
ocd-division/country:us/state:or/school_district:lake_education_service_district/board_district:zone_1,Education Service District Director,,Non-partisan,Election,4
ocd-division/country:us/state:or/school_district:lake_education_service_district/board_district:zone_2,Education Service District Director,,Non-partisan,Election,4
ocd-division/country:us/state:or/school_district:lake_education_service_district/board_district:zone_3,Education Service District Director,,Non-partisan,Election,4
ocd-division/country:us/state:or/school_district:lake_education_service_district/board_district:zone_4,Education Service District Director,,Non-partisan,Election,4
ocd-division/country:us/state:or/school_district:lake_education_service_district/board_district:zone_5,Education Service District Director,,Non-partisan,Election,4
ocd-division/country:us/state:or/school_district:lake_oswego_school_district_7_j,School Board Member,Position 1,Non-partisan,Election,4
ocd-division/country:us/state:or/school_district:lake_oswego_school_district_7_j,School Board Member,Position 2,Non-partisan,Election,4
ocd-division/country:us/state:or/school_district:lake_oswego_school_district_7_j,School Board Member,Position 3,Non-partisan,Election,4
ocd-division/country:us/state:or/school_district:lake_oswego_school_district_7_j,School Board Member,Position 4,Non-partisan,Election,4
ocd-division/country:us/state:or/school_district:lake_oswego_school_district_7_j,School Board Member,Position 5,Non-partisan,Election,4
ocd-division/country:us/state:or/school_district:lane_community_college/board_district:zone_1,Community College District Director,,Non-partisan,Election,4
ocd-division/country:us/state:or/school_district:lane_community_college/board_district:zone_2,Community College District Director,,Non-partisan,Election,4
ocd-division/country:us/state:or/school_district:lane_community_college/board_district:zone_3,Community College District Director,,Non-partisan,Election,4
ocd-division/country:us/state:or/school_district:lane_community_college/board_district:zone_4,Community College District Director,,Non-partisan,Election,4
ocd-division/country:us/state:or/school_district:lane_community_college/board_district:zone_5,Community College District Director,,Non-partisan,Election,4
ocd-division/country:us/state:or/school_district:lane_community_college/board_district:zone_6,Community College District Director,,Non-partisan,Election,4
ocd-division/country:us/state:or/school_district:lane_community_college/board_district:zone_7,Community College District Director,,Non-partisan,Election,4
ocd-division/country:us/state:or/school_district:lane_education_service_district,Education Service District Director,Position 6,Non-partisan,Election,4
ocd-division/country:us/state:or/school_district:lane_education_service_district,Education Service District Director,Position 7,Non-partisan,Election,4
ocd-division/country:us/state:or/school_district:lane_education_service_district/board_district:zone_1,Education Service District Director,Position 1,Non-partisan,Election,4
ocd-division/country:us/state:or/school_district:lane_education_service_district/board_district:zone_2,Education Service District Director,Position 2,Non-partisan,Election,4
ocd-division/country:us/state:or/school_district:lane_education_service_district/board_district:zone_3,Education Service District Director,Position 3,Non-partisan,Election,4
ocd-division/country:us/state:or/school_district:lane_education_service_district/board_district:zone_4,Education Service District Director,Position 4,Non-partisan,Election,4
ocd-division/country:us/state:or/school_district:lane_education_service_district/board_district:zone_5,Education Service District Director,Position 5,Non-partisan,Election,4
ocd-division/country:us/state:or/school_district:lebanon_comm_school_district_9/board_district:zone_1,School Board Member,,Non-partisan,Election,4
ocd-division/country:us/state:or/school_district:lebanon_comm_school_district_9/board_district:zone_2,School Board Member,,Non-partisan,Election,4
ocd-division/country:us/state:or/school_district:lebanon_comm_school_district_9/board_district:zone_3,School Board Member,,Non-partisan,Election,4
ocd-division/country:us/state:or/school_district:lebanon_comm_school_district_9/board_district:zone_4,School Board Member,,Non-partisan,Election,4
ocd-division/country:us/state:or/school_district:lebanon_comm_school_district_9/board_district:zone_5,School Board Member,,Non-partisan,Election,4
ocd-division/country:us/state:or/school_district:lincoln_co_school_district/board_district:zone_1,School Board Member,,Non-partisan,Election,4
ocd-division/country:us/state:or/school_district:lincoln_co_school_district/board_district:zone_2,School Board Member,,Non-partisan,Election,4
ocd-division/country:us/state:or/school_district:lincoln_co_school_district/board_district:zone_3,School Board Member,,Non-partisan,Election,4
ocd-division/country:us/state:or/school_district:lincoln_co_school_district/board_district:zone_4,School Board Member,,Non-partisan,Election,4
ocd-division/country:us/state:or/school_district:lincoln_co_school_district/board_district:zone_5,School Board Member,,Non-partisan,Election,4
ocd-division/country:us/state:or/school_district:linn-benton-lincoln_education_service_district/board_district:zone_1,Education Service District Director,,Non-partisan,Election,4
ocd-division/country:us/state:or/school_district:linn-benton-lincoln_education_service_district/board_district:zone_2,Education Service District Director,,Non-partisan,Election,4
ocd-division/country:us/state:or/school_district:linn-benton-lincoln_education_service_district/board_district:zone_4,Education Service District Director,,Non-partisan,Election,4
ocd-division/country:us/state:or/school_district:linn-benton-lincoln_education_service_district/board_district:zone_5,Education Service District Director,,Non-partisan,Election,4
ocd-division/country:us/state:or/school_district:linn-benton-lincoln_education_service_district/board_district:zone_6,Education Service District Director,,Non-partisan,Election,4
ocd-division/country:us/state:or/school_district:linn-benton-lincoln_education_service_district/board_district:zone_7,Education Service District Director,,Non-partisan,Election,4
ocd-division/country:us/state:or/school_district:long_creek_school_district_17,School Board Member,Position 2,Non-partisan,Election,4
ocd-division/country:us/state:or/school_district:long_creek_school_district_17,School Board Member,Position 3,Non-partisan,Election,4
ocd-division/country:us/state:or/school_district:long_creek_school_district_17,School Board Member,Position 4,Non-partisan,Election,4
ocd-division/country:us/state:or/school_district:long_creek_school_district_17,School Board Member,Position 5,Non-partisan,Election,4
ocd-division/country:us/state:or/school_district:lowell_school_district_71,School Board Member,Position 1,Non-partisan,Election,4
ocd-division/country:us/state:or/school_district:lowell_school_district_71,School Board Member,Position 2,Non-partisan,Election,4
ocd-division/country:us/state:or/school_district:lowell_school_district_71,School Board Member,Position 3,Non-partisan,Election,4
ocd-division/country:us/state:or/school_district:lowell_school_district_71,School Board Member,Position 4,Non-partisan,Election,4
ocd-division/country:us/state:or/school_district:lowell_school_district_71,School Board Member,Position 5,Non-partisan,Election,4
ocd-division/country:us/state:or/school_district:malheur_education_service_district,Education Service District Director,,Non-partisan,Election,4
ocd-division/country:us/state:or/school_district:malheur_education_service_district,Education Service District Director,,Non-partisan,Election,4
ocd-division/country:us/state:or/school_district:malheur_education_service_district/board_district:zone_1,Education Service District Director,,Non-partisan,Election,4
ocd-division/country:us/state:or/school_district:malheur_education_service_district/board_district:zone_2,Education Service District Director,,Non-partisan,Election,4
ocd-division/country:us/state:or/school_district:malheur_education_service_district/board_district:zone_3,Education Service District Director,,Non-partisan,Election,4
ocd-division/country:us/state:or/school_district:malheur_education_service_district/board_district:zone_4,Education Service District Director,,Non-partisan,Election,4
ocd-division/country:us/state:or/school_district:malheur_education_service_district/board_district:zone_5,Education Service District Director,,Non-partisan,Election,4
ocd-division/country:us/state:or/school_district:mapleton_school_district_32,School Board Member,Position 1,Non-partisan,Election,4
ocd-division/country:us/state:or/school_district:mapleton_school_district_32,School Board Member,Position 2,Non-partisan,Election,4
ocd-division/country:us/state:or/school_district:mapleton_school_district_32,School Board Member,Position 3,Non-partisan,Election,4
ocd-division/country:us/state:or/school_district:mapleton_school_district_32,School Board Member,Position 4,Non-partisan,Election,4
ocd-division/country:us/state:or/school_district:mapleton_school_district_32,School Board Member,Position 5,Non-partisan,Election,4
ocd-division/country:us/state:or/school_district:marcola_school_district_79_j,School Board Member,,Non-partisan,Election,4
ocd-division/country:us/state:or/school_district:marcola_school_district_79_j,School Board Member,,Non-partisan,Election,4
ocd-division/country:us/state:or/school_district:marcola_school_district_79_j,School Board Member,,Non-partisan,Election,4
ocd-division/country:us/state:or/school_district:marcola_school_district_79_j,School Board Member,Position 1,Non-partisan,Election,4
ocd-division/country:us/state:or/school_district:marcola_school_district_79_j,School Board Member,Position 2,Non-partisan,Election,4
ocd-division/country:us/state:or/school_district:marcola_school_district_79_j,School Board Member,Position 4,Non-partisan,Election,4
ocd-division/country:us/state:or/school_district:marcola_school_district_79_j,School Board Member,Position 5,Non-partisan,Election,4
ocd-division/country:us/state:or/school_district:mcdermitt_school_district_51,School Board Member,Position 1,Non-partisan,Election,4
ocd-division/country:us/state:or/school_district:mcdermitt_school_district_51,School Board Member,Position 2,Non-partisan,Election,4
ocd-division/country:us/state:or/school_district:mcdermitt_school_district_51,School Board Member,Position 3,Non-partisan,Election,4
ocd-division/country:us/state:or/school_district:mcdermitt_school_district_51,School Board Member,Position 5,Non-partisan,Election,4
ocd-division/country:us/state:or/school_district:mckenzie_school_district_68,School Board Member,,Non-partisan,Election,4
ocd-division/country:us/state:or/school_district:mckenzie_school_district_68,School Board Member,Position 1,Non-partisan,Election,4
ocd-division/country:us/state:or/school_district:mckenzie_school_district_68,School Board Member,Position 3,Non-partisan,Election,4
ocd-division/country:us/state:or/school_district:mckenzie_school_district_68,School Board Member,Position 4,Non-partisan,Election,4
ocd-division/country:us/state:or/school_district:mckenzie_school_district_68,School Board Member,Position 5,Non-partisan,Election,4
ocd-division/country:us/state:or/school_district:mckenzie_school_district_68,School Board Member,Position 6,Non-partisan,Election,4
ocd-division/country:us/state:or/school_district:mckenzie_school_district_68,School Board Member,Position 7,Non-partisan,Election,4
ocd-division/country:us/state:or/school_district:mcminnville_school_district_40,School Board Member,Position 1,Non-partisan,Election,4
ocd-division/country:us/state:or/school_district:mcminnville_school_district_40,School Board Member,Position 2,Non-partisan,Election,4
ocd-division/country:us/state:or/school_district:mcminnville_school_district_40,School Board Member,Position 3,Non-partisan,Election,4
ocd-division/country:us/state:or/school_district:mcminnville_school_district_40,School Board Member,Position 4,Non-partisan,Election,4
ocd-division/country:us/state:or/school_district:mcminnville_school_district_40,School Board Member,Position 5,Non-partisan,Election,4
ocd-division/country:us/state:or/school_district:mcminnville_school_district_40,School Board Member,Position 6,Non-partisan,Election,4
ocd-division/country:us/state:or/school_district:mcminnville_school_district_40,School Board Member,Position 7,Non-partisan,Election,4
ocd-division/country:us/state:or/school_district:medford_school_district_549c,School Board Member,Position 1,Non-partisan,Election,4
ocd-division/country:us/state:or/school_district:medford_school_district_549c,School Board Member,Position 2,Non-partisan,Election,4
ocd-division/country:us/state:or/school_district:medford_school_district_549c,School Board Member,Position 3,Non-partisan,Election,4
ocd-division/country:us/state:or/school_district:medford_school_district_549c,School Board Member,Position 4,Non-partisan,Election,4
ocd-division/country:us/state:or/school_district:medford_school_district_549c,School Board Member,Position 5,Non-partisan,Election,4
ocd-division/country:us/state:or/school_district:medford_school_district_549c,School Board Member,Position 6,Non-partisan,Election,4
ocd-division/country:us/state:or/school_district:medford_school_district_549c,School Board Member,Position 7,Non-partisan,Election,4
ocd-division/country:us/state:or/school_district:milton_freewater_unified_sd_7,School Board Member,Position 1,Non-partisan,Election,4
ocd-division/country:us/state:or/school_district:milton_freewater_unified_sd_7,School Board Member,Position 2,Non-partisan,Election,4
ocd-division/country:us/state:or/school_district:milton_freewater_unified_sd_7,School Board Member,Position 3,Non-partisan,Election,4
ocd-division/country:us/state:or/school_district:milton_freewater_unified_sd_7,School Board Member,Position 4,Non-partisan,Election,4
ocd-division/country:us/state:or/school_district:milton_freewater_unified_sd_7,School Board Member,Position 5,Non-partisan,Election,4
ocd-division/country:us/state:or/school_district:milton_freewater_unified_sd_7,School Board Member,Position 6,Non-partisan,Election,4
ocd-division/country:us/state:or/school_district:milton_freewater_unified_sd_7,School Board Member,Position 7,Non-partisan,Election,4
ocd-division/country:us/state:or/school_district:mitchell_school_district_55,School Board Member,Position 1,Non-partisan,Election,4
ocd-division/country:us/state:or/school_district:mitchell_school_district_55,School Board Member,Position 2,Non-partisan,Election,4
ocd-division/country:us/state:or/school_district:mitchell_school_district_55,School Board Member,Position 3,Non-partisan,Election,4
ocd-division/country:us/state:or/school_district:mitchell_school_district_55,School Board Member,Position 4,Non-partisan,Election,4
ocd-division/country:us/state:or/school_district:mitchell_school_district_55,School Board Member,Position 5,Non-partisan,Election,4
ocd-division/country:us/state:or/school_district:molalla_river_school_district_35,School Board Member,Position 1,Non-partisan,Election,4
ocd-division/country:us/state:or/school_district:molalla_river_school_district_35,School Board Member,Position 2,Non-partisan,Election,4
ocd-division/country:us/state:or/school_district:molalla_river_school_district_35,School Board Member,Position 3,Non-partisan,Election,4
ocd-division/country:us/state:or/school_district:molalla_river_school_district_35,School Board Member,Position 4,Non-partisan,Election,4
ocd-division/country:us/state:or/school_district:molalla_river_school_district_35,School Board Member,Position 5,Non-partisan,Election,4
ocd-division/country:us/state:or/school_district:molalla_river_school_district_35,School Board Member,Position 6,Non-partisan,Election,4
ocd-division/country:us/state:or/school_district:molalla_river_school_district_35,School Board Member,Position 7,Non-partisan,Election,4
ocd-division/country:us/state:or/school_district:monroe_school_district_1_j/board_district:zone_1,School Board Member,,Non-partisan,Election,4
ocd-division/country:us/state:or/school_district:monroe_school_district_1_j/board_district:zone_2,School Board Member,,Non-partisan,Election,4
ocd-division/country:us/state:or/school_district:monroe_school_district_1_j/board_district:zone_3,School Board Member,,Non-partisan,Election,4
ocd-division/country:us/state:or/school_district:monroe_school_district_1_j/board_district:zone_4,School Board Member,,Non-partisan,Election,4
ocd-division/country:us/state:or/school_district:monroe_school_district_1_j/board_district:zone_5,School Board Member,,Non-partisan,Election,4
ocd-division/country:us/state:or/school_district:monument_school_district_8,School Board Member,Position 1,Non-partisan,Election,4
ocd-division/country:us/state:or/school_district:monument_school_district_8,School Board Member,Position 2,Non-partisan,Election,4
ocd-division/country:us/state:or/school_district:monument_school_district_8,School Board Member,Position 3,Non-partisan,Election,4
ocd-division/country:us/state:or/school_district:monument_school_district_8,School Board Member,Position 4,Non-partisan,Election,4
ocd-division/country:us/state:or/school_district:monument_school_district_8,School Board Member,Position 5,Non-partisan,Election,4
ocd-division/country:us/state:or/school_district:monument_school_district_8,School Board Member,Position 6,Non-partisan,Election,4
ocd-division/country:us/state:or/school_district:monument_school_district_8,School Board Member,Position 7,Non-partisan,Election,4
ocd-division/country:us/state:or/school_district:morrow_co_school_district_1,School Board Member,Position 1,Non-partisan,Election,4
ocd-division/country:us/state:or/school_district:morrow_co_school_district_1,School Board Member,Position 2,Non-partisan,Election,
ocd-division/country:us/state:or/school_district:morrow_co_school_district_1,School Board Member,Position 3,Non-partisan,Election,4
ocd-division/country:us/state:or/school_district:morrow_co_school_district_1,School Board Member,Position 4,Non-partisan,Election,4
ocd-division/country:us/state:or/school_district:morrow_co_school_district_1,School Board Member,Position 5,Non-partisan,Election,4
ocd-division/country:us/state:or/school_district:morrow_co_school_district_1,School Board Member,Position 6,Non-partisan,Election,2
ocd-division/country:us/state:or/school_district:morrow_co_school_district_1,School Board Member,Position 7,Non-partisan,Election,2
ocd-division/country:us/state:or/school_district:mt_angel_school_district_91,School Board Member,Position 1,Non-partisan,Election,4
ocd-division/country:us/state:or/school_district:mt_angel_school_district_91,School Board Member,Position 2,Non-partisan,Election,4
ocd-division/country:us/state:or/school_district:mt_angel_school_district_91,School Board Member,Position 3,Non-partisan,Election,4
ocd-division/country:us/state:or/school_district:mt_angel_school_district_91,School Board Member,Position 4,Non-partisan,Election,4
ocd-division/country:us/state:or/school_district:mt_angel_school_district_91,School Board Member,Position 5,Non-partisan,Election,4
ocd-division/country:us/state:or/school_district:mt_hood_community_college/board_district:zone_1,Community College District Director,,Non-partisan,Election,4
ocd-division/country:us/state:or/school_district:mt_hood_community_college/board_district:zone_2,Community College District Director,,Non-partisan,Election,4
ocd-division/country:us/state:or/school_district:mt_hood_community_college/board_district:zone_3,Community College District Director,,Non-partisan,Election,4
ocd-division/country:us/state:or/school_district:mt_hood_community_college/board_district:zone_4,Community College District Director,,Non-partisan,Election,4
ocd-division/country:us/state:or/school_district:mt_hood_community_college/board_district:zone_5,Community College District Director,,Non-partisan,Election,4
ocd-division/country:us/state:or/school_district:mt_hood_community_college/board_district:zone_6,Community College District Director,,Non-partisan,Election,4
ocd-division/country:us/state:or/school_district:mt_hood_community_college/board_district:zone_7,Community College District Director,,Non-partisan,Election,4
ocd-division/country:us/state:or/school_district:multnomah_county_education_service_district,Education Service District Director,Position 2,Non-partisan,Election,4
ocd-division/country:us/state:or/school_district:multnomah_county_education_service_district,Education Service District Director,Position 6,Non-partisan,Election,4
ocd-division/country:us/state:or/school_district:multnomah_county_education_service_district/board_district:zone_1,Education Service District Director,Position 5,Non-partisan,Election,4
ocd-division/country:us/state:or/school_district:multnomah_county_education_service_district/board_district:zone_2,Education Service District Director,Position 3,Non-partisan,Election,4
ocd-division/country:us/state:or/school_district:multnomah_county_education_service_district/board_district:zone_3,Education Service District Director,Position 7,Non-partisan,Election,4
ocd-division/country:us/state:or/school_district:multnomah_county_education_service_district/board_district:zone_4,Education Service District Director,Position 4,Non-partisan,Election,4
ocd-division/country:us/state:or/school_district:multnomah_county_education_service_district/board_district:zone_5,Education Service District Director,Position 1,Non-partisan,Election,4
ocd-division/country:us/state:or/school_district:myrtle_point_school_district_41,School Board Member,Position 1,Non-partisan,Election,4
ocd-division/country:us/state:or/school_district:myrtle_point_school_district_41,School Board Member,Position 2,Non-partisan,Election,4
ocd-division/country:us/state:or/school_district:myrtle_point_school_district_41,School Board Member,Position 3,Non-partisan,Election,4
ocd-division/country:us/state:or/school_district:myrtle_point_school_district_41,School Board Member,Position 4,Non-partisan,Election,4
ocd-division/country:us/state:or/school_district:myrtle_point_school_district_41,School Board Member,Position 5,Non-partisan,Election,4
ocd-division/country:us/state:or/school_district:myrtle_point_school_district_41,School Board Member,Position 6,Non-partisan,Election,4
ocd-division/country:us/state:or/school_district:myrtle_point_school_district_41,School Board Member,Position 7,Non-partisan,Election,4
ocd-division/country:us/state:or/school_district:neah_kah_nie_school_district_56/board_district:zone_1,School Board Member,,Non-partisan,Election,4
ocd-division/country:us/state:or/school_district:neah_kah_nie_school_district_56/board_district:zone_2,School Board Member,,Non-partisan,Election,4
ocd-division/country:us/state:or/school_district:neah_kah_nie_school_district_56/board_district:zone_3,School Board Member,,Non-partisan,Election,4
ocd-division/country:us/state:or/school_district:neah_kah_nie_school_district_56/board_district:zone_4,School Board Member,,Non-partisan,Election,4
ocd-division/country:us/state:or/school_district:neah_kah_nie_school_district_56/board_district:zone_5,School Board Member,,Non-partisan,Election,4
ocd-division/country:us/state:or/school_district:neah_kah_nie_school_district_56/board_district:zone_6,School Board Member,,Non-partisan,Election,4
ocd-division/country:us/state:or/school_district:neah_kah_nie_school_district_56/board_district:zone_7,School Board Member,,Non-partisan,Election,4
ocd-division/country:us/state:or/school_district:nestucca_valley_school_district_101,School Board Member,Position 1,Non-partisan,Election,2
ocd-division/country:us/state:or/school_district:nestucca_valley_school_district_101,School Board Member,Position 2,Non-partisan,Election,2
ocd-division/country:us/state:or/school_district:nestucca_valley_school_district_101,School Board Member,Position 3,Non-partisan,Election,4
ocd-division/country:us/state:or/school_district:nestucca_valley_school_district_101,School Board Member,Position 4,Non-partisan,Election,4
ocd-division/country:us/state:or/school_district:nestucca_valley_school_district_101,School Board Member,Position 5,Non-partisan,Election,4
ocd-division/country:us/state:or/school_district:newberg_school_district_29_j/board_district:zone_1,School Board Member,,Non-partisan,Election,4
ocd-division/country:us/state:or/school_district:newberg_school_district_29_j/board_district:zone_2,School Board Member,,Non-partisan,Election,4
ocd-division/country:us/state:or/school_district:newberg_school_district_29_j/board_district:zone_3,School Board Member,,Non-partisan,Election,4
ocd-division/country:us/state:or/school_district:newberg_school_district_29_j/board_district:zone_4,School Board Member,,Non-partisan,Election,4
ocd-division/country:us/state:or/school_district:newberg_school_district_29_j/board_district:zone_5,School Board Member,,Non-partisan,Election,4
ocd-division/country:us/state:or/school_district:newberg_school_district_29_j/board_district:zone_6,School Board Member,,Non-partisan,Election,4
ocd-division/country:us/state:or/school_district:newberg_school_district_29_j/board_district:zone_7,School Board Member,,Non-partisan,Election,4
ocd-division/country:us/state:or/school_district:north_bend_school_district_13,School Board Member,Position 1,Non-partisan,Election,4
ocd-division/country:us/state:or/school_district:north_bend_school_district_13,School Board Member,Position 2,Non-partisan,Election,4
ocd-division/country:us/state:or/school_district:north_bend_school_district_13,School Board Member,Position 3,Non-partisan,Election,4
ocd-division/country:us/state:or/school_district:north_bend_school_district_13,School Board Member,Position 4,Non-partisan,Election,4
ocd-division/country:us/state:or/school_district:north_bend_school_district_13,School Board Member,Position 5,Non-partisan,Election,4
ocd-division/country:us/state:or/school_district:north_bend_school_district_13,School Board Member,Position 6,Non-partisan,Election,4
ocd-division/country:us/state:or/school_district:north_bend_school_district_13,School Board Member,Position 7,Non-partisan,Election,4
ocd-division/country:us/state:or/school_district:north_central_education_service_district/board_district:zone_1,Education Service District Director,,Non-partisan,Election,4
ocd-division/country:us/state:or/school_district:north_central_education_service_district/board_district:zone_2,Education Service District Director,,Non-partisan,Election,4
ocd-division/country:us/state:or/school_district:north_central_education_service_district/board_district:zone_4,Education Service District Director,,Non-partisan,Election,4
ocd-division/country:us/state:or/school_district:north_central_education_service_district/board_district:zone_5,Education Service District Director,,Non-partisan,Election,4
ocd-division/country:us/state:or/school_district:north_central_education_service_district/board_district:zone_6,Education Service District Director,,Non-partisan,Election,4
ocd-division/country:us/state:or/school_district:north_central_education_service_district/board_district:zone_7,Education Service District Director,,Non-partisan,Election,4
ocd-division/country:us/state:or/school_district:north_clackamas_school_district_12,School Board Member,,Non-partisan,Election,4
ocd-division/country:us/state:or/school_district:north_clackamas_school_district_12,School Board Member,Position 1,Non-partisan,Election,4
ocd-division/country:us/state:or/school_district:north_clackamas_school_district_12,School Board Member,Position 2,Non-partisan,Election,4
ocd-division/country:us/state:or/school_district:north_clackamas_school_district_12,School Board Member,Position 3,Non-partisan,Election,4
ocd-division/country:us/state:or/school_district:north_clackamas_school_district_12,School Board Member,Position 4,Non-partisan,Election,4
ocd-division/country:us/state:or/school_district:north_clackamas_school_district_12,School Board Member,Position 5,Non-partisan,Election,4
ocd-division/country:us/state:or/school_district:north_clackamas_school_district_12,School Board Member,Position 6,Non-partisan,Election,4
ocd-division/country:us/state:or/school_district:north_douglas_school_district_22,School Board Member,,Non-partisan,Election,4
ocd-division/country:us/state:or/school_district:north_douglas_school_district_22,School Board Member,,Non-partisan,Election,4
ocd-division/country:us/state:or/school_district:north_douglas_school_district_22,School Board Member,Position 2,Non-partisan,Election,4
ocd-division/country:us/state:or/school_district:north_douglas_school_district_22,School Board Member,Position 3,Non-partisan,Election,4
ocd-division/country:us/state:or/school_district:north_douglas_school_district_22,School Board Member,Position 4,Non-partisan,Election,4
ocd-division/country:us/state:or/school_district:north_lake_school_district_14,School Board Member,Position 1,Non-partisan,Election,4
ocd-division/country:us/state:or/school_district:north_lake_school_district_14,School Board Member,Position 2,Non-partisan,Election,4
ocd-division/country:us/state:or/school_district:north_lake_school_district_14,School Board Member,Position 3,Non-partisan,Election,4
ocd-division/country:us/state:or/school_district:north_lake_school_district_14,School Board Member,Position 4,Non-partisan,Election,4
ocd-division/country:us/state:or/school_district:north_lake_school_district_14,School Board Member,Position 5,Non-partisan,Election,4
ocd-division/country:us/state:or/school_district:north_marion_school_district_15,School Board Member,Position 1,Non-partisan,Election,4
ocd-division/country:us/state:or/school_district:north_marion_school_district_15,School Board Member,Position 2,Non-partisan,Election,4
ocd-division/country:us/state:or/school_district:north_marion_school_district_15,School Board Member,Position 3,Non-partisan,Election,4
ocd-division/country:us/state:or/school_district:north_marion_school_district_15,School Board Member,Position 4,Non-partisan,Election,4
ocd-division/country:us/state:or/school_district:north_marion_school_district_15,School Board Member,Position 5,Non-partisan,Election,4
ocd-division/country:us/state:or/school_district:north_marion_school_district_15,School Board Member,Position 6,Non-partisan,Election,2
ocd-division/country:us/state:or/school_district:north_marion_school_district_15,School Board Member,Position 7,Non-partisan,Election,4
ocd-division/country:us/state:or/school_district:north_powder_school_district_8j,School Board Member,,Non-partisan,Election,4
ocd-division/country:us/state:or/school_district:north_powder_school_district_8j,School Board Member,,Non-partisan,Election,4
ocd-division/country:us/state:or/school_district:north_powder_school_district_8j,School Board Member,,Non-partisan,Election,4
ocd-division/country:us/state:or/school_district:north_powder_school_district_8j,School Board Member,Position 1,Non-partisan,Election,4
ocd-division/country:us/state:or/school_district:north_powder_school_district_8j,School Board Member,Position 2,Non-partisan,Election,4
ocd-division/country:us/state:or/school_district:north_santiam_sd_29_j,School Board Member,Position 5,Non-partisan,Election,4
ocd-division/country:us/state:or/school_district:north_santiam_sd_29_j,School Board Member,Position 7,Non-partisan,Election,4
ocd-division/country:us/state:or/school_district:north_santiam_sd_29_j/board_district:zone_1,School Board Member,Position 1,Non-partisan,Election,4
ocd-division/country:us/state:or/school_district:north_santiam_sd_29_j/board_district:zone_2,School Board Member,Position 2,Non-partisan,Election,4
ocd-division/country:us/state:or/school_district:north_santiam_sd_29_j/board_district:zone_2,School Board Member,Position 3,Non-partisan,Election,4
ocd-division/country:us/state:or/school_district:north_santiam_sd_29_j/board_district:zone_2,School Board Member,Position 6,Non-partisan,Election,4
ocd-division/country:us/state:or/school_district:north_santiam_sd_29_j/board_district:zone_3,School Board Member,Position 4,Non-partisan,Election,4
ocd-division/country:us/state:or/school_district:north_wasco_county_school_district_21/board_district:zone_1,School Board Member,,Non-partisan,Election,4
ocd-division/country:us/state:or/school_district:north_wasco_county_school_district_21/board_district:zone_2,School Board Member,,Non-partisan,Election,4
ocd-division/country:us/state:or/school_district:north_wasco_county_school_district_21/board_district:zone_3,School Board Member,,Non-partisan,Election,4
ocd-division/country:us/state:or/school_district:north_wasco_county_school_district_21/board_district:zone_4,School Board Member,,Non-partisan,Election,4
ocd-division/country:us/state:or/school_district:north_wasco_county_school_district_21/board_district:zone_5,School Board Member,,Non-partisan,Election,2
ocd-division/country:us/state:or/school_district:north_wasco_county_school_district_21/board_district:zone_6,School Board Member,,Non-partisan,Election,4
ocd-division/country:us/state:or/school_district:north_wasco_county_school_district_21/board_district:zone_7,School Board Member,,Non-partisan,Election,4
ocd-division/country:us/state:or/school_district:northwest_regional_education_service_district,Education Service District Director,,N/A,Appointment,N/A
ocd-division/country:us/state:or/school_district:northwest_regional_education_service_district,Education Service District Director,,N/A,Appointment,N/A
ocd-division/country:us/state:or/school_district:northwest_regional_education_service_district,Education Service District Director,,N/A,Appointment,N/A
ocd-division/country:us/state:or/school_district:northwest_regional_education_service_district,Education Service District Director,,N/A,Appointment,N/A
ocd-division/country:us/state:or/school_district:northwest_regional_education_service_district/board_district:zone_1,Education Service District Director,,N/A,Appointment,N/A
ocd-division/country:us/state:or/school_district:northwest_regional_education_service_district/board_district:zone_2,Education Service District Director,,N/A,Appointment,N/A
ocd-division/country:us/state:or/school_district:northwest_regional_education_service_district/board_district:zone_3,Education Service District Director,,N/A,Appointment,N/A
ocd-division/country:us/state:or/school_district:northwest_regional_education_service_district/board_district:zone_4,Education Service District Director,,N/A,Appointment,N/A
ocd-division/country:us/state:or/school_district:northwest_regional_education_service_district/board_district:zone_5,Education Service District Director,,N/A,Appointment,N/A
ocd-division/country:us/state:or/school_district:nyssa_school_district_26,School Board Member,Position 1,Non-partisan,Election,4
ocd-division/country:us/state:or/school_district:nyssa_school_district_26,School Board Member,Position 2,Non-partisan,Election,4
ocd-division/country:us/state:or/school_district:nyssa_school_district_26,School Board Member,Position 3,Non-partisan,Election,4
ocd-division/country:us/state:or/school_district:nyssa_school_district_26,School Board Member,Position 4,Non-partisan,Election,4
ocd-division/country:us/state:or/school_district:nyssa_school_district_26,School Board Member,Position 5,Non-partisan,Election,4
ocd-division/country:us/state:or/school_district:nyssa_school_district_26,School Board Member,Position 6,Non-partisan,Election,4
ocd-division/country:us/state:or/school_district:nyssa_school_district_26,School Board Member,Position 7,Non-partisan,Election,4
ocd-division/country:us/state:or/school_district:oakland_school_district_1,School Board Member,,Non-partisan,Election,4
ocd-division/country:us/state:or/school_district:oakland_school_district_1,School Board Member,Position 1,Non-partisan,Election,4
ocd-division/country:us/state:or/school_district:oakland_school_district_1,School Board Member,Position 2,Non-partisan,Election,4
ocd-division/country:us/state:or/school_district:oakland_school_district_1,School Board Member,Position 3,Non-partisan,Election,4
ocd-division/country:us/state:or/school_district:oakland_school_district_1,School Board Member,Position 4,Non-partisan,Election,2
ocd-division/country:us/state:or/school_district:oakridge_school_district_76,School Board Member,Position 1,Non-partisan,Election,4
ocd-division/country:us/state:or/school_district:oakridge_school_district_76,School Board Member,Position 2,Non-partisan,Election,4
ocd-division/country:us/state:or/school_district:oakridge_school_district_76,School Board Member,Position 3,Non-partisan,Election,4
ocd-division/country:us/state:or/school_district:oakridge_school_district_76,School Board Member,Position 4,Non-partisan,Election,4
ocd-division/country:us/state:or/school_district:oakridge_school_district_76,School Board Member,Position 5,Non-partisan,Election,4
ocd-division/country:us/state:or/school_district:ontario_school_district_8c,School Board Member,Position 1,Non-partisan,Election,4
ocd-division/country:us/state:or/school_district:ontario_school_district_8c,School Board Member,Position 2,Non-partisan,Election,4
ocd-division/country:us/state:or/school_district:ontario_school_district_8c,School Board Member,Position 3,Non-partisan,Election,4
ocd-division/country:us/state:or/school_district:ontario_school_district_8c,School Board Member,Position 4,Non-partisan,Election,4
ocd-division/country:us/state:or/school_district:ontario_school_district_8c,School Board Member,Position 5,Non-partisan,Election,4
ocd-division/country:us/state:or/school_district:oregon_city_school_district_62,School Board Member,Position 1,Non-partisan,Election,4
ocd-division/country:us/state:or/school_district:oregon_city_school_district_62,School Board Member,Position 2,Non-partisan,Election,4
ocd-division/country:us/state:or/school_district:oregon_city_school_district_62,School Board Member,Position 3,Non-partisan,Election,4
ocd-division/country:us/state:or/school_district:oregon_city_school_district_62,School Board Member,Position 4,Non-partisan,Election,4
ocd-division/country:us/state:or/school_district:oregon_city_school_district_62,School Board Member,Position 5,Non-partisan,Election,4
ocd-division/country:us/state:or/school_district:oregon_city_school_district_62,School Board Member,Position 6,Non-partisan,Election,4
ocd-division/country:us/state:or/school_district:oregon_city_school_district_62,School Board Member,Position 7,Non-partisan,Election,4
ocd-division/country:us/state:or/school_district:oregon_coast_community_college/board_district:zone_1,Community College District Director,,Non-partisan,Election,4
ocd-division/country:us/state:or/school_district:oregon_coast_community_college/board_district:zone_2,Community College District Director,,Non-partisan,Election,4
ocd-division/country:us/state:or/school_district:oregon_coast_community_college/board_district:zone_3,Community College District Director,,Non-partisan,Election,4
ocd-division/country:us/state:or/school_district:oregon_coast_community_college/board_district:zone_4,Community College District Director,,Non-partisan,Election,4
ocd-division/country:us/state:or/school_district:oregon_coast_community_college/board_district:zone_5,Community College District Director,,Non-partisan,Election,4
ocd-division/country:us/state:or/school_district:oregon_coast_community_college/board_district:zone_6,Community College District Director,,Non-partisan,Election,4
ocd-division/country:us/state:or/school_district:oregon_coast_community_college/board_district:zone_7,Community College District Director,,Non-partisan,Election,4
ocd-division/country:us/state:or/school_district:oregon_trail_school_district_46/board_district:zone_1,School Board Member,,Non-partisan,Election,4
ocd-division/country:us/state:or/school_district:oregon_trail_school_district_46/board_district:zone_2,School Board Member,,Non-partisan,Election,4
ocd-division/country:us/state:or/school_district:oregon_trail_school_district_46/board_district:zone_3,School Board Member,,Non-partisan,Election,2
ocd-division/country:us/state:or/school_district:oregon_trail_school_district_46/board_district:zone_4,School Board Member,,Non-partisan,Election,4
ocd-division/country:us/state:or/school_district:oregon_trail_school_district_46/board_district:zone_5,School Board Member,,Non-partisan,Election,4
ocd-division/country:us/state:or/school_district:oregon_trail_school_district_46/board_district:zone_6,School Board Member,,Non-partisan,Election,4
ocd-division/country:us/state:or/school_district:oregon_trail_school_district_46/board_district:zone_7,School Board Member,,Non-partisan,Election,4
ocd-division/country:us/state:or/school_district:paisley_school_district_11,School Board Member,Position 1,Non-partisan,Election,4
ocd-division/country:us/state:or/school_district:paisley_school_district_11,School Board Member,Position 2,Non-partisan,Election,4
ocd-division/country:us/state:or/school_district:paisley_school_district_11,School Board Member,Position 3,Non-partisan,Election,4
ocd-division/country:us/state:or/school_district:paisley_school_district_11,School Board Member,Position 4,Non-partisan,Election,4
ocd-division/country:us/state:or/school_district:paisley_school_district_11,School Board Member,Position 5,Non-partisan,Election,4
ocd-division/country:us/state:or/school_district:parkrose_school_district_3,School Board Member,Position 1,Non-partisan,Election,2
ocd-division/country:us/state:or/school_district:parkrose_school_district_3,School Board Member,Position 2,Non-partisan,Election,4
ocd-division/country:us/state:or/school_district:parkrose_school_district_3,School Board Member,Position 3,Non-partisan,Election,4
ocd-division/country:us/state:or/school_district:parkrose_school_district_3,School Board Member,Position 4,Non-partisan,Election,4
ocd-division/country:us/state:or/school_district:parkrose_school_district_3,School Board Member,Position 5,Non-partisan,Election,4
ocd-division/country:us/state:or/school_district:pendleton_school_district_16,School Board Member,Position 1,Non-partisan,Election,4
ocd-division/country:us/state:or/school_district:pendleton_school_district_16,School Board Member,Position 2,Non-partisan,Election,4
ocd-division/country:us/state:or/school_district:pendleton_school_district_16,School Board Member,Position 3,Non-partisan,Election,4
ocd-division/country:us/state:or/school_district:pendleton_school_district_16,School Board Member,Position 4,Non-partisan,Election,4
ocd-division/country:us/state:or/school_district:pendleton_school_district_16,School Board Member,Position 5,Non-partisan,Election,4
ocd-division/country:us/state:or/school_district:pendleton_school_district_16,School Board Member,Position 6,Non-partisan,Election,4
ocd-division/country:us/state:or/school_district:pendleton_school_district_16,School Board Member,Position 7,Non-partisan,Election,4
ocd-division/country:us/state:or/school_district:perrydale_school_district_21,School Board Member,Position 1,Non-partisan,Election,4
ocd-division/country:us/state:or/school_district:perrydale_school_district_21,School Board Member,Position 2,Non-partisan,Election,4
ocd-division/country:us/state:or/school_district:perrydale_school_district_21,School Board Member,Position 3,Non-partisan,Election,4
ocd-division/country:us/state:or/school_district:perrydale_school_district_21,School Board Member,Position 4,Non-partisan,Election,4
ocd-division/country:us/state:or/school_district:perrydale_school_district_21,School Board Member,Position 5,Non-partisan,Election,4
ocd-division/country:us/state:or/school_district:philomath_school_district_17j,School Board Member,Position 1,Non-partisan,Election,4
ocd-division/country:us/state:or/school_district:philomath_school_district_17j,School Board Member,Position 2,Non-partisan,Election,4
ocd-division/country:us/state:or/school_district:philomath_school_district_17j,School Board Member,Position 3,Non-partisan,Election,4
ocd-division/country:us/state:or/school_district:philomath_school_district_17j,School Board Member,Position 4,Non-partisan,Election,4
ocd-division/country:us/state:or/school_district:philomath_school_district_17j,School Board Member,Position 5,Non-partisan,Election,4
ocd-division/country:us/state:or/school_district:phoenix_talent_school_district_4/board_district:zone_1,School Board Member,Position 3,Non-partisan,Election,4
ocd-division/country:us/state:or/school_district:phoenix_talent_school_district_4/board_district:zone_1,School Board Member,Position 4,Non-partisan,Election,4
ocd-division/country:us/state:or/school_district:phoenix_talent_school_district_4/board_district:zone_1,School Board Member,Position 5,Non-partisan,Election,4
ocd-division/country:us/state:or/school_district:phoenix_talent_school_district_4/board_district:zone_2,School Board Member,Position 1,Non-partisan,Election,4
ocd-division/country:us/state:or/school_district:phoenix_talent_school_district_4/board_district:zone_2,School Board Member,Position 2,Non-partisan,Election,4
ocd-division/country:us/state:or/school_district:phoenix_talent_school_district_4/board_district:zone_2,School Board Member,Position 6,Non-partisan,Election,4
ocd-division/country:us/state:or/school_district:phoenix_talent_school_district_4/board_district:zone_2,School Board Member,Position 7,Non-partisan,Election,4
ocd-division/country:us/state:or/school_district:pilot_rock_school_district_2,School Board Member,Position 1,Non-partisan,Election,4
ocd-division/country:us/state:or/school_district:pilot_rock_school_district_2,School Board Member,Position 2,Non-partisan,Election,4
ocd-division/country:us/state:or/school_district:pilot_rock_school_district_2,School Board Member,Position 3,Non-partisan,Election,4
ocd-division/country:us/state:or/school_district:pilot_rock_school_district_2,School Board Member,Position 4,Non-partisan,Election,4
ocd-division/country:us/state:or/school_district:pilot_rock_school_district_2,School Board Member,Position 5,Non-partisan,Election,4
ocd-division/country:us/state:or/school_district:pilot_rock_school_district_2,School Board Member,Position 6,Non-partisan,Election,4
ocd-division/country:us/state:or/school_district:pilot_rock_school_district_2,School Board Member,Position 7,Non-partisan,Election,4
ocd-division/country:us/state:or/school_district:pine_creek_school_district_5,School Board Member,Position 2,Non-partisan,Election,4
ocd-division/country:us/state:or/school_district:pine_creek_school_district_5,School Board Member,Position 3,Non-partisan,Election,4
ocd-division/country:us/state:or/school_district:pine_creek_school_district_5,School Board Member,Position 4,Non-partisan,Election,4
ocd-division/country:us/state:or/school_district:pine_creek_school_district_5,School Board Member,Position 5,Non-partisan,Election,4
ocd-division/country:us/state:or/school_district:pine_eagle_school_district_61/board_district:zone_1,School Board Member,,Non-partisan,Election,4
ocd-division/country:us/state:or/school_district:pine_eagle_school_district_61/board_district:zone_2,School Board Member,,Non-partisan,Election,4
ocd-division/country:us/state:or/school_district:pine_eagle_school_district_61/board_district:zone_3,School Board Member,,Non-partisan,Election,4
ocd-division/country:us/state:or/school_district:pine_eagle_school_district_61/board_district:zone_4,School Board Member,,Non-partisan,Election,4
ocd-division/country:us/state:or/school_district:pine_eagle_school_district_61/board_district:zone_5,School Board Member,,Non-partisan,Election,4
ocd-division/country:us/state:or/school_district:pinehurst_school_district_94,School Board Member,Position 1,Non-partisan,Election,4
ocd-division/country:us/state:or/school_district:pinehurst_school_district_94,School Board Member,Position 2,Non-partisan,Election,4
ocd-division/country:us/state:or/school_district:pinehurst_school_district_94,School Board Member,Position 3,Non-partisan,Election,4
ocd-division/country:us/state:or/school_district:pinehurst_school_district_94,School Board Member,Position 4,Non-partisan,Election,4
ocd-division/country:us/state:or/school_district:pinehurst_school_district_94,School Board Member,Position 5,Non-partisan,Election,4
ocd-division/country:us/state:or/school_district:pleasant_hill_school_district_1,School Board Member,Position 1,Non-partisan,Election,4
ocd-division/country:us/state:or/school_district:pleasant_hill_school_district_1,School Board Member,Position 2,Non-partisan,Election,4
ocd-division/country:us/state:or/school_district:pleasant_hill_school_district_1,School Board Member,Position 3,Non-partisan,Election,4
ocd-division/country:us/state:or/school_district:pleasant_hill_school_district_1,School Board Member,Position 4,Non-partisan,Election,4
ocd-division/country:us/state:or/school_district:pleasant_hill_school_district_1,School Board Member,Position 5,Non-partisan,Election,4
ocd-division/country:us/state:or/school_district:plush_school_district_18,School Board Member,Position 1,Non-partisan,Election,4
ocd-division/country:us/state:or/school_district:plush_school_district_18,School Board Member,Position 2,Non-partisan,Election,4
ocd-division/country:us/state:or/school_district:plush_school_district_18,School Board Member,Position 3,Non-partisan,Election,4
ocd-division/country:us/state:or/school_district:plush_school_district_18,School Board Member,Position 4,Non-partisan,Election,4
ocd-division/country:us/state:or/school_district:plush_school_district_18,School Board Member,Position 5,Non-partisan,Election,4
ocd-division/country:us/state:or/school_district:portland_community_college/board_district:zone_1,Community College District Director,,Non-partisan,Election,4
ocd-division/country:us/state:or/school_district:portland_community_college/board_district:zone_2,Community College District Director,,Non-partisan,Election,4
ocd-division/country:us/state:or/school_district:portland_community_college/board_district:zone_3,Community College District Director,,Non-partisan,Election,4
ocd-division/country:us/state:or/school_district:portland_community_college/board_district:zone_4,Community College District Director,,Non-partisan,Election,
ocd-division/country:us/state:or/school_district:portland_community_college/board_district:zone_5,Community College District Director,,Non-partisan,Election,4
ocd-division/country:us/state:or/school_district:portland_community_college/board_district:zone_6,Community College District Director,,Non-partisan,Election,4
ocd-division/country:us/state:or/school_district:portland_community_college/board_district:zone_7,Community College District Director,,Non-partisan,Election,4
ocd-division/country:us/state:or/school_district:portland_school_district_1j/board_district:zone_1,School Board Member,,Non-partisan,Election,4
ocd-division/country:us/state:or/school_district:portland_school_district_1j/board_district:zone_2,School Board Member,,Non-partisan,Election,4
ocd-division/country:us/state:or/school_district:portland_school_district_1j/board_district:zone_3,School Board Member,,Non-partisan,Election,4
ocd-division/country:us/state:or/school_district:portland_school_district_1j/board_district:zone_4,School Board Member,,Non-partisan,Election,4
ocd-division/country:us/state:or/school_district:portland_school_district_1j/board_district:zone_5,School Board Member,,Non-partisan,Election,4
ocd-division/country:us/state:or/school_district:portland_school_district_1j/board_district:zone_6,School Board Member,,Non-partisan,Election,4
ocd-division/country:us/state:or/school_district:portland_school_district_1j/board_district:zone_7,School Board Member,,Non-partisan,Election,4
ocd-division/country:us/state:or/school_district:powers_school_district_31,School Board Member,Position 1,Non-partisan,Election,4
ocd-division/country:us/state:or/school_district:powers_school_district_31,School Board Member,Position 2,Non-partisan,Election,4
ocd-division/country:us/state:or/school_district:powers_school_district_31,School Board Member,Position 3,Non-partisan,Election,4
ocd-division/country:us/state:or/school_district:powers_school_district_31,School Board Member,Position 5,Non-partisan,Election,4
ocd-division/country:us/state:or/school_district:prairie_city_school_district_4,School Board Member,Position 1,Non-partisan,Election,4
ocd-division/country:us/state:or/school_district:prairie_city_school_district_4,School Board Member,Position 2,Non-partisan,Election,4
ocd-division/country:us/state:or/school_district:prairie_city_school_district_4,School Board Member,Position 3,Non-partisan,Election,4
ocd-division/country:us/state:or/school_district:prairie_city_school_district_4,School Board Member,Position 4,Non-partisan,Election,4
ocd-division/country:us/state:or/school_district:prairie_city_school_district_4,School Board Member,Position 5,Non-partisan,Election,4
ocd-division/country:us/state:or/school_district:prairie_city_school_district_4,School Board Member,Position 6,Non-partisan,Election,4
ocd-division/country:us/state:or/school_district:prairie_city_school_district_4,School Board Member,Position 7,Non-partisan,Election,4
ocd-division/country:us/state:or/school_district:prospect_school_district_59,School Board Member,Position 1,Non-partisan,Election,4
ocd-division/country:us/state:or/school_district:prospect_school_district_59,School Board Member,Position 2,Non-partisan,Election,4
ocd-division/country:us/state:or/school_district:prospect_school_district_59,School Board Member,Position 3,Non-partisan,Election,4
ocd-division/country:us/state:or/school_district:prospect_school_district_59,School Board Member,Position 4,Non-partisan,Election,4
ocd-division/country:us/state:or/school_district:prospect_school_district_59,School Board Member,Position 5,Non-partisan,Election,4
ocd-division/country:us/state:or/school_district:pt_orford_langlois_school_district_2j,School Board Member,Position 2,Non-partisan,Election,4
ocd-division/country:us/state:or/school_district:pt_orford_langlois_school_district_2j,School Board Member,Position 3,Non-partisan,Election,4
ocd-division/country:us/state:or/school_district:pt_orford_langlois_school_district_2j,School Board Member,Position 4,Non-partisan,Election,4
ocd-division/country:us/state:or/school_district:pt_orford_langlois_school_district_2j,School Board Member,Position 5,Non-partisan,Election,
ocd-division/country:us/state:or/school_district:rainier_school_district_13/board_district:zone_1,School Board Member,,Non-partisan,Election,4
ocd-division/country:us/state:or/school_district:rainier_school_district_13/board_district:zone_2,School Board Member,,Non-partisan,Election,4
ocd-division/country:us/state:or/school_district:rainier_school_district_13/board_district:zone_3,School Board Member,,Non-partisan,Election,4
ocd-division/country:us/state:or/school_district:rainier_school_district_13/board_district:zone_4,School Board Member,,Non-partisan,Election,
ocd-division/country:us/state:or/school_district:rainier_school_district_13/board_district:zone_5,School Board Member,,Non-partisan,Election,4
ocd-division/country:us/state:or/school_district:rainier_school_district_13/board_district:zone_6,School Board Member,,Non-partisan,Election,4
ocd-division/country:us/state:or/school_district:rainier_school_district_13/board_district:zone_7,School Board Member,,Non-partisan,Election,4
ocd-division/country:us/state:or/school_district:redmond_school_district_2j,School Board Member,Position 1,Non-partisan,Election,4
ocd-division/country:us/state:or/school_district:redmond_school_district_2j,School Board Member,Position 2,Non-partisan,Election,4
ocd-division/country:us/state:or/school_district:redmond_school_district_2j,School Board Member,Position 3,Non-partisan,Election,4
ocd-division/country:us/state:or/school_district:redmond_school_district_2j,School Board Member,Position 4,Non-partisan,Election,4
ocd-division/country:us/state:or/school_district:redmond_school_district_2j,School Board Member,Position 5,Non-partisan,Election,4
ocd-division/country:us/state:or/school_district:reedsport_school_district_105,School Board Member,Position 1,Non-partisan,Election,4
ocd-division/country:us/state:or/school_district:reedsport_school_district_105,School Board Member,Position 2,Non-partisan,Election,4
ocd-division/country:us/state:or/school_district:reedsport_school_district_105,School Board Member,Position 3,Non-partisan,Election,4
ocd-division/country:us/state:or/school_district:reedsport_school_district_105,School Board Member,Position 4,Non-partisan,Election,4
ocd-division/country:us/state:or/school_district:reedsport_school_district_105,School Board Member,Position 5,Non-partisan,Election,4
ocd-division/country:us/state:or/school_district:reynolds_school_district_7,School Board Member,Position 1,Non-partisan,Election,4
ocd-division/country:us/state:or/school_district:reynolds_school_district_7,School Board Member,Position 2,Non-partisan,Election,4
ocd-division/country:us/state:or/school_district:reynolds_school_district_7,School Board Member,Position 3,Non-partisan,Election,4
ocd-division/country:us/state:or/school_district:reynolds_school_district_7,School Board Member,Position 4,Non-partisan,Election,4
ocd-division/country:us/state:or/school_district:reynolds_school_district_7,School Board Member,Position 5,Non-partisan,Election,4
ocd-division/country:us/state:or/school_district:reynolds_school_district_7,School Board Member,Position 6,Non-partisan,Election,4
ocd-division/country:us/state:or/school_district:reynolds_school_district_7,School Board Member,Position 7,Non-partisan,Election,4
ocd-division/country:us/state:or/school_district:riddle_school_district_70,School Board Member,Position 1,Non-partisan,Election,4
ocd-division/country:us/state:or/school_district:riddle_school_district_70,School Board Member,Position 2,Non-partisan,Election,4
ocd-division/country:us/state:or/school_district:riddle_school_district_70,School Board Member,Position 3,Non-partisan,Election,4
ocd-division/country:us/state:or/school_district:riddle_school_district_70,School Board Member,Position 4,Non-partisan,Election,4
ocd-division/country:us/state:or/school_district:riddle_school_district_70,School Board Member,Position 5,Non-partisan,Election,4
ocd-division/country:us/state:or/school_district:riverdale_school_district_51j,School Board Member,Position 1,Non-partisan,Election,4
ocd-division/country:us/state:or/school_district:riverdale_school_district_51j,School Board Member,Position 2,Non-partisan,Election,4
ocd-division/country:us/state:or/school_district:riverdale_school_district_51j,School Board Member,Position 3,Non-partisan,Election,4
ocd-division/country:us/state:or/school_district:riverdale_school_district_51j,School Board Member,Position 4,Non-partisan,Election,4
ocd-division/country:us/state:or/school_district:riverdale_school_district_51j,School Board Member,Position 5,Non-partisan,Election,4
ocd-division/country:us/state:or/school_district:rogue_community_college/board_district:zone_1,Community College District Director,,Non-partisan,Election,4
ocd-division/country:us/state:or/school_district:rogue_community_college/board_district:zone_2,Community College District Director,,Non-partisan,Election,4
ocd-division/country:us/state:or/school_district:rogue_community_college/board_district:zone_3,Community College District Director,,Non-partisan,Election,
ocd-division/country:us/state:or/school_district:rogue_community_college/board_district:zone_4,Community College District Director,,Non-partisan,Election,4
ocd-division/country:us/state:or/school_district:rogue_community_college/board_district:zone_5,Community College District Director,,Non-partisan,Election,4
ocd-division/country:us/state:or/school_district:rogue_community_college/board_district:zone_6,Community College District Director,,Non-partisan,Election,4
ocd-division/country:us/state:or/school_district:rogue_community_college/board_district:zone_7,Community College District Director,,Non-partisan,Election,4
ocd-division/country:us/state:or/school_district:rogue_river_school_district_35,School Board Member,Position 1,Non-partisan,Election,4
ocd-division/country:us/state:or/school_district:rogue_river_school_district_35,School Board Member,Position 2,Non-partisan,Election,4
ocd-division/country:us/state:or/school_district:rogue_river_school_district_35,School Board Member,Position 3,Non-partisan,Election,4
ocd-division/country:us/state:or/school_district:rogue_river_school_district_35,School Board Member,Position 4,Non-partisan,Election,4
ocd-division/country:us/state:or/school_district:rogue_river_school_district_35,School Board Member,Position 5,Non-partisan,Election,4
ocd-division/country:us/state:or/school_district:roseburg_school_district_4,School Board Member,Position 1,Non-partisan,Election,4
ocd-division/country:us/state:or/school_district:roseburg_school_district_4,School Board Member,Position 2,Non-partisan,Election,4
ocd-division/country:us/state:or/school_district:roseburg_school_district_4,School Board Member,Position 3,Non-partisan,Election,4
ocd-division/country:us/state:or/school_district:roseburg_school_district_4,School Board Member,Position 4,Non-partisan,Election,4
ocd-division/country:us/state:or/school_district:roseburg_school_district_4,School Board Member,Position 5,Non-partisan,Election,4
ocd-division/country:us/state:or/school_district:roseburg_school_district_4,School Board Member,Position 6,Non-partisan,Election,4
ocd-division/country:us/state:or/school_district:roseburg_school_district_4,School Board Member,Position 7,Non-partisan,Election,4
ocd-division/country:us/state:or/school_district:salem_keizer_school_district_24j/board_district:zone_1,School Board Member,,Non-partisan,Election,4
ocd-division/country:us/state:or/school_district:salem_keizer_school_district_24j/board_district:zone_2,School Board Member,,Non-partisan,Election,4
ocd-division/country:us/state:or/school_district:salem_keizer_school_district_24j/board_district:zone_3,School Board Member,,Non-partisan,Election,4
ocd-division/country:us/state:or/school_district:salem_keizer_school_district_24j/board_district:zone_4,School Board Member,,Non-partisan,Election,4
ocd-division/country:us/state:or/school_district:salem_keizer_school_district_24j/board_district:zone_5,School Board Member,,Non-partisan,Election,4
ocd-division/country:us/state:or/school_district:salem_keizer_school_district_24j/board_district:zone_6,School Board Member,,Non-partisan,Election,4
ocd-division/country:us/state:or/school_district:salem_keizer_school_district_24j/board_district:zone_7,School Board Member,,Non-partisan,Election,4
ocd-division/country:us/state:or/school_district:santiam_canyon_school_district_129j/board_district:zone_1,School Board Member,Position 1,Non-partisan,Election,
ocd-division/country:us/state:or/school_district:santiam_canyon_school_district_129j/board_district:zone_1,School Board Member,Position 2,Non-partisan,Election,4
ocd-division/country:us/state:or/school_district:santiam_canyon_school_district_129j/board_district:zone_1,School Board Member,Position 3,Non-partisan,Election,2
ocd-division/country:us/state:or/school_district:santiam_canyon_school_district_129j/board_district:zone_1,School Board Member,Position 4,Non-partisan,Election,4
ocd-division/country:us/state:or/school_district:santiam_canyon_school_district_129j/board_district:zone_2,School Board Member,Position 1,Non-partisan,Election,4
ocd-division/country:us/state:or/school_district:scappoose_school_district_1j/board_district:zone_1,School Board Member,,Non-partisan,Election,4
ocd-division/country:us/state:or/school_district:scappoose_school_district_1j/board_district:zone_2,School Board Member,,Non-partisan,Election,4
ocd-division/country:us/state:or/school_district:scappoose_school_district_1j/board_district:zone_3,School Board Member,,Non-partisan,Election,4
ocd-division/country:us/state:or/school_district:scappoose_school_district_1j/board_district:zone_4,School Board Member,,Non-partisan,Election,4
ocd-division/country:us/state:or/school_district:scappoose_school_district_1j/board_district:zone_5,School Board Member,,Non-partisan,Election,4
ocd-division/country:us/state:or/school_district:scappoose_school_district_1j/board_district:zone_6,School Board Member,,Non-partisan,Election,4
ocd-division/country:us/state:or/school_district:scappoose_school_district_1j/board_district:zone_7,School Board Member,,Non-partisan,Election,4
ocd-division/country:us/state:or/school_district:scio_school_district_95,School Board Member,Position 1,Non-partisan,Election,4
ocd-division/country:us/state:or/school_district:scio_school_district_95,School Board Member,Position 2,Non-partisan,Election,4
ocd-division/country:us/state:or/school_district:scio_school_district_95,School Board Member,Position 3,Non-partisan,Election,4
ocd-division/country:us/state:or/school_district:scio_school_district_95,School Board Member,Position 4,Non-partisan,Election,4
ocd-division/country:us/state:or/school_district:scio_school_district_95,School Board Member,Position 5,Non-partisan,Election,4
ocd-division/country:us/state:or/school_district:seaside_school_district_10/board_district:zone_1,School Board Member,Position 1,Non-partisan,Election,4
ocd-division/country:us/state:or/school_district:seaside_school_district_10/board_district:zone_2,School Board Member,Position 2,Non-partisan,Election,4
ocd-division/country:us/state:or/school_district:seaside_school_district_10/board_district:zone_3,School Board Member,Position 1,Non-partisan,Election,4
ocd-division/country:us/state:or/school_district:seaside_school_district_10/board_district:zone_4,School Board Member,Position 2,Non-partisan,Election,4
ocd-division/country:us/state:or/school_district:seaside_school_district_10/board_district:zone_5,School Board Member,Position 1,Non-partisan,Election,4
ocd-division/country:us/state:or/school_district:seaside_school_district_10/board_district:zone_6,School Board Member,Position 2,Non-partisan,Election,4
ocd-division/country:us/state:or/school_district:seaside_school_district_10/board_district:zone_7,School Board Member,Position 1,Non-partisan,Election,4
ocd-division/country:us/state:or/school_district:sheridan_school_district_48j,School Board Member,Position 1,Non-partisan,Election,4
ocd-division/country:us/state:or/school_district:sheridan_school_district_48j,School Board Member,Position 2,Non-partisan,Election,4
ocd-division/country:us/state:or/school_district:sheridan_school_district_48j,School Board Member,Position 3,Non-partisan,Election,4
ocd-division/country:us/state:or/school_district:sheridan_school_district_48j,School Board Member,Position 4,Non-partisan,Election,4
ocd-division/country:us/state:or/school_district:sheridan_school_district_48j,School Board Member,Position 5,Non-partisan,Election,4
ocd-division/country:us/state:or/school_district:sherman_county_school_district,School Board Member,Position 1,Non-partisan,Election,4
ocd-division/country:us/state:or/school_district:sherman_county_school_district,School Board Member,Position 2,Non-partisan,Election,4
ocd-division/country:us/state:or/school_district:sherman_county_school_district,School Board Member,Position 3,Non-partisan,Election,4
ocd-division/country:us/state:or/school_district:sherman_county_school_district,School Board Member,Position 4,Non-partisan,Election,4
ocd-division/country:us/state:or/school_district:sherman_county_school_district,School Board Member,Position 5,Non-partisan,Election,4
ocd-division/country:us/state:or/school_district:sherwood_school_district_88j,School Board Member,Position 1,Non-partisan,Election,4
ocd-division/country:us/state:or/school_district:sherwood_school_district_88j,School Board Member,Position 2,Non-partisan,Election,4
ocd-division/country:us/state:or/school_district:sherwood_school_district_88j,School Board Member,Position 3,Non-partisan,Election,4
ocd-division/country:us/state:or/school_district:sherwood_school_district_88j,School Board Member,Position 4,Non-partisan,Election,4
ocd-division/country:us/state:or/school_district:sherwood_school_district_88j,School Board Member,Position 5,Non-partisan,Election,4
ocd-division/country:us/state:or/school_district:silver_falls_school_district_4j/board_district:zone_1,School Board Member,,Non-partisan,Election,4
ocd-division/country:us/state:or/school_district:silver_falls_school_district_4j/board_district:zone_2,School Board Member,,Non-partisan,Election,4
ocd-division/country:us/state:or/school_district:silver_falls_school_district_4j/board_district:zone_3,School Board Member,,Non-partisan,Election,4
ocd-division/country:us/state:or/school_district:silver_falls_school_district_4j/board_district:zone_4,School Board Member,,Non-partisan,Election,4
ocd-division/country:us/state:or/school_district:silver_falls_school_district_4j/board_district:zone_5,School Board Member,,Non-partisan,Election,4
ocd-division/country:us/state:or/school_district:silver_falls_school_district_4j/board_district:zone_6,School Board Member,,Non-partisan,Election,4
ocd-division/country:us/state:or/school_district:silver_falls_school_district_4j/board_district:zone_7,School Board Member,,Non-partisan,Election,4
ocd-division/country:us/state:or/school_district:sisters_school_district_6,School Board Member,Position 1,Non-partisan,Election,4
ocd-division/country:us/state:or/school_district:sisters_school_district_6,School Board Member,Position 2,Non-partisan,Election,4
ocd-division/country:us/state:or/school_district:sisters_school_district_6,School Board Member,Position 3,Non-partisan,Election,4
ocd-division/country:us/state:or/school_district:sisters_school_district_6,School Board Member,Position 4,Non-partisan,Election,4
ocd-division/country:us/state:or/school_district:sisters_school_district_6,School Board Member,Position 5,Non-partisan,Election,4
ocd-division/country:us/state:or/school_district:siuslaw_school_district_97j,School Board Member,Position 1,Non-partisan,Election,4
ocd-division/country:us/state:or/school_district:siuslaw_school_district_97j,School Board Member,Position 2,Non-partisan,Election,4
ocd-division/country:us/state:or/school_district:siuslaw_school_district_97j,School Board Member,Position 3,Non-partisan,Election,4
ocd-division/country:us/state:or/school_district:siuslaw_school_district_97j,School Board Member,Position 4,Non-partisan,Election,4
ocd-division/country:us/state:or/school_district:siuslaw_school_district_97j,School Board Member,Position 5,Non-partisan,Election,4
ocd-division/country:us/state:or/school_district:siuslaw_school_district_97j,School Board Member,Position 6,Non-partisan,Election,4
ocd-division/country:us/state:or/school_district:siuslaw_school_district_97j,School Board Member,Position 7,Non-partisan,Election,4
ocd-division/country:us/state:or/school_district:south_coast_education_service_district,Education Service District Director,Position 6,Non-partisan,Election,4
ocd-division/country:us/state:or/school_district:south_coast_education_service_district,Education Service District Director,Position 7,Non-partisan,Election,4
ocd-division/country:us/state:or/school_district:south_coast_education_service_district/board_district:zone_1a,Education Service District Director,Position 4,Non-partisan,Election,4
ocd-division/country:us/state:or/school_district:south_coast_education_service_district/board_district:zone_1b,Education Service District Director,Position 5,Non-partisan,Election,4
ocd-division/country:us/state:or/school_district:south_coast_education_service_district/board_district:zone_2,Education Service District Director,Position 3,Non-partisan,Election,4
ocd-division/country:us/state:or/school_district:south_coast_education_service_district/board_district:zone_3,Education Service District Director,Position 2,Non-partisan,Election,4
ocd-division/country:us/state:or/school_district:south_coast_education_service_district/board_district:zone_4,Education Service District Director,Position 1,Non-partisan,Election,4
ocd-division/country:us/state:or/school_district:south_harney_school_district_33,School Board Member,Position 2,Non-partisan,Election,4
ocd-division/country:us/state:or/school_district:south_harney_school_district_33,School Board Member,Position 3,Non-partisan,Election,4
ocd-division/country:us/state:or/school_district:south_harney_school_district_33,School Board Member,Position 4,Non-partisan,Election,4
ocd-division/country:us/state:or/school_district:south_harney_school_district_33,School Board Member,Position 5,Non-partisan,Election,4
ocd-division/country:us/state:or/school_district:south_lane_school_district_45j3,School Board Member,Position 1,Non-partisan,Election,4
ocd-division/country:us/state:or/school_district:south_lane_school_district_45j3,School Board Member,Position 2,Non-partisan,Election,4
ocd-division/country:us/state:or/school_district:south_lane_school_district_45j3,School Board Member,Position 3,Non-partisan,Election,4
ocd-division/country:us/state:or/school_district:south_lane_school_district_45j3,School Board Member,Position 4,Non-partisan,Election,4
ocd-division/country:us/state:or/school_district:south_lane_school_district_45j3,School Board Member,Position 5,Non-partisan,Election,4
ocd-division/country:us/state:or/school_district:south_lane_school_district_45j3,School Board Member,Position 6,Non-partisan,Election,4
ocd-division/country:us/state:or/school_district:south_lane_school_district_45j3,School Board Member,Position 7,Non-partisan,Election,4
ocd-division/country:us/state:or/school_district:south_umpqua_school_district_19/board_district:zone_1,School Board Member,Position 1,Non-partisan,Election,4
ocd-division/country:us/state:or/school_district:south_umpqua_school_district_19/board_district:zone_1,School Board Member,Position 2,Non-partisan,Election,4
ocd-division/country:us/state:or/school_district:south_umpqua_school_district_19/board_district:zone_2,School Board Member,Position 1,Non-partisan,Election,4
ocd-division/country:us/state:or/school_district:south_umpqua_school_district_19/board_district:zone_2,School Board Member,Position 2,Non-partisan,Election,4
ocd-division/country:us/state:or/school_district:south_umpqua_school_district_19/board_district:zone_3,School Board Member,Position 1,Non-partisan,Election,4
ocd-division/country:us/state:or/school_district:south_umpqua_school_district_19/board_district:zone_3,School Board Member,Position 2,Non-partisan,Election,4
ocd-division/country:us/state:or/school_district:south_umpqua_school_district_19/board_district:zone_3,School Board Member,Position 3,Non-partisan,Election,4
ocd-division/country:us/state:or/school_district:south_wasco_county_schl_district_1/board_district:zone_1,School Board Member,,Non-partisan,Election,4
ocd-division/country:us/state:or/school_district:south_wasco_county_schl_district_1/board_district:zone_2,School Board Member,,Non-partisan,Election,4
ocd-division/country:us/state:or/school_district:south_wasco_county_schl_district_1/board_district:zone_3,School Board Member,,Non-partisan,Election,4
ocd-division/country:us/state:or/school_district:south_wasco_county_schl_district_1/board_district:zone_4,School Board Member,,Non-partisan,Election,4
ocd-division/country:us/state:or/school_district:south_wasco_county_schl_district_1/board_district:zone_5,School Board Member,,Non-partisan,Election,4
ocd-division/country:us/state:or/school_district:south_wasco_county_schl_district_1/board_district:zone_6,School Board Member,,Non-partisan,Election,4
ocd-division/country:us/state:or/school_district:south_wasco_county_schl_district_1/board_district:zone_7,School Board Member,,Non-partisan,Election,4
ocd-division/country:us/state:or/school_district:southern_oregon_education_service_district/board_district:zone_1,Education Service District Director,,Non-partisan,Election,4
ocd-division/country:us/state:or/school_district:southern_oregon_education_service_district/board_district:zone_2,Education Service District Director,,Non-partisan,Election,4
ocd-division/country:us/state:or/school_district:southern_oregon_education_service_district/board_district:zone_3,Education Service District Director,,Non-partisan,Election,4
ocd-division/country:us/state:or/school_district:southern_oregon_education_service_district/board_district:zone_4,Education Service District Director,,Non-partisan,Election,4
ocd-division/country:us/state:or/school_district:southern_oregon_education_service_district/board_district:zone_5,Education Service District Director,,Non-partisan,Election,4
ocd-division/country:us/state:or/school_district:southern_oregon_education_service_district/board_district:zone_6,Education Service District Director,,Non-partisan,Election,4
ocd-division/country:us/state:or/school_district:southern_oregon_education_service_district/board_district:zone_7,Education Service District Director,,Non-partisan,Election,4
ocd-division/country:us/state:or/school_district:southern_oregon_education_service_district/board_district:zone_8,Education Service District Director,,Non-partisan,Election,4
ocd-division/country:us/state:or/school_district:southern_oregon_education_service_district/board_district:zone_9,Education Service District Director,,Non-partisan,Election,4
ocd-division/country:us/state:or/school_district:southwestern_oregon_community_college,Community College District Director,Position 1,Non-partisan,Election,4
ocd-division/country:us/state:or/school_district:southwestern_oregon_community_college,Community College District Director,Position 2,Non-partisan,Election,4
ocd-division/country:us/state:or/school_district:southwestern_oregon_community_college,Community College District Director,Position 3,Non-partisan,Election,4
ocd-division/country:us/state:or/school_district:southwestern_oregon_community_college,Community College District Director,Position 4,Non-partisan,Election,4
ocd-division/country:us/state:or/school_district:southwestern_oregon_community_college,Community College District Director,Position 5,Non-partisan,Election,4
ocd-division/country:us/state:or/school_district:southwestern_oregon_community_college,Community College District Director,Position 6,Non-partisan,Election,4
ocd-division/country:us/state:or/school_district:southwestern_oregon_community_college,Community College District Director,Position 7,Non-partisan,Election,4
ocd-division/country:us/state:or/school_district:spray_school_district_1,School Board Member,Position 1,Non-partisan,Election,4
ocd-division/country:us/state:or/school_district:spray_school_district_1,School Board Member,Position 2,Non-partisan,Election,4
ocd-division/country:us/state:or/school_district:spray_school_district_1,School Board Member,Position 3,Non-partisan,Election,4
ocd-division/country:us/state:or/school_district:spray_school_district_1,School Board Member,Position 4,Non-partisan,Election,4
ocd-division/country:us/state:or/school_district:spray_school_district_1,School Board Member,Position 5,Non-partisan,Election,4
ocd-division/country:us/state:or/school_district:springfield_school_district_19,School Board Member,Position 1,Non-partisan,Election,4
ocd-division/country:us/state:or/school_district:springfield_school_district_19,School Board Member,Position 2,Non-partisan,Election,4
ocd-division/country:us/state:or/school_district:springfield_school_district_19,School Board Member,Position 3,Non-partisan,Election,4
ocd-division/country:us/state:or/school_district:springfield_school_district_19,School Board Member,Position 4,Non-partisan,Election,4
ocd-division/country:us/state:or/school_district:springfield_school_district_19,School Board Member,Position 5,Non-partisan,Election,4
ocd-division/country:us/state:or/school_district:st_helens_school_district_502,School Board Member,Position 1,Non-partisan,Election,4
ocd-division/country:us/state:or/school_district:st_helens_school_district_502,School Board Member,Position 2,Non-partisan,Election,4
ocd-division/country:us/state:or/school_district:st_helens_school_district_502,School Board Member,Position 3,Non-partisan,Election,4
ocd-division/country:us/state:or/school_district:st_helens_school_district_502,School Board Member,Position 4,Non-partisan,Election,4
ocd-division/country:us/state:or/school_district:st_helens_school_district_502,School Board Member,Position 5,Non-partisan,Election,4
ocd-division/country:us/state:or/school_district:st_paul_school_district_45,School Board Member,Position 1,Non-partisan,Election,4
ocd-division/country:us/state:or/school_district:st_paul_school_district_45,School Board Member,Position 2,Non-partisan,Election,4
ocd-division/country:us/state:or/school_district:st_paul_school_district_45,School Board Member,Position 3,Non-partisan,Election,2
ocd-division/country:us/state:or/school_district:st_paul_school_district_45,School Board Member,Position 4,Non-partisan,Election,4
ocd-division/country:us/state:or/school_district:st_paul_school_district_45,School Board Member,Position 5,Non-partisan,Election,4
ocd-division/country:us/state:or/school_district:st_paul_school_district_45,School Board Member,Position 6,Non-partisan,Election,4
ocd-division/country:us/state:or/school_district:st_paul_school_district_45,School Board Member,Position 7,Non-partisan,Election,4
ocd-division/country:us/state:or/school_district:stanfield_school_district_61,School Board Member,Position 1,Non-partisan,Election,4
ocd-division/country:us/state:or/school_district:stanfield_school_district_61,School Board Member,Position 2,Non-partisan,Election,4
ocd-division/country:us/state:or/school_district:stanfield_school_district_61,School Board Member,Position 3,Non-partisan,Election,4
ocd-division/country:us/state:or/school_district:stanfield_school_district_61,School Board Member,Position 4,Non-partisan,Election,4
ocd-division/country:us/state:or/school_district:stanfield_school_district_61,School Board Member,Position 5,Non-partisan,Election,4
ocd-division/country:us/state:or/school_district:suntex_school_district_10,School Board Member,Position 1,Non-partisan,Election,4
ocd-division/country:us/state:or/school_district:suntex_school_district_10,School Board Member,Position 2,Non-partisan,Election,4
ocd-division/country:us/state:or/school_district:suntex_school_district_10,School Board Member,Position 3,Non-partisan,Election,4
ocd-division/country:us/state:or/school_district:suntex_school_district_10,School Board Member,Position 4,Non-partisan,Election,4
ocd-division/country:us/state:or/school_district:suntex_school_district_10,School Board Member,Position 5,Non-partisan,Election,2
ocd-division/country:us/state:or/school_district:sutherlin_school_district_130,School Board Member,,Non-partisan,Election,4
ocd-division/country:us/state:or/school_district:sutherlin_school_district_130,School Board Member,Position 1,Non-partisan,Election,4
ocd-division/country:us/state:or/school_district:sutherlin_school_district_130,School Board Member,Position 2,Non-partisan,Election,4
ocd-division/country:us/state:or/school_district:sutherlin_school_district_130,School Board Member,Position 4,Non-partisan,Election,4
ocd-division/country:us/state:or/school_district:sutherlin_school_district_130,School Board Member,Position 5,Non-partisan,Election,4
ocd-division/country:us/state:or/school_district:sweet_home_school_district_55/board_district:zone_1,School Board Member,,Non-partisan,Election,4
ocd-division/country:us/state:or/school_district:sweet_home_school_district_55/board_district:zone_2,School Board Member,,Non-partisan,Election,4
ocd-division/country:us/state:or/school_district:sweet_home_school_district_55/board_district:zone_3,School Board Member,,Non-partisan,Election,4
ocd-division/country:us/state:or/school_district:sweet_home_school_district_55/board_district:zone_4,School Board Member,,Non-partisan,Election,4
ocd-division/country:us/state:or/school_district:sweet_home_school_district_55/board_district:zone_5,School Board Member,,Non-partisan,Election,4
ocd-division/country:us/state:or/school_district:sweet_home_school_district_55/board_district:zone_6,School Board Member,,Non-partisan,Election,4
ocd-division/country:us/state:or/school_district:sweet_home_school_district_55/board_district:zone_7,School Board Member,,Non-partisan,Election,4
ocd-division/country:us/state:or/school_district:sweet_home_school_district_55/board_district:zone_8,School Board Member,,Non-partisan,Election,4
ocd-division/country:us/state:or/school_district:sweet_home_school_district_55/board_district:zone_9,School Board Member,,Non-partisan,Election,4
ocd-division/country:us/state:or/school_district:three_rivers_school_district/board_district:zone_2,School Board Member,,Non-partisan,Election,4
ocd-division/country:us/state:or/school_district:three_rivers_school_district/board_district:zone_3,School Board Member,,Non-partisan,Election,4
ocd-division/country:us/state:or/school_district:three_rivers_school_district/board_district:zone_4,School Board Member,,Non-partisan,Election,4
ocd-division/country:us/state:or/school_district:three_rivers_school_district/board_district:zone_5,School Board Member,,Non-partisan,Election,4
ocd-division/country:us/state:or/school_district:tigard-tualatin_school_district_23j,School Board Member,Position 1,Non-partisan,Election,4
ocd-division/country:us/state:or/school_district:tigard-tualatin_school_district_23j,School Board Member,Position 2,Non-partisan,Election,4
ocd-division/country:us/state:or/school_district:tigard-tualatin_school_district_23j,School Board Member,Position 3,Non-partisan,Election,4
ocd-division/country:us/state:or/school_district:tigard-tualatin_school_district_23j,School Board Member,Position 4,Non-partisan,Election,4
ocd-division/country:us/state:or/school_district:tigard-tualatin_school_district_23j,School Board Member,Position 5,Non-partisan,Election,4
ocd-division/country:us/state:or/school_district:tillamook_bay_community_college,Community College District Director,Position 6,Non-partisan,Election,4
ocd-division/country:us/state:or/school_district:tillamook_bay_community_college,Community College District Director,Position 7,Non-partisan,Election,4
ocd-division/country:us/state:or/school_district:tillamook_bay_community_college/board_district:zone_1,Community College District Director,Position 1,Non-partisan,Election,4
ocd-division/country:us/state:or/school_district:tillamook_bay_community_college/board_district:zone_2,Community College District Director,Position 2,Non-partisan,Election,2
ocd-division/country:us/state:or/school_district:tillamook_bay_community_college/board_district:zone_3,Community College District Director,Position 3,Non-partisan,Election,4
ocd-division/country:us/state:or/school_district:tillamook_bay_community_college/board_district:zone_4,Community College District Director,Postion 4,Non-partisan,Election,2
ocd-division/country:us/state:or/school_district:tillamook_bay_community_college/board_district:zone_5,Community College District Director,Position 5,Non-partisan,Election,4
ocd-division/country:us/state:or/school_district:tillamook_school_district_9,School Board Member,Position 1,Non-partisan,Election,4
ocd-division/country:us/state:or/school_district:tillamook_school_district_9,School Board Member,Position 2,Non-partisan,Election,2
ocd-division/country:us/state:or/school_district:tillamook_school_district_9,School Board Member,Position 3,Non-partisan,Election,4
ocd-division/country:us/state:or/school_district:tillamook_school_district_9,School Board Member,Position 4,Non-partisan,Election,4
ocd-division/country:us/state:or/school_district:tillamook_school_district_9,School Board Member,Position 5,Non-partisan,Election,2
ocd-division/country:us/state:or/school_district:treasure_valley_community_college,Community College District Director,Position 1,Non-partisan,Election,4
ocd-division/country:us/state:or/school_district:treasure_valley_community_college,Community College District Director,Position 2,Non-partisan,Election,4
ocd-division/country:us/state:or/school_district:treasure_valley_community_college,Community College District Director,Position 3,Non-partisan,Election,4
ocd-division/country:us/state:or/school_district:treasure_valley_community_college,Community College District Director,Position 4,Non-partisan,Election,4
ocd-division/country:us/state:or/school_district:treasure_valley_community_college,Community College District Director,Position 5,Non-partisan,Election,4
ocd-division/country:us/state:or/school_district:treasure_valley_community_college,Community College District Director,Position 6,Non-partisan,Election,4
ocd-division/country:us/state:or/school_district:treasure_valley_community_college,Community College District Director,Position 7,Non-partisan,Election,4
ocd-division/country:us/state:or/school_district:troy_school_district_54,School Board Member,Position 1,Non-partisan,Election,4
ocd-division/country:us/state:or/school_district:troy_school_district_54,School Board Member,Position 2,Non-partisan,Election,4
ocd-division/country:us/state:or/school_district:troy_school_district_54,School Board Member,Position 3,Non-partisan,Election,4
ocd-division/country:us/state:or/school_district:troy_school_district_54,School Board Member,Position 4,Non-partisan,Election,4
ocd-division/country:us/state:or/school_district:troy_school_district_54,School Board Member,Position 5,Non-partisan,Election,4
ocd-division/country:us/state:or/school_district:ukiah_school_district_80,School Board Member,Position 1,Non-partisan,Election,4
ocd-division/country:us/state:or/school_district:ukiah_school_district_80,School Board Member,Position 2,Non-partisan,Election,4
ocd-division/country:us/state:or/school_district:ukiah_school_district_80,School Board Member,Position 3,Non-partisan,Election,4
ocd-division/country:us/state:or/school_district:ukiah_school_district_80,School Board Member,Position 4,Non-partisan,Election,4
ocd-division/country:us/state:or/school_district:ukiah_school_district_80,School Board Member,Position 5,Non-partisan,Election,2
ocd-division/country:us/state:or/school_district:umatilla_school_district_6,School Board Member,Position 1,Non-partisan,Election,4
ocd-division/country:us/state:or/school_district:umatilla_school_district_6,School Board Member,Position 2,Non-partisan,Election,4
ocd-division/country:us/state:or/school_district:umatilla_school_district_6,School Board Member,Position 3,Non-partisan,Election,4
ocd-division/country:us/state:or/school_district:umatilla_school_district_6,School Board Member,Position 4,Non-partisan,Election,4
ocd-division/country:us/state:or/school_district:umatilla_school_district_6,School Board Member,Position 5,Non-partisan,Election,4
ocd-division/country:us/state:or/school_district:umatilla_school_district_6,School Board Member,Position 6,Non-partisan,Election,4
ocd-division/country:us/state:or/school_district:umatilla_school_district_6,School Board Member,Position 7,Non-partisan,Election,4
ocd-division/country:us/state:or/school_district:umpqua_community_college/board_district:zone_1,Community College District Director,,Non-partisan,Election,4
ocd-division/country:us/state:or/school_district:umpqua_community_college/board_district:zone_2,Community College District Director,,Non-partisan,Election,4
ocd-division/country:us/state:or/school_district:umpqua_community_college/board_district:zone_3,Community College District Director,,Non-partisan,Election,4
ocd-division/country:us/state:or/school_district:umpqua_community_college/board_district:zone_4,Community College District Director,,Non-partisan,Election,4
ocd-division/country:us/state:or/school_district:umpqua_community_college/board_district:zone_5,Community College District Director,,Non-partisan,Election,4
ocd-division/country:us/state:or/school_district:umpqua_community_college/board_district:zone_6,Community College District Director,,Non-partisan,Election,4
ocd-division/country:us/state:or/school_district:umpqua_community_college/board_district:zone_7,Community College District Director,,Non-partisan,Election,4
ocd-division/country:us/state:or/school_district:union_school_district_5,School Board Member,Position 1,Non-partisan,Election,4
ocd-division/country:us/state:or/school_district:union_school_district_5,School Board Member,Position 2,Non-partisan,Election,4
ocd-division/country:us/state:or/school_district:union_school_district_5,School Board Member,Position 3,Non-partisan,Election,4
ocd-division/country:us/state:or/school_district:union_school_district_5,School Board Member,Position 4,Non-partisan,Election,4
ocd-division/country:us/state:or/school_district:union_school_district_5,School Board Member,Position 5,Non-partisan,Election,4
ocd-division/country:us/state:or/school_district:vale_school_district_84,School Board Member,Position 1,Non-partisan,Election,4
ocd-division/country:us/state:or/school_district:vale_school_district_84,School Board Member,Position 2,Non-partisan,Election,4
ocd-division/country:us/state:or/school_district:vale_school_district_84,School Board Member,Position 3,Non-partisan,Election,4
ocd-division/country:us/state:or/school_district:vale_school_district_84,School Board Member,Position 5,Non-partisan,Election,4
ocd-division/country:us/state:or/school_district:vernonia_school_district_47_j,School Board Member,Position 1,Non-partisan,Election,4
ocd-division/country:us/state:or/school_district:vernonia_school_district_47_j,School Board Member,Position 2,Non-partisan,Election,4
ocd-division/country:us/state:or/school_district:vernonia_school_district_47_j,School Board Member,Position 3,Non-partisan,Election,4
ocd-division/country:us/state:or/school_district:vernonia_school_district_47_j,School Board Member,Position 4,Non-partisan,Election,4
ocd-division/country:us/state:or/school_district:vernonia_school_district_47_j,School Board Member,Position 5,Non-partisan,Election,4
ocd-division/country:us/state:or/school_district:vernonia_school_district_47_j,School Board Member,Position 6,Non-partisan,Election,4
ocd-division/country:us/state:or/school_district:vernonia_school_district_47_j,School Board Member,Position 7,Non-partisan,Election,4
ocd-division/country:us/state:or/school_district:wallowa_school_district_12,School Board Member,Position 1,Non-partisan,Election,4
ocd-division/country:us/state:or/school_district:wallowa_school_district_12,School Board Member,Position 2,Non-partisan,Election,4
ocd-division/country:us/state:or/school_district:wallowa_school_district_12,School Board Member,Position 3,Non-partisan,Election,4
ocd-division/country:us/state:or/school_district:wallowa_school_district_12,School Board Member,Position 4,Non-partisan,Election,4
ocd-division/country:us/state:or/school_district:wallowa_school_district_12,School Board Member,Position 5,Non-partisan,Election,4
ocd-division/country:us/state:or/school_district:wallowa-region_18_education_service_district,Education Service District Director,,Non-partisan,Election,4
ocd-division/country:us/state:or/school_district:wallowa-region_18_education_service_district,Education Service District Director,,Non-partisan,Election,4
ocd-division/country:us/state:or/school_district:wallowa-region_18_education_service_district/board_district:zone_1,Education Service District Director,,Non-partisan,Election,4
ocd-division/country:us/state:or/school_district:wallowa-region_18_education_service_district/board_district:zone_2,Education Service District Director,,Non-partisan,Election,4
ocd-division/country:us/state:or/school_district:wallowa-region_18_education_service_district/board_district:zone_3,Education Service District Director,,Non-partisan,Election,4
ocd-division/country:us/state:or/school_district:wallowa-region_18_education_service_district/board_district:zone_4,Education Service District Director,,Non-partisan,Election,4
ocd-division/country:us/state:or/school_district:wallowa-region_18_education_service_district/board_district:zone_5,Education Service District Director,,Non-partisan,Election,4
ocd-division/country:us/state:or/school_district:warrenton-hammond_school_district_30,School Board Member,Position 1,Non-partisan,Election,4
ocd-division/country:us/state:or/school_district:warrenton-hammond_school_district_30,School Board Member,Position 2,Non-partisan,Election,4
ocd-division/country:us/state:or/school_district:warrenton-hammond_school_district_30,School Board Member,Position 3,Non-partisan,Election,4
ocd-division/country:us/state:or/school_district:warrenton-hammond_school_district_30,School Board Member,Position 4,Non-partisan,Election,4
ocd-division/country:us/state:or/school_district:warrenton-hammond_school_district_30,School Board Member,Position 5,Non-partisan,Election,4
ocd-division/country:us/state:or/school_district:warrenton-hammond_school_district_30,School Board Member,Position 6,Non-partisan,Election,4
ocd-division/country:us/state:or/school_district:warrenton-hammond_school_district_30,School Board Member,Position 7,Non-partisan,Election,4
ocd-division/country:us/state:or/school_district:west_linn-wilsonville_school_district_3j,School Board Member,Position 1,Non-partisan,Election,4
ocd-division/country:us/state:or/school_district:west_linn-wilsonville_school_district_3j,School Board Member,Position 2,Non-partisan,Election,4
ocd-division/country:us/state:or/school_district:west_linn-wilsonville_school_district_3j,School Board Member,Position 3,Non-partisan,Election,4
ocd-division/country:us/state:or/school_district:west_linn-wilsonville_school_district_3j,School Board Member,Position 4,Non-partisan,Election,4
ocd-division/country:us/state:or/school_district:west_linn-wilsonville_school_district_3j,School Board Member,Position 5,Non-partisan,Election,4
ocd-division/country:us/state:or/school_district:willamina_school_district_30j,School Board Member,Postion 1,Non-partisan,Election,4
ocd-division/country:us/state:or/school_district:willamina_school_district_30j,School Board Member,Postion 2,Non-partisan,Election,4
ocd-division/country:us/state:or/school_district:willamina_school_district_30j,School Board Member,Postion 3,Non-partisan,Election,4
ocd-division/country:us/state:or/school_district:willamina_school_district_30j,School Board Member,Postion 4,Non-partisan,Election,4
ocd-division/country:us/state:or/school_district:willamina_school_district_30j,School Board Member,Postion 5,Non-partisan,Election,4
ocd-division/country:us/state:or/school_district:winston_dillard_school_district_116,School Board Member,Position 1,Non-partisan,Election,4
ocd-division/country:us/state:or/school_district:winston_dillard_school_district_116,School Board Member,Position 2,Non-partisan,Election,4
ocd-division/country:us/state:or/school_district:winston_dillard_school_district_116,School Board Member,Position 3,Non-partisan,Election,4
ocd-division/country:us/state:or/school_district:winston_dillard_school_district_116,School Board Member,Position 4,Non-partisan,Election,4
ocd-division/country:us/state:or/school_district:winston_dillard_school_district_116,School Board Member,Position 5,Non-partisan,Election,4
ocd-division/country:us/state:or/school_district:woodburn_school_district_103,School Board Member,Position 1,Non-partisan,Election,4
ocd-division/country:us/state:or/school_district:woodburn_school_district_103,School Board Member,Position 2,Non-partisan,Election,4
ocd-division/country:us/state:or/school_district:woodburn_school_district_103,School Board Member,Position 3,Non-partisan,Election,4
ocd-division/country:us/state:or/school_district:woodburn_school_district_103,School Board Member,Position 4,Non-partisan,Election,4
ocd-division/country:us/state:or/school_district:woodburn_school_district_103,School Board Member,Position 5,Non-partisan,Election,4
ocd-division/country:us/state:or/school_district:yamhill-carlton_school_district_1,School Board Member,Position 1,Non-partisan,Election,4
ocd-division/country:us/state:or/school_district:yamhill-carlton_school_district_1,School Board Member,Position 2,Non-partisan,Election,4
ocd-division/country:us/state:or/school_district:yamhill-carlton_school_district_1,School Board Member,Position 3,Non-partisan,Election,4
ocd-division/country:us/state:or/school_district:yamhill-carlton_school_district_1,School Board Member,Position 4,Non-partisan,Election,4
ocd-division/country:us/state:or/school_district:yamhill-carlton_school_district_1,School Board Member,Position 5,Non-partisan,Election,4
ocd-division/country:us/state:or/school_district:yoncalla_school_district_32,School Board Member,Position 1,Non-partisan,Election,4
ocd-division/country:us/state:or/school_district:yoncalla_school_district_32,School Board Member,Position 2,Non-partisan,Election,4
ocd-division/country:us/state:or/school_district:yoncalla_school_district_32,School Board Member,Position 3,Non-partisan,Election,4
ocd-division/country:us/state:or/school_district:yoncalla_school_district_32,School Board Member,Position 4,Non-partisan,Election,4
ocd-division/country:us/state:or/school_district:yoncalla_school_district_32,School Board Member,Position 5,Non-partisan,Election,4
ocd-division/country:us/state:or/sldl:district_1,State Representative,,Partisan,Election,2
ocd-division/country:us/state:or/sldl:district_10,State Representative,,Partisan,Election,2
ocd-division/country:us/state:or/sldl:district_11,State Representative,,Partisan,Election,2
ocd-division/country:us/state:or/sldl:district_12,State Representative,,Partisan,Election,2
ocd-division/country:us/state:or/sldl:district_13,State Representative,,Partisan,Election,2
ocd-division/country:us/state:or/sldl:district_14,State Representative,,Partisan,Election,2
ocd-division/country:us/state:or/sldl:district_15,State Representative,,Partisan,Election,2
ocd-division/country:us/state:or/sldl:district_16,State Representative,,Partisan,Election,2
ocd-division/country:us/state:or/sldl:district_17,State Representative,,Partisan,Election,2
ocd-division/country:us/state:or/sldl:district_18,State Representative,,Partisan,Election,2
ocd-division/country:us/state:or/sldl:district_19,State Representative,,Partisan,Election,2
ocd-division/country:us/state:or/sldl:district_2,State Representative,,Partisan,Election,2
ocd-division/country:us/state:or/sldl:district_20,State Representative,,Partisan,Election,2
ocd-division/country:us/state:or/sldl:district_21,State Representative,,Partisan,Election,2
ocd-division/country:us/state:or/sldl:district_22,State Representative,,Partisan,Election,2
ocd-division/country:us/state:or/sldl:district_23,State Representative,,Partisan,Election,2
ocd-division/country:us/state:or/sldl:district_24,State Representative,,Partisan,Election,2
ocd-division/country:us/state:or/sldl:district_25,State Representative,,Partisan,Election,2
ocd-division/country:us/state:or/sldl:district_26,State Representative,,Partisan,Election,2
ocd-division/country:us/state:or/sldl:district_27,State Representative,,Partisan,Election,2
ocd-division/country:us/state:or/sldl:district_28,State Representative,,Partisan,Election,2
ocd-division/country:us/state:or/sldl:district_29,State Representative,,Partisan,Election,2
ocd-division/country:us/state:or/sldl:district_3,State Representative,,Partisan,Election,1
ocd-division/country:us/state:or/sldl:district_30,State Representative,,Partisan,Election,2
ocd-division/country:us/state:or/sldl:district_31,State Representative,,Partisan,Election,2
ocd-division/country:us/state:or/sldl:district_32,State Representative,,Partisan,Election,2
ocd-division/country:us/state:or/sldl:district_33,State Representative,,Partisan,Election,2
ocd-division/country:us/state:or/sldl:district_34,State Representative,,Partisan,Election,2
ocd-division/country:us/state:or/sldl:district_35,State Representative,,Partisan,Election,2
ocd-division/country:us/state:or/sldl:district_36,State Representative,,Partisan,Election,2
ocd-division/country:us/state:or/sldl:district_37,State Representative,,Partisan,Election,2
ocd-division/country:us/state:or/sldl:district_38,State Representative,,Partisan,Election,2
ocd-division/country:us/state:or/sldl:district_39,State Representative,,Partisan,Election,2
ocd-division/country:us/state:or/sldl:district_4,State Representative,,Partisan,Election,2
ocd-division/country:us/state:or/sldl:district_40,State Representative,,Partisan,Election,2
ocd-division/country:us/state:or/sldl:district_41,State Representative,,Partisan,Election,2
ocd-division/country:us/state:or/sldl:district_42,State Representative,,Partisan,Election,2
ocd-division/country:us/state:or/sldl:district_43,State Representative,,Partisan,Election,2
ocd-division/country:us/state:or/sldl:district_44,State Representative,,Partisan,Election,2
ocd-division/country:us/state:or/sldl:district_45,State Representative,,Partisan,Election,2
ocd-division/country:us/state:or/sldl:district_46,State Representative,,Partisan,Election,2
ocd-division/country:us/state:or/sldl:district_47,State Representative,,Partisan,Election,2
ocd-division/country:us/state:or/sldl:district_48,State Representative,,Partisan,Election,2
ocd-division/country:us/state:or/sldl:district_49,State Representative,,Partisan,Election,2
ocd-division/country:us/state:or/sldl:district_5,State Representative,,Partisan,Election,2
ocd-division/country:us/state:or/sldl:district_50,State Representative,,Partisan,Election,2
ocd-division/country:us/state:or/sldl:district_51,State Representative,,Partisan,Election,2
ocd-division/country:us/state:or/sldl:district_52,State Representative,,Partisan,Election,2
ocd-division/country:us/state:or/sldl:district_53,State Representative,,Partisan,Election,2
ocd-division/country:us/state:or/sldl:district_54,State Representative,,Partisan,Election,2
ocd-division/country:us/state:or/sldl:district_55,State Representative,,Partisan,Election,2
ocd-division/country:us/state:or/sldl:district_56,State Representative,,Partisan,Election,2
ocd-division/country:us/state:or/sldl:district_57,State Representative,,Partisan,Election,2
ocd-division/country:us/state:or/sldl:district_58,State Representative,,Partisan,Election,2
ocd-division/country:us/state:or/sldl:district_59,State Representative,,Partisan,Election,2
ocd-division/country:us/state:or/sldl:district_6,State Representative,,Partisan,Election,2
ocd-division/country:us/state:or/sldl:district_60,State Representative,,Partisan,Election,2
ocd-division/country:us/state:or/sldl:district_7,State Representative,,Partisan,Election,2
ocd-division/country:us/state:or/sldl:district_8,State Representative,,Partisan,Election,2
ocd-division/country:us/state:or/sldl:district_9,State Representative,,Partisan,Election,2
ocd-division/country:us/state:or/sldu:district_1,State Senator,,Partisan,Election,4
ocd-division/country:us/state:or/sldu:district_10,State Senator,,Partisan,Election,4
ocd-division/country:us/state:or/sldu:district_11,State Senator,,Partisan,Election,4
ocd-division/country:us/state:or/sldu:district_12,State Senator,,Partisan,Election,4
ocd-division/country:us/state:or/sldu:district_13,State Senator,,Partisan,Election,4
ocd-division/country:us/state:or/sldu:district_14,State Senator,,Partisan,Election,4
ocd-division/country:us/state:or/sldu:district_15,State Senator,,Partisan,Election,4
ocd-division/country:us/state:or/sldu:district_16,State Senator,,Partisan,Election,4
ocd-division/country:us/state:or/sldu:district_17,State Senator,,Partisan,Election,4
ocd-division/country:us/state:or/sldu:district_18,State Senator,,Partisan,Election,4
ocd-division/country:us/state:or/sldu:district_19,State Senator,,Partisan,Election,4
ocd-division/country:us/state:or/sldu:district_2,State Senator,,Partisan,Election,4
ocd-division/country:us/state:or/sldu:district_20,State Senator,,Partisan,Election,4
ocd-division/country:us/state:or/sldu:district_21,State Senator,,Partisan,Election,4
ocd-division/country:us/state:or/sldu:district_22,State Senator,,Partisan,Election,4
ocd-division/country:us/state:or/sldu:district_23,State Senator,,Partisan,Election,4
ocd-division/country:us/state:or/sldu:district_24,State Senator,,Partisan,Election,4
ocd-division/country:us/state:or/sldu:district_25,State Senator,,Partisan,Election,4
ocd-division/country:us/state:or/sldu:district_26,State Senator,,Partisan,Election,4
ocd-division/country:us/state:or/sldu:district_27,State Senator,,Partisan,Election,4
ocd-division/country:us/state:or/sldu:district_28,State Senator,,Partisan,Election,4
ocd-division/country:us/state:or/sldu:district_29,State Senator,,Partisan,Election,4
ocd-division/country:us/state:or/sldu:district_3,State Senator,,Partisan,Election,4
ocd-division/country:us/state:or/sldu:district_30,State Senator,,Partisan,Election,4
ocd-division/country:us/state:or/sldu:district_4,State Senator,,Partisan,Election,4
ocd-division/country:us/state:or/sldu:district_5,State Senator,,Partisan,Election,4
ocd-division/country:us/state:or/sldu:district_6,State Senator,,Partisan,Election,4
ocd-division/country:us/state:or/sldu:district_7,State Senator,,Partisan,Election,4
ocd-division/country:us/state:or/sldu:district_8,State Senator,,Partisan,Election,4
ocd-division/country:us/state:or/sldu:district_9,State Senator,,Partisan,Election,4
ocd-division/country:us/state:or/special_district:adair_rural_fire_protection_district,Fire Protection District Board Member,Position 1,Non-partisan,Election,4
ocd-division/country:us/state:or/special_district:adair_rural_fire_protection_district,Fire Protection District Board Member,Position 2,Non-partisan,Election,4
ocd-division/country:us/state:or/special_district:adair_rural_fire_protection_district,Fire Protection District Board Member,Position 3,Non-partisan,Election,4
ocd-division/country:us/state:or/special_district:adair_rural_fire_protection_district,Fire Protection District Board Member,Position 4,Non-partisan,Election,4
ocd-division/country:us/state:or/special_district:adair_rural_fire_protection_district,Fire Protection District Board Member,Position 5,Non-partisan,Election,4
ocd-division/country:us/state:or/special_district:adrian_rural_fire_protection_district,Fire Protection District Board Member,Position 1,Non-partisan,Election,4
ocd-division/country:us/state:or/special_district:adrian_rural_fire_protection_district,Fire Protection District Board Member,Position 2,Non-partisan,Election,4
ocd-division/country:us/state:or/special_district:adrian_rural_fire_protection_district,Fire Protection District Board Member,Position 3,Non-partisan,Election,4
ocd-division/country:us/state:or/special_district:adrian_rural_fire_protection_district,Fire Protection District Board Member,Position 4,Non-partisan,Election,4
ocd-division/country:us/state:or/special_district:adrian_rural_fire_protection_district,Fire Protection District Board Member,Position 5,Non-partisan,Election,4
ocd-division/country:us/state:or/special_district:agness_community_library_district,Library District Board Member,Position 1,Non-partisan,Election,4
ocd-division/country:us/state:or/special_district:agness_community_library_district,Library District Board Member,Position 2,Non-partisan,Election,4
ocd-division/country:us/state:or/special_district:agness_community_library_district,Library District Board Member,Position 3,Non-partisan,Election,4
ocd-division/country:us/state:or/special_district:agness_community_library_district,Library District Board Member,Position 4,Non-partisan,Election,4
ocd-division/country:us/state:or/special_district:agness_illahe_rfpd,Fire Protection District Board Member,Position 1,Non-partisan,Election,4
ocd-division/country:us/state:or/special_district:agness_illahe_rfpd,Fire Protection District Board Member,Position 2,Non-partisan,Election,4
ocd-division/country:us/state:or/special_district:agness_illahe_rfpd,Fire Protection District Board Member,Position 3,Non-partisan,Election,4
ocd-division/country:us/state:or/special_district:agness_illahe_rfpd,Fire Protection District Board Member,Position 4,Non-partisan,Election,4
ocd-division/country:us/state:or/special_district:agness_illahe_rfpd,Fire Protection District Board Member,Position 5,Non-partisan,Election,4
ocd-division/country:us/state:or/special_district:albany_rural_fire_protection_district,Fire Protection District Board Member,Position 1,Non-partisan,Election,4
ocd-division/country:us/state:or/special_district:albany_rural_fire_protection_district,Fire Protection District Board Member,Position 2,Non-partisan,Election,4
ocd-division/country:us/state:or/special_district:albany_rural_fire_protection_district,Fire Protection District Board Member,Position 3,Non-partisan,Election,4
ocd-division/country:us/state:or/special_district:albany_rural_fire_protection_district,Fire Protection District Board Member,Position 4,Non-partisan,Election,4
ocd-division/country:us/state:or/special_district:albany_rural_fire_protection_district,Fire Protection District Board Member,Position 5,Non-partisan,Election,4
ocd-division/country:us/state:or/special_district:alder_creek_barlow_water_district,Water Supply Utility District Board Member,Position 1,Non-partisan,Election,4
ocd-division/country:us/state:or/special_district:alder_creek_barlow_water_district,Water Supply Utility District Board Member,Position 2,Non-partisan,Election,4
ocd-division/country:us/state:or/special_district:alder_creek_barlow_water_district,Water Supply Utility District Board Member,Position 3,Non-partisan,Election,4
ocd-division/country:us/state:or/special_district:alder_creek_barlow_water_district,Water Supply Utility District Board Member,Position 4,Non-partisan,Election,4
ocd-division/country:us/state:or/special_district:alder_creek_barlow_water_district,Water Supply Utility District Board Member,Position 5,Non-partisan,Election,2
ocd-division/country:us/state:or/special_district:alder_slope_cemetery_maintenance_district,Cemetery District Board Member,,Non-partisan,Election,4
ocd-division/country:us/state:or/special_district:alfalfa_fire_district,Fire Protection District Board Member,Position 1,Non-partisan,Election,4
ocd-division/country:us/state:or/special_district:alfalfa_fire_district,Fire Protection District Board Member,Position 3,Non-partisan,Election,4
ocd-division/country:us/state:or/special_district:alfalfa_fire_district,Fire Protection District Board Member,Position 4,Non-partisan,Election,2
ocd-division/country:us/state:or/special_district:alfalfa_fire_district,Fire Protection District Board Member,Position 5,Non-partisan,Election,4
ocd-division/country:us/state:or/special_district:alsea_cemetery_maintenance_district,Cemetery District Board Member,Position 1,,,4
ocd-division/country:us/state:or/special_district:alsea_cemetery_maintenance_district,Cemetery District Board Member,Position 2,Non-partisan,Election,4
ocd-division/country:us/state:or/special_district:alsea_cemetery_maintenance_district,Cemetery District Board Member,Position 3,Non-partisan,Election,4
ocd-division/country:us/state:or/special_district:alsea_rural_fire_protection_district,Fire Protection District Board Member,Position 1,Non-partisan,Election,4
ocd-division/country:us/state:or/special_district:alsea_rural_fire_protection_district,Fire Protection District Board Member,Position 2,Non-partisan,Election,4
ocd-division/country:us/state:or/special_district:alsea_rural_fire_protection_district,Fire Protection District Board Member,Position 3,Non-partisan,Election,4
ocd-division/country:us/state:or/special_district:alto_park_water_district,Water Supply Utility District Board Member,Position 2,Non-partisan,Election,4
ocd-division/country:us/state:or/special_district:alto_park_water_district,Water Supply Utility District Board Member,Position 4,Non-partisan,Election,4
ocd-division/country:us/state:or/special_district:amity_rural_fire_protection_district,Fire Protection District Board Member,Position 1,Non-partisan,Election,4
ocd-division/country:us/state:or/special_district:amity_rural_fire_protection_district,Fire Protection District Board Member,Position 2,Non-partisan,Election,4
ocd-division/country:us/state:or/special_district:amity_rural_fire_protection_district,Fire Protection District Board Member,Position 3,Non-partisan,Election,4
ocd-division/country:us/state:or/special_district:amity_rural_fire_protection_district,Fire Protection District Board Member,Position 4,Non-partisan,Election,4
ocd-division/country:us/state:or/special_district:amity_rural_fire_protection_district,Fire Protection District Board Member,Position 5,Non-partisan,Election,4
ocd-division/country:us/state:or/special_district:annex_rural_fire_protection_district,Fire Protection District Board Member,Position 2,Non-partisan,Election,4
ocd-division/country:us/state:or/special_district:annex_rural_fire_protection_district,Fire Protection District Board Member,Position 3,Non-partisan,Election,4
ocd-division/country:us/state:or/special_district:annex_rural_fire_protection_district,Fire Protection District Board Member,Position 5,Non-partisan,Election,4
ocd-division/country:us/state:or/special_district:applegate_valley_rural_fire_protection_district_9,Fire Protection District Board Member,Position 1,Non-partisan,Election,4
ocd-division/country:us/state:or/special_district:applegate_valley_rural_fire_protection_district_9,Fire Protection District Board Member,Position 2,Non-partisan,Election,4
ocd-division/country:us/state:or/special_district:applegate_valley_rural_fire_protection_district_9,Fire Protection District Board Member,Position 3,Non-partisan,Election,4
ocd-division/country:us/state:or/special_district:applegate_valley_rural_fire_protection_district_9,Fire Protection District Board Member,Position 4,Non-partisan,Election,4
ocd-division/country:us/state:or/special_district:applegate_valley_rural_fire_protection_district_9,Fire Protection District Board Member,Position 5,Non-partisan,Election,4
ocd-division/country:us/state:or/special_district:arch_cape_domestic_water_supply_district,Water Supply Utility District Board Member,Position 1,Non-partisan,Election,4
ocd-division/country:us/state:or/special_district:arch_cape_domestic_water_supply_district,Water Supply Utility District Board Member,Position 2,Non-partisan,Election,4
ocd-division/country:us/state:or/special_district:arch_cape_domestic_water_supply_district,Water Supply Utility District Board Member,Position 3,Non-partisan,Election,4
ocd-division/country:us/state:or/special_district:arch_cape_domestic_water_supply_district,Water Supply Utility District Board Member,Position 4,Non-partisan,Election,2
ocd-division/country:us/state:or/special_district:arch_cape_domestic_water_supply_district,Water Supply Utility District Board Member,Position 5,Non-partisan,Election,4
ocd-division/country:us/state:or/special_district:arch_cape_sanitary_district,Sewerage District Board Member,Position 1,Non-partisan,Election,2
ocd-division/country:us/state:or/special_district:arch_cape_sanitary_district,Sewerage District Board Member,Position 2,Non-partisan,Election,4
ocd-division/country:us/state:or/special_district:arch_cape_sanitary_district,Sewerage District Board Member,Position 4,Non-partisan,Election,4
ocd-division/country:us/state:or/special_district:arch_cape_sanitary_district,Sewerage District Board Member,Position 5,Non-partisan,Election,4
ocd-division/country:us/state:or/special_district:arnold_irrigation_district/board_district:zone_1,Irrigation District Board Member,,Non-partisan,Election,4
ocd-division/country:us/state:or/special_district:arnold_irrigation_district/board_district:zone_2,Irrigation District Board Member,,Non-partisan,Election,4
ocd-division/country:us/state:or/special_district:arnold_irrigation_district/board_district:zone_3,Irrigation District Board Member,,Non-partisan,Election,4
ocd-division/country:us/state:or/special_district:arnold_irrigation_district/board_district:zone_4,Irrigation District Board Member,,Non-partisan,Election,4
ocd-division/country:us/state:or/special_district:arnold_irrigation_district/board_district:zone_5,Irrigation District Board Member,,Non-partisan,Election,4
ocd-division/country:us/state:or/special_district:asbahr-pilkington_special_road_district,Highway District Board Member,Position 2,Non-partisan,Election,4
ocd-division/country:us/state:or/special_district:asbahr-pilkington_special_road_district,Highway District Board Member,Position 3,Non-partisan,Election,4
ocd-division/country:us/state:or/special_district:ash_creek_water_control_district/board_district:zone_1,Flood Control District Board Member,,Non-partisan,Election,4
ocd-division/country:us/state:or/special_district:ash_creek_water_control_district/board_district:zone_2,Flood Control District Board Member,,Non-partisan,Election,4
ocd-division/country:us/state:or/special_district:ash_creek_water_control_district/board_district:zone_3,Flood Control District Board Member,,Non-partisan,Election,4
ocd-division/country:us/state:or/special_district:ash_creek_water_control_district/board_district:zone_6,Flood Control District Board Member,,Non-partisan,Election,4
ocd-division/country:us/state:or/special_district:ash_creek_water_control_district/board_district:zone_7,Flood Control District Board Member,,Non-partisan,Election,4
ocd-division/country:us/state:or/special_district:ash_creek_water_control_district/board_district:zone_9,Flood Control District Board Member,,Non-partisan,Election,4
ocd-division/country:us/state:or/special_district:athena_cemetery_maintenance_district_1,Cemetery District Board Member,Position 3,Non-partisan,Election,4
ocd-division/country:us/state:or/special_district:aumsville_rural_fire_protection_district,Fire Protection District Board Member,Position 2,Non-partisan,Election,4
ocd-division/country:us/state:or/special_district:aumsville_rural_fire_protection_district,Fire Protection District Board Member,Position 3,Non-partisan,Election,4
ocd-division/country:us/state:or/special_district:aumsville_rural_fire_protection_district,Fire Protection District Board Member,Position 5,Non-partisan,Election,4
ocd-division/country:us/state:or/special_district:aurora_rural_fire_protection_district_63,Fire Protection District Board Member,Position 1,Non-partisan,Election,4
ocd-division/country:us/state:or/special_district:aurora_rural_fire_protection_district_63,Fire Protection District Board Member,Position 2,Non-partisan,Election,4
ocd-division/country:us/state:or/special_district:aurora_rural_fire_protection_district_63,Fire Protection District Board Member,Position 3,Non-partisan,Election,4
ocd-division/country:us/state:or/special_district:aurora_rural_fire_protection_district_63,Fire Protection District Board Member,Position 4,Non-partisan,Election,4
ocd-division/country:us/state:or/special_district:aurora_rural_fire_protection_district_63,Fire Protection District Board Member,Position 5,Non-partisan,Election,2
ocd-division/country:us/state:or/special_district:azalea_rural_fire_protection_district,Fire Protection District Board Member,Position 4,Non-partisan,Election,4
ocd-division/country:us/state:or/special_district:azalea_rural_fire_protection_district,Fire Protection District Board Member,Position 5,Non-partisan,Election,4
ocd-division/country:us/state:or/special_district:bailey_spencer_rural_fire_protection_district,Fire Protection District Board Member,Position 1,Non-partisan,Election,4
ocd-division/country:us/state:or/special_district:bailey_spencer_rural_fire_protection_district,Fire Protection District Board Member,Position 3,Non-partisan,Election,4
ocd-division/country:us/state:or/special_district:bailey_spencer_rural_fire_protection_district,Fire Protection District Board Member,Position 4,Non-partisan,Election,4
ocd-division/country:us/state:or/special_district:baker_county_library_district,Library District Board Member,Position 1,Non-partisan,Election,4
ocd-division/country:us/state:or/special_district:baker_county_library_district,Library District Board Member,Position 2,Non-partisan,Election,4
ocd-division/country:us/state:or/special_district:baker_county_library_district,Library District Board Member,Position 3,Non-partisan,Election,4
ocd-division/country:us/state:or/special_district:baker_county_library_district,Library District Board Member,Position 4,Non-partisan,Election,4
ocd-division/country:us/state:or/special_district:baker_county_library_district,Library District Board Member,Position 5,Non-partisan,Election,4
ocd-division/country:us/state:or/special_district:baker_rural_fire_protection_district,Fire Protection District Board Member,Position 1,Non-partisan,Election,4
ocd-division/country:us/state:or/special_district:baker_rural_fire_protection_district,Fire Protection District Board Member,Position 2,Non-partisan,Election,4
ocd-division/country:us/state:or/special_district:baker_rural_fire_protection_district,Fire Protection District Board Member,Position 3,Non-partisan,Election,4
ocd-division/country:us/state:or/special_district:baker_rural_fire_protection_district,Fire Protection District Board Member,Position 4,Non-partisan,Election,4
ocd-division/country:us/state:or/special_district:baker_rural_fire_protection_district,Fire Protection District Board Member,Position 5,Non-partisan,Election,4
ocd-division/country:us/state:or/special_district:baker_valley_soil_and_water_conservation_district,Soil and Water Conservation District Board Member,Position 1,Non-partisan,Election,4
ocd-division/country:us/state:or/special_district:baker_valley_soil_and_water_conservation_district,Soil and Water Conservation District Board Member,Position 2,Non-partisan,Election,4
ocd-division/country:us/state:or/special_district:baker_valley_soil_and_water_conservation_district/board_district:zone_1,Soil and Water Conservation District Board Member,,Non-partisan,Election,4
ocd-division/country:us/state:or/special_district:baker_valley_soil_and_water_conservation_district/board_district:zone_2,Soil and Water Conservation District Board Member,,Non-partisan,Election,4
ocd-division/country:us/state:or/special_district:baker_valley_soil_and_water_conservation_district/board_district:zone_4,Soil and Water Conservation District Board Member,,Non-partisan,Election,4
ocd-division/country:us/state:or/special_district:baker_valley_soil_and_water_conservation_district/board_district:zone_5,Soil and Water Conservation District Board Member,,Non-partisan,Election,4
ocd-division/country:us/state:or/special_district:bandon_cranberry_water_control_district,Water Supply Utility District Board Member,Position 1,Non-partisan,Election,4
ocd-division/country:us/state:or/special_district:bandon_cranberry_water_control_district,Water Supply Utility District Board Member,Position 2,Non-partisan,Election,4
ocd-division/country:us/state:or/special_district:bandon_rural_fire_protection_district,Fire Protection District Board Member,Position 1,Non-partisan,Election,4
ocd-division/country:us/state:or/special_district:bandon_rural_fire_protection_district,Fire Protection District Board Member,Position 2,Non-partisan,Election,4
ocd-division/country:us/state:or/special_district:bandon_rural_fire_protection_district,Fire Protection District Board Member,Position 3,Non-partisan,Election,4
ocd-division/country:us/state:or/special_district:bandon_rural_fire_protection_district,Fire Protection District Board Member,Position 4,Non-partisan,Election,4
ocd-division/country:us/state:or/special_district:bandon_rural_fire_protection_district,Fire Protection District Board Member,Position 5,Non-partisan,Election,4
ocd-division/country:us/state:or/special_district:banks_fire_district,Fire Protection District Board Member,Position 1,Non-partisan,Election,4
ocd-division/country:us/state:or/special_district:banks_fire_district,Fire Protection District Board Member,Position 2,Non-partisan,Election,4
ocd-division/country:us/state:or/special_district:banks_fire_district,Fire Protection District Board Member,Position 3,Non-partisan,Election,4
ocd-division/country:us/state:or/special_district:banks_fire_district,Fire Protection District Board Member,Position 4,Non-partisan,Election,4
ocd-division/country:us/state:or/special_district:banks_fire_district,Fire Protection District Board Member,Position 5,Non-partisan,Election,4
ocd-division/country:us/state:or/special_district:basin_transit_service_transportation_district,Public Mass Transit Utility District Board Member,,Non-partisan,Election,4
ocd-division/country:us/state:or/special_district:basin_transit_service_transportation_district,Public Mass Transit Utility District Board Member,,Non-partisan,Election,4
ocd-division/country:us/state:or/special_district:basin_transit_service_transportation_district,Public Mass Transit Utility District Board Member,,Non-partisan,Election,4
ocd-division/country:us/state:or/special_district:basin_transit_service_transportation_district,Public Mass Transit Utility District Board Member,,Non-partisan,Election,4
ocd-division/country:us/state:or/special_district:basin_transit_service_transportation_district,Public Mass Transit Utility District Board Member,,Non-partisan,Election,4
ocd-division/country:us/state:or/special_district:bay_area_health_district,Hospital District Board Member,Position 1,Non-partisan,Election,4
ocd-division/country:us/state:or/special_district:bay_area_health_district,Hospital District Board Member,Position 2,Non-partisan,Election,4
ocd-division/country:us/state:or/special_district:bay_area_health_district,Hospital District Board Member,Position 3,Non-partisan,Election,4
ocd-division/country:us/state:or/special_district:bay_area_health_district,Hospital District Board Member,Position 4,Non-partisan,Election,4
ocd-division/country:us/state:or/special_district:bay_area_health_district,Hospital District Board Member,Position 6,Non-partisan,Election,4
ocd-division/country:us/state:or/special_district:bear_creek_hideout_number_2_special_road_district,Highway District Board Member,Position 1,Non-partisan,Election,4
ocd-division/country:us/state:or/special_district:bear_creek_hideout_number_2_special_road_district,Highway District Board Member,Position 3,Non-partisan,Election,4
ocd-division/country:us/state:or/special_district:beaver_creek_water_control_district_marion,Flood Control District Board Member,,Non-partisan,Election,4
ocd-division/country:us/state:or/special_district:beaver_creek_water_control_district_marion,Flood Control District Board Member,,Non-partisan,Election,4
ocd-division/country:us/state:or/special_district:beaver_water_district,Water Supply Utility District Board Member,Position 5,Non-partisan,Election,4
ocd-division/country:us/state:or/special_district:bend_metro_parks_and_recreation_district,Parks and Recreation District Board Member,,Non-partisan,Election,4
ocd-division/country:us/state:or/special_district:bend_metro_parks_and_recreation_district,Parks and Recreation District Board Member,,Non-partisan,Election,4
ocd-division/country:us/state:or/special_district:bend_metro_parks_and_recreation_district,Parks and Recreation District Board Member,Position 3,Non-partisan,Election,4
ocd-division/country:us/state:or/special_district:bend_metro_parks_and_recreation_district,Parks and Recreation District Board Member,Position 4,Non-partisan,Election,4
ocd-division/country:us/state:or/special_district:bend_metro_parks_and_recreation_district,Parks and Recreation District Board Member,Position 5,Non-partisan,Election,4
ocd-division/country:us/state:or/special_district:benton_county_soil_and_water_conservation_district,Soil and Water Conservation District Board Member,Position 6,Non-partisan,Election,4
ocd-division/country:us/state:or/special_district:benton_county_soil_and_water_conservation_district,Soil and Water Conservation District Board Member,Position 7,Non-partisan,Election,4
ocd-division/country:us/state:or/special_district:benton_county_soil_and_water_conservation_district/board_district:zone_1,Soil and Water Conservation District Board Member,,Non-partisan,Election,4
ocd-division/country:us/state:or/special_district:benton_county_soil_and_water_conservation_district/board_district:zone_2,Soil and Water Conservation District Board Member,,Non-partisan,Election,4
ocd-division/country:us/state:or/special_district:benton_county_soil_and_water_conservation_district/board_district:zone_3,Soil and Water Conservation District Board Member,,Non-partisan,Election,
ocd-division/country:us/state:or/special_district:benton_county_soil_and_water_conservation_district/board_district:zone_4,Soil and Water Conservation District Board Member,,Non-partisan,Election,4
ocd-division/country:us/state:or/special_district:benton_county_soil_and_water_conservation_district/board_district:zone_5,Soil and Water Conservation District Board Member,,Non-partisan,Election,4
ocd-division/country:us/state:or/special_district:beverly_beach_water_district,Water Supply Utility District Board Member,,Non-partisan,Election,4
ocd-division/country:us/state:or/special_district:beverly_beach_water_district,Water Supply Utility District Board Member,,Non-partisan,Election,4
ocd-division/country:us/state:or/special_district:beverly_beach_water_district,Water Supply Utility District Board Member,,Non-partisan,Election,4
ocd-division/country:us/state:or/special_district:beverly_beach_water_district,Water Supply Utility District Board Member,Position 1,Non-partisan,Election,4
ocd-division/country:us/state:or/special_district:beverly_beach_water_district,Water Supply Utility District Board Member,Position 2,Non-partisan,Election,4
ocd-division/country:us/state:or/special_district:birch_creek_water_control_district,Flood Control District Board Member,Position 1,Non-partisan,Election,4
ocd-division/country:us/state:or/special_district:birch_creek_water_control_district,Flood Control District Board Member,Position 2,Non-partisan,Election,4
ocd-division/country:us/state:or/special_district:birch_creek_water_control_district,Flood Control District Board Member,Position 3,Non-partisan,Election,4
ocd-division/country:us/state:or/special_district:birch_creek_water_control_district,Flood Control District Board Member,Position 4,Non-partisan,Election,4
ocd-division/country:us/state:or/special_district:birch_creek_water_control_district,Flood Control District Board Member,Position 5,Non-partisan,Election,4
ocd-division/country:us/state:or/special_district:birch_creek_water_control_district,Flood Control District Board Member,Position 6,Non-partisan,Election,4
ocd-division/country:us/state:or/special_district:birch_creek_water_control_district,Flood Control District Board Member,Position 7,Non-partisan,Election,4
ocd-division/country:us/state:or/special_district:black_butte_ranch_rural_fire_protection_district,Fire Protection District Board Member,Position 1,Non-partisan,Election,4
ocd-division/country:us/state:or/special_district:black_butte_ranch_rural_fire_protection_district,Fire Protection District Board Member,Position 2,Non-partisan,Election,4
ocd-division/country:us/state:or/special_district:black_butte_ranch_rural_fire_protection_district,Fire Protection District Board Member,Position 3,Non-partisan,Election,4
ocd-division/country:us/state:or/special_district:black_butte_ranch_rural_fire_protection_district,Fire Protection District Board Member,Position 4,Non-partisan,Election,4
ocd-division/country:us/state:or/special_district:black_butte_ranch_rural_fire_protection_district,Fire Protection District Board Member,Position 5,Non-partisan,Election,4
ocd-division/country:us/state:or/special_district:blodgett_summit_rural_fire_protection_district,Fire Protection District Board Member,Position 1,Non-partisan,Election,4
ocd-division/country:us/state:or/special_district:blodgett_summit_rural_fire_protection_district,Fire Protection District Board Member,Position 2,Non-partisan,Election,4
ocd-division/country:us/state:or/special_district:blodgett_summit_rural_fire_protection_district,Fire Protection District Board Member,Position 3,Non-partisan,Election,4
ocd-division/country:us/state:or/special_district:blodgett_summit_rural_fire_protection_district,Fire Protection District Board Member,Position 4,Non-partisan,Election,4
ocd-division/country:us/state:or/special_district:blodgett_summit_rural_fire_protection_district,Fire Protection District Board Member,Position 5,Non-partisan,Election,4
ocd-division/country:us/state:or/special_district:blue_mountain_hospital_district,Hospital District Board Member,,Non-partisan,Election,4
ocd-division/country:us/state:or/special_district:blue_mountain_hospital_district,Hospital District Board Member,,Non-partisan,Election,4
ocd-division/country:us/state:or/special_district:blue_mountain_hospital_district,Hospital District Board Member,Position 1,Non-partisan,Election,4
ocd-division/country:us/state:or/special_district:blue_mountain_hospital_district,Hospital District Board Member,Position 2,Non-partisan,Election,4
ocd-division/country:us/state:or/special_district:blue_mountain_hospital_district,Hospital District Board Member,Position 3,Non-partisan,Election,4
ocd-division/country:us/state:or/special_district:blue_mountain_hospital_district,Hospital District Board Member,Position 4,Non-partisan,Election,4
ocd-division/country:us/state:or/special_district:blue_mountain_hospital_district,Hospital District Board Member,Position 5,Non-partisan,Election,4
ocd-division/country:us/state:or/special_district:blue_mountain_television_translator_district,Television and Cable District Board Member,,Non-partisan,Election,4
ocd-division/country:us/state:or/special_district:blue_mountain_television_translator_district,Television and Cable District Board Member,,Non-partisan,Election,4
ocd-division/country:us/state:or/special_district:blue_mountain_television_translator_district,Television and Cable District Board Member,,Non-partisan,Election,4
ocd-division/country:us/state:or/special_district:blue_mountain_television_translator_district,Television and Cable District Board Member,,Non-partisan,Election,4
ocd-division/country:us/state:or/special_district:blue_mountain_television_translator_district,Television and Cable District Board Member,,Non-partisan,Election,4
ocd-division/country:us/state:or/special_district:blue_river_parks_and_recreation_district,Parks and Recreation District Board Member,Position 1,Non-partisan,Election,4
ocd-division/country:us/state:or/special_district:blue_river_parks_and_recreation_district,Parks and Recreation District Board Member,Position 2,Non-partisan,Election,4
ocd-division/country:us/state:or/special_district:blue_river_parks_and_recreation_district,Parks and Recreation District Board Member,Position 4,Non-partisan,Election,4
ocd-division/country:us/state:or/special_district:blue_river_parks_and_recreation_district,Parks and Recreation District Board Member,Position 5,Non-partisan,Election,4
ocd-division/country:us/state:or/special_district:blue_river_water_district,Water Supply Utility District Board Member,Position 1,Non-partisan,Election,4
ocd-division/country:us/state:or/special_district:blue_river_water_district,Water Supply Utility District Board Member,Position 2,Non-partisan,Election,4
ocd-division/country:us/state:or/special_district:blue_river_water_district,Water Supply Utility District Board Member,Position 3,Non-partisan,Election,4
ocd-division/country:us/state:or/special_district:blue_river_water_district,Water Supply Utility District Board Member,Position 4,Non-partisan,Election,4
ocd-division/country:us/state:or/special_district:blue_river_water_district,Water Supply Utility District Board Member,Position 5,Non-partisan,Election,4
ocd-division/country:us/state:or/special_district:bly_rural_fire_protection_district,Fire Protection District Board Member,Position 1,Non-partisan,Election,4
ocd-division/country:us/state:or/special_district:bly_rural_fire_protection_district,Fire Protection District Board Member,Position 2,Non-partisan,Election,4
ocd-division/country:us/state:or/special_district:bly_rural_fire_protection_district,Fire Protection District Board Member,Position 3,Non-partisan,Election,4
ocd-division/country:us/state:or/special_district:bly_rural_fire_protection_district,Fire Protection District Board Member,Position 4,Non-partisan,Election,4
ocd-division/country:us/state:or/special_district:bly_rural_fire_protection_district,Fire Protection District Board Member,Position 5,Non-partisan,Election,4
ocd-division/country:us/state:or/special_district:boardman_cemetery_maintenance_district,Cemetery District Board Member,,Non-partisan,Election,4
ocd-division/country:us/state:or/special_district:boardman_cemetery_maintenance_district,Cemetery District Board Member,,Non-partisan,Election,4
ocd-division/country:us/state:or/special_district:boardman_parks_and_recreation_district,Parks and Recreation District Board Member,,Non-partisan,Election,4
ocd-division/country:us/state:or/special_district:boardman_parks_and_recreation_district,Parks and Recreation District Board Member,,Non-partisan,Election,4
ocd-division/country:us/state:or/special_district:boardman_parks_and_recreation_district,Parks and Recreation District Board Member,,Non-partisan,Election,4
ocd-division/country:us/state:or/special_district:boardman_parks_and_recreation_district,Parks and Recreation District Board Member,,Non-partisan,Election,4
ocd-division/country:us/state:or/special_district:boardman_parks_and_recreation_district,Parks and Recreation District Board Member,,Non-partisan,Election,4
ocd-division/country:us/state:or/special_district:boardman_rural_fire_protection_district,Fire Protection District Board Member,,Non-partisan,Election,4
ocd-division/country:us/state:or/special_district:boardman_rural_fire_protection_district,Fire Protection District Board Member,,Non-partisan,Election,4
ocd-division/country:us/state:or/special_district:boardman_rural_fire_protection_district,Fire Protection District Board Member,,Non-partisan,Election,4
ocd-division/country:us/state:or/special_district:boardman_rural_fire_protection_district,Fire Protection District Board Member,,Non-partisan,Election,4
ocd-division/country:us/state:or/special_district:boardman_rural_fire_protection_district,Fire Protection District Board Member,,Non-partisan,Election,4
ocd-division/country:us/state:or/special_district:bonanza_big_springs_parks_and_recreation_district,Parks and Recreation District Board Member,Position 3,Non-partisan,Election,4
ocd-division/country:us/state:or/special_district:bonanza_big_springs_parks_and_recreation_district,Parks and Recreation District Board Member,Position 4,Non-partisan,Election,4
ocd-division/country:us/state:or/special_district:bonanza_memorial_park_cemetery_district,Cemetery District Board Member,Position 1,Non-partisan,Election,4
ocd-division/country:us/state:or/special_district:bonanza_memorial_park_cemetery_district,Cemetery District Board Member,Position 2,Non-partisan,Election,4
ocd-division/country:us/state:or/special_district:bonanza_rural_fire_protection_district,Fire Protection District Board Member,Position 1,Non-partisan,Election,4
ocd-division/country:us/state:or/special_district:bonanza_rural_fire_protection_district,Fire Protection District Board Member,Position 2,Non-partisan,Election,4
ocd-division/country:us/state:or/special_district:boring_water_district,Water Supply Utility District Board Member,Position 1,Non-partisan,Election,4
ocd-division/country:us/state:or/special_district:boring_water_district,Water Supply Utility District Board Member,Position 2,Non-partisan,Election,4
ocd-division/country:us/state:or/special_district:boring_water_district,Water Supply Utility District Board Member,Position 3,Non-partisan,Election,4
ocd-division/country:us/state:or/special_district:boring_water_district,Water Supply Utility District Board Member,Position 4,Non-partisan,Election,4
ocd-division/country:us/state:or/special_district:boring_water_district,Water Supply Utility District Board Member,Position 5,Non-partisan,Election,4
ocd-division/country:us/state:or/special_district:bridge_rural_fire_protection_district,Fire Protection District Board Member,Position 2,Non-partisan,Election,4
ocd-division/country:us/state:or/special_district:brookings_rural_fire_protection_district,Fire Protection District Board Member,Position 2,Non-partisan,Election,4
ocd-division/country:us/state:or/special_district:brookings_rural_fire_protection_district,Fire Protection District Board Member,Position 5,Non-partisan,Election,4
ocd-division/country:us/state:or/special_district:brownsville_rural_fire_protection_district,Fire Protection District Board Member,Position 4,Non-partisan,Election,4
ocd-division/country:us/state:or/special_district:brownsville_rural_fire_protection_district,Fire Protection District Board Member,Position 5,Non-partisan,Election,4
ocd-division/country:us/state:or/special_district:buell_red_prairie_water_district,Water Supply Utility District Board Member,,Non-partisan,Election,4
ocd-division/country:us/state:or/special_district:buell_red_prairie_water_district,Water Supply Utility District Board Member,Position 1,Non-partisan,Election,4
ocd-division/country:us/state:or/special_district:buell_red_prairie_water_district,Water Supply Utility District Board Member,Position 2,Non-partisan,Election,4
ocd-division/country:us/state:or/special_district:buell_red_prairie_water_district,Water Supply Utility District Board Member,Position 3,Non-partisan,Election,4
ocd-division/country:us/state:or/special_district:bunker_hill_rural_fire_protection_district_1,Fire Protection District Board Member,Position 1,Non-partisan,Election,4
ocd-division/country:us/state:or/special_district:bunker_hill_rural_fire_protection_district_1,Fire Protection District Board Member,Position 4,Non-partisan,Election,4
ocd-division/country:us/state:or/special_district:bunker_hill_rural_fire_protection_district_1,Fire Protection District Board Member,Position 5,Non-partisan,Election,4
ocd-division/country:us/state:or/special_district:bunker_hill_sanitary_district,Sewerage District Board Member,Position 1,Non-partisan,Election,4
ocd-division/country:us/state:or/special_district:bunker_hill_sanitary_district,Sewerage District Board Member,Position 3,Non-partisan,Election,4
ocd-division/country:us/state:or/special_district:burlington_water_district,Water Supply Utility District Board Member,Position 2,Non-partisan,Election,4
ocd-division/country:us/state:or/special_district:burnt_river_soil_and_water_conservation_district,Soil and Water Conservation District Board Member,Position 1,Non-partisan,Election,4
ocd-division/country:us/state:or/special_district:burnt_river_soil_and_water_conservation_district,Soil and Water Conservation District Board Member,Position 2,Non-partisan,Election,4
ocd-division/country:us/state:or/special_district:burnt_river_soil_and_water_conservation_district/board_district:zone_1,Soil and Water Conservation District Board Member,,Non-partisan,Election,4
ocd-division/country:us/state:or/special_district:burnt_river_soil_and_water_conservation_district/board_district:zone_2,Soil and Water Conservation District Board Member,,Non-partisan,Election,4
ocd-division/country:us/state:or/special_district:calapooia_rural_fire_protection_district,Fire Protection District Board Member,Position 2,Non-partisan,Election,4
ocd-division/country:us/state:or/special_district:calapooia_rural_fire_protection_district,Fire Protection District Board Member,Position 3,Non-partisan,Election,4
ocd-division/country:us/state:or/special_district:calapooia_rural_fire_protection_district,Fire Protection District Board Member,Position 4,Non-partisan,Election,4
ocd-division/country:us/state:or/special_district:calapooia_rural_fire_protection_district,Fire Protection District Board Member,Position 5,Non-partisan,Election,4
ocd-division/country:us/state:or/special_district:camas_valley_rural_fire_district,Fire Protection District Board Member,Position 3,Non-partisan,Election,4
ocd-division/country:us/state:or/special_district:camas_valley_rural_fire_district,Fire Protection District Board Member,Position 4,Non-partisan,Election,4
ocd-division/country:us/state:or/special_district:camas_valley_rural_fire_district,Fire Protection District Board Member,Position 5,Non-partisan,Election,4
ocd-division/country:us/state:or/special_district:camellia_park_sanitary_district,Sewerage District Board Member,Position 3,Non-partisan,Election,4
ocd-division/country:us/state:or/special_district:cammann_road_district,Highway District Board Member,Position 2,Non-partisan,Election,4
ocd-division/country:us/state:or/special_district:canby_area_parks_and_recreation_district,Parks and Recreation District Board Member,Position 5,Non-partisan,Election,4
ocd-division/country:us/state:or/special_district:canby_rural_fire_protection_district_62/board_district:zone_1,Fire Protection District Board Member,,Non-partisan,Election,4
ocd-division/country:us/state:or/special_district:canby_rural_fire_protection_district_62/board_district:zone_2,Fire Protection District Board Member,,Non-partisan,Election,4
ocd-division/country:us/state:or/special_district:canby_rural_fire_protection_district_62/board_district:zone_3,Fire Protection District Board Member,,Non-partisan,Election,4
ocd-division/country:us/state:or/special_district:canby_rural_fire_protection_district_62/board_district:zone_4,Fire Protection District Board Member,,Non-partisan,Election,4
ocd-division/country:us/state:or/special_district:canby_rural_fire_protection_district_62/board_district:zone_5,Fire Protection District Board Member,,Non-partisan,Election,4
ocd-division/country:us/state:or/special_district:cannon_beach_rural_fire_protection_district,Fire Protection District Board Member,Position 1,Non-partisan,Election,4
ocd-division/country:us/state:or/special_district:cannon_beach_rural_fire_protection_district,Fire Protection District Board Member,Position 2,Non-partisan,Election,4
ocd-division/country:us/state:or/special_district:cannon_beach_rural_fire_protection_district,Fire Protection District Board Member,Position 3,Non-partisan,Election,4
ocd-division/country:us/state:or/special_district:cannon_beach_rural_fire_protection_district,Fire Protection District Board Member,Position 4,Non-partisan,Election,4
ocd-division/country:us/state:or/special_district:cannon_beach_rural_fire_protection_district,Fire Protection District Board Member,Position 5,Non-partisan,Election,4
ocd-division/country:us/state:or/special_district:canyonville_south_umpqua_rural_fire_protection_district,Fire Protection District Board Member,Position 4,Non-partisan,Election,4
ocd-division/country:us/state:or/special_district:canyonville_south_umpqua_rural_fire_protection_district,Fire Protection District Board Member,Position 5,Non-partisan,Election,4
ocd-division/country:us/state:or/special_district:cape_ferrelo_rural_fire_protection_district,Fire Protection District Board Member,Position 3,Non-partisan,Election,4
ocd-division/country:us/state:or/special_district:cape_ferrelo_rural_fire_protection_district,Fire Protection District Board Member,Position 4,Non-partisan,Election,4
ocd-division/country:us/state:or/special_district:cape_ferrelo_rural_fire_protection_district,Fire Protection District Board Member,Position 5,Non-partisan,Election,4
ocd-division/country:us/state:or/special_district:cedar_valley_north_bank_rural_fire_protection_district,Fire Protection District Board Member,Position 3,Non-partisan,Election,4
ocd-division/country:us/state:or/special_district:central_cascades_fire_and_ems_district,Fire Protection District Board Member,,Non-partisan,Election,4
ocd-division/country:us/state:or/special_district:central_cascades_fire_and_ems_district,Fire Protection District Board Member,Position 1,Non-partisan,Election,4
ocd-division/country:us/state:or/special_district:central_cascades_fire_and_ems_district,Fire Protection District Board Member,Position 2,Non-partisan,Election,4
ocd-division/country:us/state:or/special_district:central_cascades_fire_and_ems_district,Fire Protection District Board Member,Position 4,Non-partisan,Election,4
ocd-division/country:us/state:or/special_district:central_cascades_fire_and_ems_district,Fire Protection District Board Member,Position 5,Non-partisan,Election,4
ocd-division/country:us/state:or/special_district:central_lincoln_peoples_utility_district/board_district:subdivision_1,Electric Power Utility District Board Member,,Non-partisan,Election,4
ocd-division/country:us/state:or/special_district:central_lincoln_peoples_utility_district/board_district:subdivision_2,Electric Power Utility District Board Member,,Non-partisan,Election,4
ocd-division/country:us/state:or/special_district:central_lincoln_peoples_utility_district/board_district:subdivision_3,Electric Power Utility District Board Member,,Non-partisan,Election,
ocd-division/country:us/state:or/special_district:central_lincoln_peoples_utility_district/board_district:subdivision_4,Electric Power Utility District Board Member,,Non-partisan,Election,4
ocd-division/country:us/state:or/special_district:central_lincoln_peoples_utility_district/board_district:subdivision_5,Electric Power Utility District Board Member,,Non-partisan,Election,4
ocd-division/country:us/state:or/special_district:central_oregon_coast_fire_and_rescue_district,Fire Protection District Board Member,Position 1,Non-partisan,Election,4
ocd-division/country:us/state:or/special_district:central_oregon_coast_fire_and_rescue_district,Fire Protection District Board Member,Position 2,Non-partisan,Election,4
ocd-division/country:us/state:or/special_district:central_oregon_coast_fire_and_rescue_district,Fire Protection District Board Member,Position 3,Non-partisan,Election,4
ocd-division/country:us/state:or/special_district:central_oregon_coast_fire_and_rescue_district,Fire Protection District Board Member,Position 4,Non-partisan,Election,4
ocd-division/country:us/state:or/special_district:central_oregon_coast_fire_and_rescue_district,Fire Protection District Board Member,Position 5,Non-partisan,Election,4
ocd-division/country:us/state:or/special_district:central_oregon_irrigation_district,Irrigation District Board Member,Position 1,Non-partisan,Election,4
ocd-division/country:us/state:or/special_district:central_oregon_irrigation_district,Irrigation District Board Member,Position 2,Non-partisan,Election,4
ocd-division/country:us/state:or/special_district:central_oregon_irrigation_district,Irrigation District Board Member,Position 3,Non-partisan,Election,4
ocd-division/country:us/state:or/special_district:central_oregon_irrigation_district,Irrigation District Board Member,Position 4,Non-partisan,Election,4
ocd-division/country:us/state:or/special_district:central_oregon_irrigation_district,Irrigation District Board Member,Position 5,Non-partisan,Election,4
ocd-division/country:us/state:or/special_district:charleston_rural_fire_protection_district,Fire Protection District Board Member,,Non-partisan,Election,4
ocd-division/country:us/state:or/special_district:charleston_rural_fire_protection_district,Fire Protection District Board Member,,Non-partisan,Election,4
ocd-division/country:us/state:or/special_district:charleston_rural_fire_protection_district,Fire Protection District Board Member,,Non-partisan,Election,4
ocd-division/country:us/state:or/special_district:charleston_rural_fire_protection_district,Fire Protection District Board Member,Position 2,Non-partisan,Election,4
ocd-division/country:us/state:or/special_district:charleston_rural_fire_protection_district,Fire Protection District Board Member,Position 4,Non-partisan,Election,4
ocd-division/country:us/state:or/special_district:charleston_sanitary_district,Sewerage District Board Member,Position 1,Non-partisan,Election,4
ocd-division/country:us/state:or/special_district:charleston_sanitary_district,Sewerage District Board Member,Position 2,Non-partisan,Election,4
ocd-division/country:us/state:or/special_district:charleston_sanitary_district,Sewerage District Board Member,Position 3,Non-partisan,Election,4
ocd-division/country:us/state:or/special_district:charleston_sanitary_district,Sewerage District Board Member,Position 4,Non-partisan,Election,4
ocd-division/country:us/state:or/special_district:charleston_sanitary_district,Sewerage District Board Member,Position 5,Non-partisan,Election,4
ocd-division/country:us/state:or/special_district:charlotte_ann_water_district,Water Supply Utility District Board Member,Position 1,Non-partisan,Election,4
ocd-division/country:us/state:or/special_district:charlotte_ann_water_district,Water Supply Utility District Board Member,Position 2,Non-partisan,Election,4
ocd-division/country:us/state:or/special_district:charlotte_ann_water_district,Water Supply Utility District Board Member,Position 3,Non-partisan,Election,4
ocd-division/country:us/state:or/special_district:charlotte_ann_water_district,Water Supply Utility District Board Member,Position 5,Non-partisan,Election,4
ocd-division/country:us/state:or/special_district:chehalem_parks_and_recreation_district,Parks and Recreation District Board Member,,Non-partisan,Election,4
ocd-division/country:us/state:or/special_district:chehalem_parks_and_recreation_district,Parks and Recreation District Board Member,,Non-partisan,Election,4
ocd-division/country:us/state:or/special_district:chehalem_parks_and_recreation_district,Parks and Recreation District Board Member,,Non-partisan,Election,4
ocd-division/country:us/state:or/special_district:chehalem_parks_and_recreation_district,Parks and Recreation District Board Member,,Non-partisan,Election,4
ocd-division/country:us/state:or/special_district:chehalem_parks_and_recreation_district,Parks and Recreation District Board Member,,Non-partisan,Election,4
ocd-division/country:us/state:or/special_district:chenowith_water_public_utilities_district,Water Supply Utility District Board Member,Position 1,Non-partisan,Election,4
ocd-division/country:us/state:or/special_district:chenowith_water_public_utilities_district,Water Supply Utility District Board Member,Position 2,Non-partisan,Election,4
ocd-division/country:us/state:or/special_district:chenowith_water_public_utilities_district,Water Supply Utility District Board Member,Position 3,Non-partisan,Election,4
ocd-division/country:us/state:or/special_district:chenowith_water_public_utilities_district,Water Supply Utility District Board Member,Position 4,Non-partisan,Election,4
ocd-division/country:us/state:or/special_district:chenowith_water_public_utilities_district,Water Supply Utility District Board Member,Position 5,Non-partisan,Election,4
ocd-division/country:us/state:or/special_district:chetco_community_library_district,Library District Board Member,Position 1,Non-partisan,Election,4
ocd-division/country:us/state:or/special_district:chetco_community_library_district,Library District Board Member,Position 2,Non-partisan,Election,4
ocd-division/country:us/state:or/special_district:chetco_community_library_district,Library District Board Member,Position 3,Non-partisan,Election,4
ocd-division/country:us/state:or/special_district:chetco_community_library_district,Library District Board Member,Position 4,Non-partisan,Election,4
ocd-division/country:us/state:or/special_district:chetco_community_library_district,Library District Board Member,Position 5,Non-partisan,Election,4
ocd-division/country:us/state:or/special_district:chiloquin_agency_lake_rural_fire_protection_district,Fire Protection District Board Member,Position 1,Non-partisan,Election,4
ocd-division/country:us/state:or/special_district:chiloquin_agency_lake_rural_fire_protection_district,Fire Protection District Board Member,Position 2,Non-partisan,Election,4
ocd-division/country:us/state:or/special_district:chiloquin_agency_lake_rural_fire_protection_district,Fire Protection District Board Member,Position 3,Non-partisan,Election,4
ocd-division/country:us/state:or/special_district:chiloquin_agency_lake_rural_fire_protection_district,Fire Protection District Board Member,Position 4,Non-partisan,Election,4
ocd-division/country:us/state:or/special_district:chiloquin_agency_lake_rural_fire_protection_district,Fire Protection District Board Member,Position 5,Non-partisan,Election,2
ocd-division/country:us/state:or/special_district:christmas_valley_domestic_water_supply_district,Water Supply Utility District Board Member,Position 3,Non-partisan,Election,4
ocd-division/country:us/state:or/special_district:christmas_valley_parks_and_recreation_district,Parks and Recreation District Board Member,,Non-partisan,Election,4
ocd-division/country:us/state:or/special_district:christmas_valley_parks_and_recreation_district,Parks and Recreation District Board Member,,Non-partisan,Election,4
ocd-division/country:us/state:or/special_district:christmas_valley_parks_and_recreation_district,Parks and Recreation District Board Member,,Non-partisan,Election,4
ocd-division/country:us/state:or/special_district:christmas_valley_parks_and_recreation_district,Parks and Recreation District Board Member,,Non-partisan,Election,4
ocd-division/country:us/state:or/special_district:christmas_valley_parks_and_recreation_district,Parks and Recreation District Board Member,Position 3,Non-partisan,Election,4
ocd-division/country:us/state:or/special_district:christmas_valley_rural_fire_protection_district,Fire Protection District Board Member,Position 3,Non-partisan,Election,4
ocd-division/country:us/state:or/special_district:clackamas_county_rural_fire_protection_district_1,Fire Protection District Board Member,,Non-partisan,Election,4
ocd-division/country:us/state:or/special_district:clackamas_county_rural_fire_protection_district_1,Fire Protection District Board Member,,Non-partisan,Election,4
ocd-division/country:us/state:or/special_district:clackamas_county_rural_fire_protection_district_1,Fire Protection District Board Member,,Non-partisan,Election,4
ocd-division/country:us/state:or/special_district:clackamas_county_rural_fire_protection_district_1,Fire Protection District Board Member,Position 2,Non-partisan,Election,4
ocd-division/country:us/state:or/special_district:clackamas_county_rural_fire_protection_district_1,Fire Protection District Board Member,Position 4,Non-partisan,Election,4
ocd-division/country:us/state:or/special_district:clackamas_county_soil_and_water_conservation_district,Soil and Water Conservation District Board Member,Position 1,Non-partisan,Election,4
ocd-division/country:us/state:or/special_district:clackamas_county_soil_and_water_conservation_district,Soil and Water Conservation District Board Member,Position 2,Non-partisan,Election,4
ocd-division/country:us/state:or/special_district:clackamas_county_soil_and_water_conservation_district/board_district:zone_1,Soil and Water Conservation District Board Member,,Non-partisan,Election,4
ocd-division/country:us/state:or/special_district:clackamas_county_soil_and_water_conservation_district/board_district:zone_2,Soil and Water Conservation District Board Member,,Non-partisan,Election,4
ocd-division/country:us/state:or/special_district:clackamas_county_soil_and_water_conservation_district/board_district:zone_3,Soil and Water Conservation District Board Member,,Non-partisan,Election,4
ocd-division/country:us/state:or/special_district:clackamas_county_soil_and_water_conservation_district/board_district:zone_4,Soil and Water Conservation District Board Member,,Non-partisan,Election,4
ocd-division/country:us/state:or/special_district:clackamas_county_soil_and_water_conservation_district/board_district:zone_5,Soil and Water Conservation District Board Member,,Non-partisan,Election,4
ocd-division/country:us/state:or/special_district:clackamas_river_water_district,Water Supply Utility District Board Member,Position 1,Non-partisan,Election,4
ocd-division/country:us/state:or/special_district:clackamas_river_water_district,Water Supply Utility District Board Member,Position 2,Non-partisan,Election,4
ocd-division/country:us/state:or/special_district:clackamas_river_water_district,Water Supply Utility District Board Member,Position 3,Non-partisan,Election,4
ocd-division/country:us/state:or/special_district:clackamas_river_water_district,Water Supply Utility District Board Member,Position 4,Non-partisan,Election,4
ocd-division/country:us/state:or/special_district:clackamas_river_water_district,Water Supply Utility District Board Member,Position 5,Non-partisan,Election,2
ocd-division/country:us/state:or/special_district:clatskanie_library_district,Library District Board Member,Position 1,Non-partisan,Election,4
ocd-division/country:us/state:or/special_district:clatskanie_library_district,Library District Board Member,Position 2,Non-partisan,Election,4
ocd-division/country:us/state:or/special_district:clatskanie_library_district,Library District Board Member,Position 3,Non-partisan,Election,4
ocd-division/country:us/state:or/special_district:clatskanie_library_district,Library District Board Member,Position 4,Non-partisan,Election,4
ocd-division/country:us/state:or/special_district:clatskanie_library_district,Library District Board Member,Position 5,Non-partisan,Election,4
ocd-division/country:us/state:or/special_district:clatskanie_parks_and_recreation_district,Parks and Recreation District Board Member,Position 1,Non-partisan,Election,4
ocd-division/country:us/state:or/special_district:clatskanie_parks_and_recreation_district,Parks and Recreation District Board Member,Position 2,Non-partisan,Election,4
ocd-division/country:us/state:or/special_district:clatskanie_parks_and_recreation_district,Parks and Recreation District Board Member,Position 3,Non-partisan,Election,4
ocd-division/country:us/state:or/special_district:clatskanie_parks_and_recreation_district,Parks and Recreation District Board Member,Position 4,Non-partisan,Election,4
ocd-division/country:us/state:or/special_district:clatskanie_parks_and_recreation_district,Parks and Recreation District Board Member,Position 5,Non-partisan,Election,4
ocd-division/country:us/state:or/special_district:clatskanie_peoples_utility_district,Electric Power Utility District Board Member,Position 1,Non-partisan,Election,4
ocd-division/country:us/state:or/special_district:clatskanie_peoples_utility_district,Electric Power Utility District Board Member,Position 2,Non-partisan,Election,4
ocd-division/country:us/state:or/special_district:clatskanie_peoples_utility_district,Electric Power Utility District Board Member,Position 3,Non-partisan,Election,4
ocd-division/country:us/state:or/special_district:clatskanie_peoples_utility_district,Electric Power Utility District Board Member,Position 4,Non-partisan,Election,4
ocd-division/country:us/state:or/special_district:clatskanie_peoples_utility_district,Electric Power Utility District Board Member,Position 5,Non-partisan,Election,4
ocd-division/country:us/state:or/special_district:clatskanie_rural_fire_protection_district,Fire Protection District Board Member,Position 1,Non-partisan,Election,4
ocd-division/country:us/state:or/special_district:clatskanie_rural_fire_protection_district,Fire Protection District Board Member,Position 2,Non-partisan,Election,4
ocd-division/country:us/state:or/special_district:clatskanie_rural_fire_protection_district,Fire Protection District Board Member,Position 3,Non-partisan,Election,4
ocd-division/country:us/state:or/special_district:clatskanie_rural_fire_protection_district,Fire Protection District Board Member,Position 4,Non-partisan,Election,4
ocd-division/country:us/state:or/special_district:clatskanie_rural_fire_protection_district,Fire Protection District Board Member,Position 5,Non-partisan,Election,4
ocd-division/country:us/state:or/special_district:clatsop_county_care_center_health_district,Health District Director,Position 1,Non-partisan,Election,4
ocd-division/country:us/state:or/special_district:clatsop_county_care_center_health_district,Health District Director,Position 2,Non-partisan,Election,4
ocd-division/country:us/state:or/special_district:clatsop_county_care_center_health_district,Health District Director,Position 3,Non-partisan,Election,4
ocd-division/country:us/state:or/special_district:clatsop_county_care_center_health_district,Health District Director,Position 4,Non-partisan,Election,4
ocd-division/country:us/state:or/special_district:clatsop_county_care_center_health_district,Health District Director,Position 5,Non-partisan,Election,4
ocd-division/country:us/state:or/special_district:clatsop_county_care_center_health_district,Health District Director,Position 6,Non-partisan,Election,4
ocd-division/country:us/state:or/special_district:clatsop_county_care_center_health_district,Health District Director,Position 7,Non-partisan,Election,4
ocd-division/country:us/state:or/special_district:clatsop_county_soil_and_water_conservation_district,Soil and Water Conservation District Board Member,Position 1,Non-partisan,Election,4
ocd-division/country:us/state:or/special_district:clatsop_county_soil_and_water_conservation_district,Soil and Water Conservation District Board Member,Position 2,Non-partisan,Election,4
ocd-division/country:us/state:or/special_district:clatsop_county_soil_and_water_conservation_district/board_district:zone_1,Soil and Water Conservation District Board Member,,Non-partisan,Election,4
ocd-division/country:us/state:or/special_district:clatsop_county_soil_and_water_conservation_district/board_district:zone_2,Soil and Water Conservation District Board Member,,Non-partisan,Election,4
ocd-division/country:us/state:or/special_district:clatsop_county_soil_and_water_conservation_district/board_district:zone_3,Soil and Water Conservation District Board Member,,Non-partisan,Election,4
ocd-division/country:us/state:or/special_district:clatsop_county_soil_and_water_conservation_district/board_district:zone_4,Soil and Water Conservation District Board Member,,Non-partisan,Election,4
ocd-division/country:us/state:or/special_district:clatsop_rural_law_enforcement_district/board_district:zone_1,Law Enforcement District Board Member,,Non-partisan,Election,4
ocd-division/country:us/state:or/special_district:clatsop_rural_law_enforcement_district/board_district:zone_2,Law Enforcement District Board Member,,Non-partisan,Election,4
ocd-division/country:us/state:or/special_district:cloverdale_rural_fire_protection_district,Fire Protection District Board Member,,Non-partisan,Election,4
ocd-division/country:us/state:or/special_district:cloverdale_rural_fire_protection_district,Fire Protection District Board Member,,Non-partisan,Election,4
ocd-division/country:us/state:or/special_district:cloverdale_rural_fire_protection_district,Fire Protection District Board Member,,Non-partisan,Election,4
ocd-division/country:us/state:or/special_district:cloverdale_rural_fire_protection_district,Fire Protection District Board Member,Position 4,Non-partisan,Election,4
ocd-division/country:us/state:or/special_district:cloverdale_rural_fire_protection_district,Fire Protection District Board Member,Position 5,Non-partisan,Election,4
ocd-division/country:us/state:or/special_district:cloverdale_water_district,Water Supply Utility District Board Member,Position 1,Non-partisan,Election,4
ocd-division/country:us/state:or/special_district:cloverdale_water_district,Water Supply Utility District Board Member,Position 2,Non-partisan,Election,4
ocd-division/country:us/state:or/special_district:cloverdale_water_district,Water Supply Utility District Board Member,Position 5,Non-partisan,Election,4
ocd-division/country:us/state:or/special_district:coburg_rural_fire_protection_district,Fire Protection District Board Member,Position 1,Non-partisan,Election,4
ocd-division/country:us/state:or/special_district:coburg_rural_fire_protection_district,Fire Protection District Board Member,Position 2,Non-partisan,Election,4
ocd-division/country:us/state:or/special_district:coburg_rural_fire_protection_district,Fire Protection District Board Member,Position 4,Non-partisan,Election,4
ocd-division/country:us/state:or/special_district:colestine_rural_fire_protection_district,Fire Protection District Board Member,Position 1,Non-partisan,Election,4
ocd-division/country:us/state:or/special_district:colestine_rural_fire_protection_district,Fire Protection District Board Member,Position 2,Non-partisan,Election,4
ocd-division/country:us/state:or/special_district:colestine_rural_fire_protection_district,Fire Protection District Board Member,Position 3,Non-partisan,Election,4
ocd-division/country:us/state:or/special_district:colestine_rural_fire_protection_district,Fire Protection District Board Member,Position 4,Non-partisan,Election,4
ocd-division/country:us/state:or/special_district:colestine_rural_fire_protection_district,Fire Protection District Board Member,Position 5,Non-partisan,Election,4
ocd-division/country:us/state:or/special_district:colton_rural_fire_protection_district,Fire Protection District Board Member,Position 1,Non-partisan,Election,4
ocd-division/country:us/state:or/special_district:colton_rural_fire_protection_district,Fire Protection District Board Member,Position 2,Non-partisan,Election,4
ocd-division/country:us/state:or/special_district:colton_rural_fire_protection_district,Fire Protection District Board Member,Position 3,Non-partisan,Election,4
ocd-division/country:us/state:or/special_district:colton_rural_fire_protection_district,Fire Protection District Board Member,Position 4,Non-partisan,Election,4
ocd-division/country:us/state:or/special_district:colton_rural_fire_protection_district,Fire Protection District Board Member,Position 5,Non-partisan,Election,4
ocd-division/country:us/state:or/special_district:colton_water_district,Water Supply Utility District Board Member,Position 1,Non-partisan,Election,4
ocd-division/country:us/state:or/special_district:colton_water_district,Water Supply Utility District Board Member,Position 2,Non-partisan,Election,4
ocd-division/country:us/state:or/special_district:colton_water_district,Water Supply Utility District Board Member,Position 3,Non-partisan,Election,2
ocd-division/country:us/state:or/special_district:colton_water_district,Water Supply Utility District Board Member,Position 4,Non-partisan,Election,4
ocd-division/country:us/state:or/special_district:colton_water_district,Water Supply Utility District Board Member,Position 5,Non-partisan,Election,4
ocd-division/country:us/state:or/special_district:columbia_9-1-1_communications_district/board_district:zone_1,Emergency Communications District Board Member,,Non-partisan,Election,4
ocd-division/country:us/state:or/special_district:columbia_9-1-1_communications_district/board_district:zone_2,Emergency Communications District Board Member,,Non-partisan,Election,4
ocd-division/country:us/state:or/special_district:columbia_9-1-1_communications_district/board_district:zone_3,Emergency Communications District Board Member,,Non-partisan,Election,4
ocd-division/country:us/state:or/special_district:columbia_9-1-1_communications_district/board_district:zone_4,Emergency Communications District Board Member,,Non-partisan,Election,4
ocd-division/country:us/state:or/special_district:columbia_9-1-1_communications_district/board_district:zone_5,Emergency Communications District Board Member,,Non-partisan,Election,4
ocd-division/country:us/state:or/special_district:columbia_county_soil_and_water_conservation_district,Soil and Water Conservation District Board Member,Position 1,Non-partisan,Election,4
ocd-division/country:us/state:or/special_district:columbia_county_soil_and_water_conservation_district,Soil and Water Conservation District Board Member,Position 2,Non-partisan,Election,4
ocd-division/country:us/state:or/special_district:columbia_county_soil_and_water_conservation_district/board_district:zone_2,Soil and Water Conservation District Board Member,,Non-partisan,Election,4
ocd-division/country:us/state:or/special_district:columbia_county_soil_and_water_conservation_district/board_district:zone_3,Soil and Water Conservation District Board Member,,Non-partisan,Election,4
ocd-division/country:us/state:or/special_district:columbia_county_soil_and_water_conservation_district/board_district:zone_4,Soil and Water Conservation District Board Member,,Non-partisan,Election,4
ocd-division/country:us/state:or/special_district:columbia_county_soil_and_water_conservation_district/board_district:zone_5,Soil and Water Conservation District Board Member,,Non-partisan,Election,4
ocd-division/country:us/state:or/special_district:columbia_river_fire_and_rescue_district,Fire Protection District Board Member,Position 1,Non-partisan,Election,4
ocd-division/country:us/state:or/special_district:columbia_river_fire_and_rescue_district,Fire Protection District Board Member,Position 2,Non-partisan,Election,4
ocd-division/country:us/state:or/special_district:columbia_river_fire_and_rescue_district,Fire Protection District Board Member,Position 3,Non-partisan,Election,4
ocd-division/country:us/state:or/special_district:columbia_river_fire_and_rescue_district,Fire Protection District Board Member,Position 4,Non-partisan,Election,4
ocd-division/country:us/state:or/special_district:columbia_river_fire_and_rescue_district,Fire Protection District Board Member,Position 5,Non-partisan,Election,4
ocd-division/country:us/state:or/special_district:columbia_river_peoples_utility_district/board_district:zone_1,Electric Power Utility District Board Member,,Non-partisan,Election,4
ocd-division/country:us/state:or/special_district:columbia_river_peoples_utility_district/board_district:zone_2,Electric Power Utility District Board Member,,Non-partisan,Election,4
ocd-division/country:us/state:or/special_district:columbia_river_peoples_utility_district/board_district:zone_3,Electric Power Utility District Board Member,,Non-partisan,Election,4
ocd-division/country:us/state:or/special_district:columbia_river_peoples_utility_district/board_district:zone_4,Electric Power Utility District Board Member,,Non-partisan,Election,4
ocd-division/country:us/state:or/special_district:columbia_river_peoples_utility_district/board_district:zone_5,Electric Power Utility District Board Member,,Non-partisan,Election,4
ocd-division/country:us/state:or/special_district:coos_bay_north_bend_water_board,Water Supply Utility District Board Member,,Non-partisan,Election,4
ocd-division/country:us/state:or/special_district:coos_bay_north_bend_water_board,Water Supply Utility District Board Member,,Non-partisan,Election,4
ocd-division/country:us/state:or/special_district:coos_bay_north_bend_water_board,Water Supply Utility District Board Member,,Non-partisan,Election,4
ocd-division/country:us/state:or/special_district:coos_bay_north_bend_water_board,Water Supply Utility District Board Member,,Non-partisan,Election,4
ocd-division/country:us/state:or/special_district:coos_county_airport_district,Air Transportation District Board Member,Position 1,Non-partisan,Election,4
ocd-division/country:us/state:or/special_district:coos_county_airport_district,Air Transportation District Board Member,Position 2,Non-partisan,Election,4
ocd-division/country:us/state:or/special_district:coos_county_airport_district,Air Transportation District Board Member,Position 3,Non-partisan,Election,4
ocd-division/country:us/state:or/special_district:coos_county_airport_district,Air Transportation District Board Member,Position 4,Non-partisan,Election,4
ocd-division/country:us/state:or/special_district:coos_county_airport_district,Air Transportation District Board Member,Position 5,Non-partisan,Election,4
ocd-division/country:us/state:or/special_district:coos_county_area_transportation_district,Public Mass Transit Utility District Board Member,Position 1,Non-partisan,Election,4
ocd-division/country:us/state:or/special_district:coos_county_area_transportation_district,Public Mass Transit Utility District Board Member,Position 2,Non-partisan,Election,4
ocd-division/country:us/state:or/special_district:coos_county_area_transportation_district,Public Mass Transit Utility District Board Member,Position 3,Non-partisan,Election,4
ocd-division/country:us/state:or/special_district:coos_county_area_transportation_district,Public Mass Transit Utility District Board Member,Position 4,Non-partisan,Election,4
ocd-division/country:us/state:or/special_district:coos_county_area_transportation_district,Public Mass Transit Utility District Board Member,Position 5,Non-partisan,Election,4
ocd-division/country:us/state:or/special_district:coos_county_area_transportation_district,Public Mass Transit Utility District Board Member,Position 6,Non-partisan,Election,4
ocd-division/country:us/state:or/special_district:coos_county_area_transportation_district,Public Mass Transit Utility District Board Member,Position 7,Non-partisan,Election,4
ocd-division/country:us/state:or/special_district:coos_county_soil_and_water_conservation_district,Soil and Water Conservation District Board Member,Position 1,Non-partisan,Election,4
ocd-division/country:us/state:or/special_district:coos_county_soil_and_water_conservation_district,Soil and Water Conservation District Board Member,Position 2,Non-partisan,Election,4
ocd-division/country:us/state:or/special_district:coos_county_soil_and_water_conservation_district/board_district:zone_1,Soil and Water Conservation District Board Member,,Non-partisan,Election,4
ocd-division/country:us/state:or/special_district:coos_county_soil_and_water_conservation_district/board_district:zone_2,Soil and Water Conservation District Board Member,,Non-partisan,Election,4
ocd-division/country:us/state:or/special_district:coos_county_soil_and_water_conservation_district/board_district:zone_3,Soil and Water Conservation District Board Member,,Non-partisan,Election,4
ocd-division/country:us/state:or/special_district:coos_county_soil_and_water_conservation_district/board_district:zone_4,Soil and Water Conservation District Board Member,,Non-partisan,Election,4
ocd-division/country:us/state:or/special_district:coquille_river_port_district,Port District Board Member,Position 4,Non-partisan,Election,4
ocd-division/country:us/state:or/special_district:coquille_river_port_district,Port District Board Member,Position 5,Non-partisan,Election,4
ocd-division/country:us/state:or/special_district:coquille_rural_fire_protection_district,Fire Protection District Board Member,Position 1,Non-partisan,Election,4
ocd-division/country:us/state:or/special_district:coquille_rural_fire_protection_district,Fire Protection District Board Member,Position 4,Non-partisan,Election,4
ocd-division/country:us/state:or/special_district:coquille_rural_fire_protection_district,Fire Protection District Board Member,Position 5,Non-partisan,Election,4
ocd-division/country:us/state:or/special_district:coquille_valley_hospital_district,Hospital District Board Member,Position 2,Non-partisan,Election,4
ocd-division/country:us/state:or/special_district:coquille_valley_hospital_district,Hospital District Board Member,Position 3,Non-partisan,Election,4
ocd-division/country:us/state:or/special_district:coquille_valley_hospital_district,Hospital District Board Member,Position 4,Non-partisan,Election,4
ocd-division/country:us/state:or/special_district:corbett_fire_district_14,Fire Protection District Board Member,Position 1,Non-partisan,Election,4
ocd-division/country:us/state:or/special_district:corbett_fire_district_14,Fire Protection District Board Member,Position 2,Non-partisan,Election,4
ocd-division/country:us/state:or/special_district:corbett_fire_district_14,Fire Protection District Board Member,Position 3,Non-partisan,Election,4
ocd-division/country:us/state:or/special_district:corbett_fire_district_14,Fire Protection District Board Member,Position 4,Non-partisan,Election,4
ocd-division/country:us/state:or/special_district:corbett_fire_district_14,Fire Protection District Board Member,Position 5,Non-partisan,Election,4
ocd-division/country:us/state:or/special_district:corbett_water_district,Water Supply Utility District Board Member,Position 1,Non-partisan,Election,4
ocd-division/country:us/state:or/special_district:corbett_water_district,Water Supply Utility District Board Member,Position 2,Non-partisan,Election,4
ocd-division/country:us/state:or/special_district:corbett_water_district,Water Supply Utility District Board Member,Position 3,Non-partisan,Election,4
ocd-division/country:us/state:or/special_district:corbett_water_district,Water Supply Utility District Board Member,Position 4,Non-partisan,Election,4
ocd-division/country:us/state:or/special_district:corbett_water_district,Water Supply Utility District Board Member,Position 5,Non-partisan,Election,4
ocd-division/country:us/state:or/special_district:cornelius_rural_fire_protection_district,Fire Protection District Board Member,Position 2,Non-partisan,Election,4
ocd-division/country:us/state:or/special_district:cornelius_rural_fire_protection_district,Fire Protection District Board Member,Position 3,Non-partisan,Election,4
ocd-division/country:us/state:or/special_district:cornelius_rural_fire_protection_district,Fire Protection District Board Member,Position 5,Non-partisan,Election,4
ocd-division/country:us/state:or/special_district:corvallis_rural_fire_protection_district,Fire Protection District Board Member,,Non-partisan,Election,4
ocd-division/country:us/state:or/special_district:corvallis_rural_fire_protection_district,Fire Protection District Board Member,Position 1,Non-partisan,Election,4
ocd-division/country:us/state:or/special_district:corvallis_rural_fire_protection_district,Fire Protection District Board Member,Position 2,Non-partisan,Election,4
ocd-division/country:us/state:or/special_district:corvallis_rural_fire_protection_district,Fire Protection District Board Member,Position 4,Non-partisan,Election,4
ocd-division/country:us/state:or/special_district:corvallis_rural_fire_protection_district,Fire Protection District Board Member,Position 5,Non-partisan,Election,4
ocd-division/country:us/state:or/special_district:country_club_water_district,Water Supply Utility District Board Member,Position 1,Non-partisan,Election,4
ocd-division/country:us/state:or/special_district:country_club_water_district,Water Supply Utility District Board Member,Position 2,Non-partisan,Election,4
ocd-division/country:us/state:or/special_district:country_club_water_district,Water Supply Utility District Board Member,Position 4,Non-partisan,Election,4
ocd-division/country:us/state:or/special_district:cove_cemetery_maintenance_district,Cemetery District Board Member,,Non-partisan,Election,4
ocd-division/country:us/state:or/special_district:cove_cemetery_maintenance_district,Cemetery District Board Member,,Non-partisan,Election,4
ocd-division/country:us/state:or/special_district:cove_rural_fire_protection_district,Fire Protection District Board Member,Position 1,Non-partisan,Election,4
ocd-division/country:us/state:or/special_district:cove_rural_fire_protection_district,Fire Protection District Board Member,Position 5,Non-partisan,Election,4
ocd-division/country:us/state:or/special_district:crescent_rural_fire_protection_district,Fire Protection District Board Member,Position 1,Non-partisan,Election,4
ocd-division/country:us/state:or/special_district:crescent_rural_fire_protection_district,Fire Protection District Board Member,Position 3,Non-partisan,Election,4
ocd-division/country:us/state:or/special_district:crescent_rural_fire_protection_district,Fire Protection District Board Member,Position 4,Non-partisan,Election,4
ocd-division/country:us/state:or/special_district:crescent_rural_fire_protection_district,Fire Protection District Board Member,Position 5,Non-partisan,Election,4
ocd-division/country:us/state:or/special_district:crescent_sanitary_district,Sewerage District Board Member,Position 2,Non-partisan,Election,4
ocd-division/country:us/state:or/special_district:crescent_sanitary_district,Sewerage District Board Member,Position 3,Non-partisan,Election,4
ocd-division/country:us/state:or/special_district:crescent_sanitary_district,Sewerage District Board Member,Position 5,Non-partisan,Election,4
ocd-division/country:us/state:or/special_district:creswell_water_control_district,Flood Control District Board Member,Position 1,Non-partisan,Election,
ocd-division/country:us/state:or/special_district:creswell_water_control_district,Flood Control District Board Member,Position 3,Non-partisan,Election,4
ocd-division/country:us/state:or/special_district:creswell_water_control_district,Flood Control District Board Member,Position 4,Non-partisan,Election,
ocd-division/country:us/state:or/special_district:creswell_water_control_district,Flood Control District Board Member,Position 5,Non-partisan,Election,4
ocd-division/country:us/state:or/special_district:crook_county_cemetery_district,Cemetery District Board Member,Position 1,Non-partisan,Election,4
ocd-division/country:us/state:or/special_district:crook_county_cemetery_district,Cemetery District Board Member,Position 2,Non-partisan,Election,4
ocd-division/country:us/state:or/special_district:crook_county_fire_and_rescue_district,Fire Protection District Board Member,Position 1,Non-partisan,Election,4
ocd-division/country:us/state:or/special_district:crook_county_fire_and_rescue_district,Fire Protection District Board Member,Position 2,Non-partisan,Election,4
ocd-division/country:us/state:or/special_district:crook_county_fire_and_rescue_district,Fire Protection District Board Member,Position 3,Non-partisan,Election,4
ocd-division/country:us/state:or/special_district:crook_county_fire_and_rescue_district,Fire Protection District Board Member,Position 4,Non-partisan,Election,4
ocd-division/country:us/state:or/special_district:crook_county_fire_and_rescue_district,Fire Protection District Board Member,Position 5,Non-partisan,Election,4
ocd-division/country:us/state:or/special_district:crook_county_parks_and_recreation_district,Parks and Recreation District Board Member,Position 1,Non-partisan,Election,4
ocd-division/country:us/state:or/special_district:crook_county_parks_and_recreation_district,Parks and Recreation District Board Member,Position 2,Non-partisan,Election,4
ocd-division/country:us/state:or/special_district:crook_county_parks_and_recreation_district,Parks and Recreation District Board Member,Position 3,Non-partisan,Election,4
ocd-division/country:us/state:or/special_district:crook_county_parks_and_recreation_district,Parks and Recreation District Board Member,Position 4,Non-partisan,Election,4
ocd-division/country:us/state:or/special_district:crook_county_parks_and_recreation_district,Parks and Recreation District Board Member,Position 5,Non-partisan,Election,4
ocd-division/country:us/state:or/special_district:crook_county_soil_and_water_conservation_district,Soil and Water Conservation District Board Member,,Non-partisan,Election,4
ocd-division/country:us/state:or/special_district:crook_county_soil_and_water_conservation_district,Soil and Water Conservation District Board Member,,Non-partisan,Election,4
ocd-division/country:us/state:or/special_district:crook_county_soil_and_water_conservation_district/board_district:zone_1,Soil and Water Conservation District Board Member,,Non-partisan,Election,4
ocd-division/country:us/state:or/special_district:crook_county_soil_and_water_conservation_district/board_district:zone_2,Soil and Water Conservation District Board Member,,Non-partisan,Election,4
ocd-division/country:us/state:or/special_district:crook_county_soil_and_water_conservation_district/board_district:zone_3,Soil and Water Conservation District Board Member,,Non-partisan,Election,4
ocd-division/country:us/state:or/special_district:crooked_river_ranch_road_district,Highway District Board Member,Position 1,Non-partisan,Election,4
ocd-division/country:us/state:or/special_district:crooked_river_ranch_road_district,Highway District Board Member,Position 2,Non-partisan,Election,4
ocd-division/country:us/state:or/special_district:crooked_river_ranch_road_district,Highway District Board Member,Position 3,Non-partisan,Election,4
ocd-division/country:us/state:or/special_district:crooked_river_ranch_rural_fire_protection_district,Fire Protection District Board Member,,Non-partisan,Election,4
ocd-division/country:us/state:or/special_district:crooked_river_ranch_rural_fire_protection_district,Fire Protection District Board Member,,Non-partisan,Election,4
ocd-division/country:us/state:or/special_district:crooked_river_ranch_rural_fire_protection_district,Fire Protection District Board Member,,Non-partisan,Election,4
ocd-division/country:us/state:or/special_district:crooked_river_ranch_rural_fire_protection_district,Fire Protection District Board Member,Position 1,Non-partisan,Election,4
ocd-division/country:us/state:or/special_district:crooked_river_ranch_rural_fire_protection_district,Fire Protection District Board Member,Position 2,Non-partisan,Election,4
ocd-division/country:us/state:or/special_district:crystal_springs_water_district,Water Supply Utility District Board Member,,Non-partisan,Election,4
ocd-division/country:us/state:or/special_district:crystal_springs_water_district,Water Supply Utility District Board Member,,Non-partisan,Election,4
ocd-division/country:us/state:or/special_district:crystal_springs_water_district,Water Supply Utility District Board Member,,Non-partisan,Election,4
ocd-division/country:us/state:or/special_district:crystal_springs_water_district,Water Supply Utility District Board Member,Position 1,Non-partisan,Election,4
ocd-division/country:us/state:or/special_district:crystal_springs_water_district,Water Supply Utility District Board Member,Position 2,Non-partisan,Election,4
ocd-division/country:us/state:or/special_district:curry_county_health_district,Hospital District Board Member,Position 1,Non-partisan,Election,4
ocd-division/country:us/state:or/special_district:curry_county_health_district,Hospital District Board Member,Position 2,Non-partisan,Election,4
ocd-division/country:us/state:or/special_district:curry_county_health_district,Hospital District Board Member,Position 3,Non-partisan,Election,4
ocd-division/country:us/state:or/special_district:curry_county_health_district,Hospital District Board Member,Position 4,Non-partisan,Election,4
ocd-division/country:us/state:or/special_district:curry_county_health_district,Hospital District Board Member,Position 5,Non-partisan,Election,4
ocd-division/country:us/state:or/special_district:curry_county_public_library_district,Library District Board Member,Position 1,Non-partisan,Election,4
ocd-division/country:us/state:or/special_district:curry_county_public_library_district,Library District Board Member,Position 2,Non-partisan,Election,4
ocd-division/country:us/state:or/special_district:curry_county_public_library_district,Library District Board Member,Position 3,Non-partisan,Election,4
ocd-division/country:us/state:or/special_district:curry_county_public_library_district,Library District Board Member,Position 4,Non-partisan,Election,4
ocd-division/country:us/state:or/special_district:curry_county_public_library_district,Library District Board Member,Position 5,Non-partisan,Election,4
ocd-division/country:us/state:or/special_district:curry_county_soil_and_water_conservation_district,Soil and Water Conservation District Board Member,,Non-partisan,Election,4
ocd-division/country:us/state:or/special_district:curry_county_soil_and_water_conservation_district,Soil and Water Conservation District Board Member,,Non-partisan,Election,4
ocd-division/country:us/state:or/special_district:curry_county_soil_and_water_conservation_district/board_district:zone_1,Soil and Water Conservation District Board Member,,Non-partisan,Election,4
ocd-division/country:us/state:or/special_district:curry_county_soil_and_water_conservation_district/board_district:zone_2,Soil and Water Conservation District Board Member,,Non-partisan,Election,4
ocd-division/country:us/state:or/special_district:curry_county_soil_and_water_conservation_district/board_district:zone_3,Soil and Water Conservation District Board Member,,Non-partisan,Election,4
ocd-division/country:us/state:or/special_district:dallas_cemetery_district_4,Cemetery District Board Member,Position 1,Non-partisan,Election,4
ocd-division/country:us/state:or/special_district:dallas_cemetery_district_4,Cemetery District Board Member,Position 2,Non-partisan,Election,4
ocd-division/country:us/state:or/special_district:dallas_cemetery_district_4,Cemetery District Board Member,Position 4,Non-partisan,Election,4
ocd-division/country:us/state:or/special_district:dallas_cemetery_district_4,Cemetery District Board Member,Position 5,Non-partisan,Election,4
ocd-division/country:us/state:or/special_district:dalles_irrigation_district,Irrigation District Board Member,,Non-partisan,Election,4
ocd-division/country:us/state:or/special_district:dalles_irrigation_district,Irrigation District Board Member,,Non-partisan,Election,4
ocd-division/country:us/state:or/special_district:dalles_irrigation_district,Irrigation District Board Member,,Non-partisan,Election,4
ocd-division/country:us/state:or/special_district:dalles_irrigation_district,Irrigation District Board Member,,Non-partisan,Election,4
ocd-division/country:us/state:or/special_district:dalles_irrigation_district,Irrigation District Board Member,,Non-partisan,Election,4
ocd-division/country:us/state:or/special_district:days_creek_rural_fire_protection_district,Fire Protection District Board Member,Position 1,Non-partisan,Election,4
ocd-division/country:us/state:or/special_district:days_creek_rural_fire_protection_district,Fire Protection District Board Member,Position 2,Non-partisan,Election,4
ocd-division/country:us/state:or/special_district:days_creek_rural_fire_protection_district,Fire Protection District Board Member,Position 4,Non-partisan,Election,4
ocd-division/country:us/state:or/special_district:days_creek_rural_fire_protection_district,Fire Protection District Board Member,Position 5,Non-partisan,Election,4
ocd-division/country:us/state:or/special_district:dayton_rural_fire_protection_district,Fire Protection District Board Member,Position 1,Non-partisan,Election,4
ocd-division/country:us/state:or/special_district:dayton_rural_fire_protection_district,Fire Protection District Board Member,Position 2,Non-partisan,Election,4
ocd-division/country:us/state:or/special_district:dayton_rural_fire_protection_district,Fire Protection District Board Member,Position 3,Non-partisan,Election,4
ocd-division/country:us/state:or/special_district:dayton_rural_fire_protection_district,Fire Protection District Board Member,Position 4,Non-partisan,Election,4
ocd-division/country:us/state:or/special_district:dayton_rural_fire_protection_district,Fire Protection District Board Member,Position 5,Non-partisan,Election,4
ocd-division/country:us/state:or/special_district:dayville_cemetery_maintenance_district,Cemetery District Board Member,,Non-partisan,Election,4
ocd-division/country:us/state:or/special_district:dayville_cemetery_maintenance_district,Cemetery District Board Member,,Non-partisan,Election,4
ocd-division/country:us/state:or/special_district:dearborn_water_control_district,Flood Control District Board Member,Position 2,Non-partisan,Election,4
ocd-division/country:us/state:or/special_district:dearborn_water_control_district,Flood Control District Board Member,Position 4,Non-partisan,Election,4
ocd-division/country:us/state:or/special_district:dee_irrigation_district,Irrigation District Board Member,,Non-partisan,Election,4
ocd-division/country:us/state:or/special_district:dee_irrigation_district,Irrigation District Board Member,,Non-partisan,Election,4
ocd-division/country:us/state:or/special_district:dee_irrigation_district,Irrigation District Board Member,,Non-partisan,Election,4
ocd-division/country:us/state:or/special_district:dell_brogan_cemetery_district,Cemetery District Board Member,,Non-partisan,Election,4
ocd-division/country:us/state:or/special_district:dell_brogan_cemetery_district,Cemetery District Board Member,,Non-partisan,Election,4
ocd-division/country:us/state:or/special_district:depoe_bay_rural_fire_protection_district,Fire Protection District Board Member,Position 1,Non-partisan,Election,4
ocd-division/country:us/state:or/special_district:depoe_bay_rural_fire_protection_district,Fire Protection District Board Member,Position 2,Non-partisan,Election,4
ocd-division/country:us/state:or/special_district:depoe_bay_rural_fire_protection_district,Fire Protection District Board Member,Position 3,Non-partisan,Election,4
ocd-division/country:us/state:or/special_district:depoe_bay_rural_fire_protection_district,Fire Protection District Board Member,Position 4,Non-partisan,Election,4
ocd-division/country:us/state:or/special_district:depoe_bay_rural_fire_protection_district,Fire Protection District Board Member,Position 5,Non-partisan,Election,4
ocd-division/country:us/state:or/special_district:deschutes_county_rural_fire_protection_district_1,Fire Protection District Board Member,Position 1,Non-partisan,Election,4
ocd-division/country:us/state:or/special_district:deschutes_county_rural_fire_protection_district_1,Fire Protection District Board Member,Position 2,Non-partisan,Election,4
ocd-division/country:us/state:or/special_district:deschutes_county_rural_fire_protection_district_1,Fire Protection District Board Member,Position 3,Non-partisan,Election,4
ocd-division/country:us/state:or/special_district:deschutes_county_rural_fire_protection_district_1,Fire Protection District Board Member,Position 4,Non-partisan,Election,4
ocd-division/country:us/state:or/special_district:deschutes_county_rural_fire_protection_district_1,Fire Protection District Board Member,Position 5,Non-partisan,Election,4
ocd-division/country:us/state:or/special_district:deschutes_county_rural_fire_protection_district_2,Fire Protection District Board Member,Position 1,Non-partisan,Election,1
ocd-division/country:us/state:or/special_district:deschutes_county_rural_fire_protection_district_2,Fire Protection District Board Member,Position 2,Non-partisan,Election,4
ocd-division/country:us/state:or/special_district:deschutes_county_rural_fire_protection_district_2,Fire Protection District Board Member,Position 3,Non-partisan,Election,4
ocd-division/country:us/state:or/special_district:deschutes_county_rural_fire_protection_district_2,Fire Protection District Board Member,Position 4,Non-partisan,Election,4
ocd-division/country:us/state:or/special_district:deschutes_county_rural_fire_protection_district_2,Fire Protection District Board Member,Position 5,Non-partisan,Election,4
ocd-division/country:us/state:or/special_district:deschutes_county_soil_and_water_conservation_district,Soil and Water Conservation District Board Member,Position 1,Non-partisan,Election,4
ocd-division/country:us/state:or/special_district:deschutes_county_soil_and_water_conservation_district,Soil and Water Conservation District Board Member,Position 2,Non-partisan,Election,4
ocd-division/country:us/state:or/special_district:deschutes_county_soil_and_water_conservation_district/board_district:zone_1,Soil and Water Conservation District Board Member,,Non-partisan,Election,4
ocd-division/country:us/state:or/special_district:deschutes_county_soil_and_water_conservation_district/board_district:zone_2,Soil and Water Conservation District Board Member,,Non-partisan,Election,4
ocd-division/country:us/state:or/special_district:deschutes_county_soil_and_water_conservation_district/board_district:zone_3,Soil and Water Conservation District Board Member,,Non-partisan,Election,4
ocd-division/country:us/state:or/special_district:deschutes_county_soil_and_water_conservation_district/board_district:zone_4,Soil and Water Conservation District Board Member,,Non-partisan,Election,4
ocd-division/country:us/state:or/special_district:deschutes_county_soil_and_water_conservation_district/board_district:zone_5,Soil and Water Conservation District Board Member,,Non-partisan,Election,4
ocd-division/country:us/state:or/special_district:deschutes_public_library_district/board_district:zone_1,Library District Board Member,,Non-partisan,Election,4
ocd-division/country:us/state:or/special_district:deschutes_public_library_district/board_district:zone_2,Library District Board Member,,Non-partisan,Election,4
ocd-division/country:us/state:or/special_district:deschutes_public_library_district/board_district:zone_3,Library District Board Member,,Non-partisan,Election,4
ocd-division/country:us/state:or/special_district:deschutes_public_library_district/board_district:zone_4,Library District Board Member,,Non-partisan,Election,4
ocd-division/country:us/state:or/special_district:deschutes_public_library_district/board_district:zone_5,Library District Board Member,,Non-partisan,Election,4
ocd-division/country:us/state:or/special_district:deschutes_valley_water_district,Water Supply Utility District Board Member,Position 1,Non-partisan,Election,4
ocd-division/country:us/state:or/special_district:deschutes_valley_water_district,Water Supply Utility District Board Member,Position 2,Non-partisan,Election,4
ocd-division/country:us/state:or/special_district:deschutes_valley_water_district,Water Supply Utility District Board Member,Position 3,Non-partisan,Election,4
ocd-division/country:us/state:or/special_district:deschutes_valley_water_district,Water Supply Utility District Board Member,Position 4,Non-partisan,Election,4
ocd-division/country:us/state:or/special_district:deschutes_valley_water_district,Water Supply Utility District Board Member,Position 5,Non-partisan,Election,4
ocd-division/country:us/state:or/special_district:dever_conner_water_control_district,Flood Control District Board Member,Position 5,Non-partisan,Election,4
ocd-division/country:us/state:or/special_district:dever_conner_water_control_district,Flood Control District Board Member,Position 7,Non-partisan,Election,4
ocd-division/country:us/state:or/special_district:dever_conner_water_control_district,Flood Control District Board Member,Position 9,Non-partisan,Election,4
ocd-division/country:us/state:or/special_district:devils_lake_water_improvement_district,Drainage District Board Member,Position 1,Non-partisan,Election,4
ocd-division/country:us/state:or/special_district:devils_lake_water_improvement_district,Drainage District Board Member,Position 2,Non-partisan,Election,4
ocd-division/country:us/state:or/special_district:devils_lake_water_improvement_district,Drainage District Board Member,Position 3,Non-partisan,Election,4
ocd-division/country:us/state:or/special_district:devils_lake_water_improvement_district,Drainage District Board Member,Position 4,Non-partisan,Election,4
ocd-division/country:us/state:or/special_district:devils_lake_water_improvement_district,Drainage District Board Member,Position 5,Non-partisan,Election,4
ocd-division/country:us/state:or/special_district:dexter_rural_fire_protection_district,Fire Protection District Board Member,Position 1,Non-partisan,Election,4
ocd-division/country:us/state:or/special_district:dexter_rural_fire_protection_district,Fire Protection District Board Member,Position 2,Non-partisan,Election,4
ocd-division/country:us/state:or/special_district:dexter_rural_fire_protection_district,Fire Protection District Board Member,Position 3,Non-partisan,Election,4
ocd-division/country:us/state:or/special_district:dexter_rural_fire_protection_district,Fire Protection District Board Member,Position 4,Non-partisan,Election,4
ocd-division/country:us/state:or/special_district:dexter_rural_fire_protection_district,Fire Protection District Board Member,Position 5,Non-partisan,Election,4
ocd-division/country:us/state:or/special_district:dexter_sanitary_district,Sewerage District Board Member,Position 1,Non-partisan,Election,4
ocd-division/country:us/state:or/special_district:dexter_sanitary_district,Sewerage District Board Member,Position 2,Non-partisan,Election,4
ocd-division/country:us/state:or/special_district:dexter_sanitary_district,Sewerage District Board Member,Position 4,Non-partisan,Election,4
ocd-division/country:us/state:or/special_district:dexter_sanitary_district,Sewerage District Board Member,Position 5,Non-partisan,Election,4
ocd-division/country:us/state:or/special_district:dora_sitkum_rural_fire_protection_district,Fire Protection District Board Member,Position 1,Non-partisan,Election,4
ocd-division/country:us/state:or/special_district:dora_sitkum_rural_fire_protection_district,Fire Protection District Board Member,Position 2,Non-partisan,Election,4
ocd-division/country:us/state:or/special_district:dora_sitkum_rural_fire_protection_district,Fire Protection District Board Member,Position 3,Non-partisan,Election,4
ocd-division/country:us/state:or/special_district:dora_sitkum_rural_fire_protection_district,Fire Protection District Board Member,Position 4,Non-partisan,Election,4
ocd-division/country:us/state:or/special_district:dora_sitkum_rural_fire_protection_district,Fire Protection District Board Member,Position 5,Non-partisan,Election,4
ocd-division/country:us/state:or/special_district:douglas_county_rural_fire_protection_district_2,Fire Protection District Board Member,Position 1,Non-partisan,Election,4
ocd-division/country:us/state:or/special_district:douglas_county_rural_fire_protection_district_2,Fire Protection District Board Member,Position 2,Non-partisan,Election,4
ocd-division/country:us/state:or/special_district:douglas_county_rural_fire_protection_district_2,Fire Protection District Board Member,Position 3,Non-partisan,Election,4
ocd-division/country:us/state:or/special_district:douglas_county_rural_fire_protection_district_2,Fire Protection District Board Member,Position 4,Non-partisan,Election,4
ocd-division/country:us/state:or/special_district:douglas_county_rural_fire_protection_district_2,Fire Protection District Board Member,Position 5,Non-partisan,Election,4
ocd-division/country:us/state:or/special_district:douglas_county_soil_and_water_conservation_district,Soil and Water Conservation District Board Member,Position 1,Non-partisan,Election,4
ocd-division/country:us/state:or/special_district:douglas_county_soil_and_water_conservation_district,Soil and Water Conservation District Board Member,Position 2,Non-partisan,Election,4
ocd-division/country:us/state:or/special_district:douglas_county_soil_and_water_conservation_district/board_district:zone_1,Soil and Water Conservation District Board Member,,Non-partisan,Election,4
ocd-division/country:us/state:or/special_district:douglas_county_soil_and_water_conservation_district/board_district:zone_2,Soil and Water Conservation District Board Member,,Non-partisan,Election,4
ocd-division/country:us/state:or/special_district:douglas_county_soil_and_water_conservation_district/board_district:zone_3,Soil and Water Conservation District Board Member,,Non-partisan,Election,4
ocd-division/country:us/state:or/special_district:drakes_crossing_rural_fire_protection_district,Fire Protection District Board Member,Position 1,Non-partisan,Election,2
ocd-division/country:us/state:or/special_district:drakes_crossing_rural_fire_protection_district,Fire Protection District Board Member,Position 2,Non-partisan,Election,4
ocd-division/country:us/state:or/special_district:drakes_crossing_rural_fire_protection_district,Fire Protection District Board Member,Position 3,Non-partisan,Election,4
ocd-division/country:us/state:or/special_district:drakes_crossing_rural_fire_protection_district,Fire Protection District Board Member,Position 4,Non-partisan,Election,4
ocd-division/country:us/state:or/special_district:drakes_crossing_rural_fire_protection_district,Fire Protection District Board Member,Position 5,Non-partisan,Election,4
ocd-division/country:us/state:or/special_district:dufur_recreation_district,Parks and Recreation District Board Member,,Non-partisan,Election,4
ocd-division/country:us/state:or/special_district:dufur_recreation_district,Parks and Recreation District Board Member,Position 2,Non-partisan,Election,4
ocd-division/country:us/state:or/special_district:dufur_recreation_district,Parks and Recreation District Board Member,Position 4,Non-partisan,Election,4
ocd-division/country:us/state:or/special_district:dufur_recreation_district,Parks and Recreation District Board Member,Position 5,Non-partisan,Election,4
ocd-division/country:us/state:or/special_district:dundee_rural_fire_protection_district,Fire Protection District Board Member,Position 1,Non-partisan,Election,4
ocd-division/country:us/state:or/special_district:dundee_rural_fire_protection_district,Fire Protection District Board Member,Position 2,Non-partisan,Election,4
ocd-division/country:us/state:or/special_district:dundee_rural_fire_protection_district,Fire Protection District Board Member,Position 3,Non-partisan,Election,4
ocd-division/country:us/state:or/special_district:dundee_rural_fire_protection_district,Fire Protection District Board Member,Position 4,Non-partisan,Election,4
ocd-division/country:us/state:or/special_district:dundee_rural_fire_protection_district,Fire Protection District Board Member,Position 5,Non-partisan,Election,4
ocd-division/country:us/state:or/special_district:durkee_community_building_preservation_district,Community Building Preservation District Board Member,,Non-partisan,Election,4
ocd-division/country:us/state:or/special_district:durkee_community_building_preservation_district,Community Building Preservation District Board Member,,Non-partisan,Election,4
ocd-division/country:us/state:or/special_district:durkee_community_building_preservation_district,Community Building Preservation District Board Member,,Non-partisan,Election,4
ocd-division/country:us/state:or/special_district:eagle_point_irrigation_district,Irrigation District Board Member,,Non-partisan,Election,4
ocd-division/country:us/state:or/special_district:eagle_point_irrigation_district,Irrigation District Board Member,,Non-partisan,Election,4
ocd-division/country:us/state:or/special_district:eagle_point_irrigation_district,Irrigation District Board Member,,Non-partisan,Election,4
ocd-division/country:us/state:or/special_district:eagle_valley_cemetery_maintenance_district,Cemetery District Board Member,,Non-partisan,Election,4
ocd-division/country:us/state:or/special_district:eagle_valley_cemetery_maintenance_district,Cemetery District Board Member,,Non-partisan,Election,4
ocd-division/country:us/state:or/special_district:eagle_valley_rural_fire_protection_district,Fire Protection District Board Member,Position 1,Non-partisan,Election,4
ocd-division/country:us/state:or/special_district:eagle_valley_rural_fire_protection_district,Fire Protection District Board Member,Position 2,Non-partisan,Election,4
ocd-division/country:us/state:or/special_district:eagle_valley_rural_fire_protection_district,Fire Protection District Board Member,Position 3,Non-partisan,Election,4
ocd-division/country:us/state:or/special_district:eagle_valley_rural_fire_protection_district,Fire Protection District Board Member,Position 4,Non-partisan,Election,4
ocd-division/country:us/state:or/special_district:eagle_valley_rural_fire_protection_district,Fire Protection District Board Member,Position 5,Non-partisan,Election,4
ocd-division/country:us/state:or/special_district:eagle_valley_soil_and_water_conservation_district,Soil and Water Conservation District Board Member,Position 1,Non-partisan,Election,4
ocd-division/country:us/state:or/special_district:eagle_valley_soil_and_water_conservation_district,Soil and Water Conservation District Board Member,Position 2,Non-partisan,Election,4
ocd-division/country:us/state:or/special_district:eagle_valley_soil_and_water_conservation_district/board_district:zone_1,Soil and Water Conservation District Board Member,,Non-partisan,Election,4
ocd-division/country:us/state:or/special_district:eagle_valley_soil_and_water_conservation_district/board_district:zone_2,Soil and Water Conservation District Board Member,,Non-partisan,Election,4
ocd-division/country:us/state:or/special_district:eagle_valley_soil_and_water_conservation_district/board_district:zone_3,Soil and Water Conservation District Board Member,,Non-partisan,Election,4
ocd-division/country:us/state:or/special_district:east_fork_irrigation_district,Irrigation District Board Member,,Non-partisan,Election,4
ocd-division/country:us/state:or/special_district:east_fork_irrigation_district,Irrigation District Board Member,,Non-partisan,Election,4
ocd-division/country:us/state:or/special_district:east_fork_irrigation_district,Irrigation District Board Member,,Non-partisan,Election,4
ocd-division/country:us/state:or/special_district:east_fork_irrigation_district,Irrigation District Board Member,,Non-partisan,Election,4
ocd-division/country:us/state:or/special_district:east_fork_irrigation_district,Irrigation District Board Member,,Non-partisan,Election,4
ocd-division/country:us/state:or/special_district:east_lincoln_county_fire_and_rescue_district,Fire Protection District Board Member,Position 1,Non-partisan,Election,4
ocd-division/country:us/state:or/special_district:east_lincoln_county_fire_and_rescue_district,Fire Protection District Board Member,Position 2,Non-partisan,Election,4
ocd-division/country:us/state:or/special_district:east_lincoln_county_fire_and_rescue_district,Fire Protection District Board Member,Position 3,Non-partisan,Election,4
ocd-division/country:us/state:or/special_district:east_lincoln_county_fire_and_rescue_district,Fire Protection District Board Member,Position 4,Non-partisan,Election,4
ocd-division/country:us/state:or/special_district:east_lincoln_county_fire_and_rescue_district,Fire Protection District Board Member,Position 5,Non-partisan,Election,4
ocd-division/country:us/state:or/special_district:east_multnomah_county_soil_and_water_conservation_district,Soil and Water Conservation District Board Member,Position 1,Non-partisan,Election,4
ocd-division/country:us/state:or/special_district:east_multnomah_county_soil_and_water_conservation_district,Soil and Water Conservation District Board Member,Position 2,Non-partisan,Election,4
ocd-division/country:us/state:or/special_district:east_multnomah_county_soil_and_water_conservation_district/board_district:zone_1,Soil and Water Conservation District Board Member,,Non-partisan,Election,4
ocd-division/country:us/state:or/special_district:east_multnomah_county_soil_and_water_conservation_district/board_district:zone_2,Soil and Water Conservation District Board Member,,Non-partisan,Election,4
ocd-division/country:us/state:or/special_district:east_multnomah_county_soil_and_water_conservation_district/board_district:zone_3,Soil and Water Conservation District Board Member,,Non-partisan,Election,4
ocd-division/country:us/state:or/special_district:east_umatilla_county_health_district,Health District Director,Position 1,Non-partisan,Election,4
ocd-division/country:us/state:or/special_district:east_umatilla_county_health_district,Health District Director,Position 2,Non-partisan,Election,4
ocd-division/country:us/state:or/special_district:east_umatilla_county_health_district,Health District Director,Position 3,Non-partisan,Election,4
ocd-division/country:us/state:or/special_district:east_umatilla_county_health_district,Health District Director,Position 4,Non-partisan,Election,4
ocd-division/country:us/state:or/special_district:east_umatilla_county_health_district,Health District Director,Position 5,Non-partisan,Election,4
ocd-division/country:us/state:or/special_district:east_umatilla_county_rural_fire_protection_district_7-412,Fire Protection District Board Member,Position 1,Non-partisan,Election,4
ocd-division/country:us/state:or/special_district:east_umatilla_county_rural_fire_protection_district_7-412,Fire Protection District Board Member,Position 2,Non-partisan,Election,4
ocd-division/country:us/state:or/special_district:east_umatilla_county_rural_fire_protection_district_7-412,Fire Protection District Board Member,Position 3,Non-partisan,Election,4
ocd-division/country:us/state:or/special_district:east_umatilla_county_rural_fire_protection_district_7-412,Fire Protection District Board Member,Position 4,Non-partisan,Election,4
ocd-division/country:us/state:or/special_district:east_umatilla_county_rural_fire_protection_district_7-412,Fire Protection District Board Member,Position 5,Non-partisan,Election,4
ocd-division/country:us/state:or/special_district:echo_cemetery_district_7,Cemetery District Board Member,Position 1,Non-partisan,Election,4
ocd-division/country:us/state:or/special_district:echo_cemetery_district_7,Cemetery District Board Member,Position 2,Non-partisan,Election,4
ocd-division/country:us/state:or/special_district:echo_cemetery_district_7,Cemetery District Board Member,Position 3,Non-partisan,Election,4
ocd-division/country:us/state:or/special_district:echo_rural_fire_protection_district_7-403,Fire Protection District Board Member,,Non-partisan,Election,4
ocd-division/country:us/state:or/special_district:echo_rural_fire_protection_district_7-403,Fire Protection District Board Member,,Non-partisan,Election,4
ocd-division/country:us/state:or/special_district:echo_rural_fire_protection_district_7-403,Fire Protection District Board Member,,Non-partisan,Election,4
ocd-division/country:us/state:or/special_district:echo_rural_fire_protection_district_7-403,Fire Protection District Board Member,,Non-partisan,Election,4
ocd-division/country:us/state:or/special_district:echo_rural_fire_protection_district_7-403,Fire Protection District Board Member,Position 1,Non-partisan,Election,4
ocd-division/country:us/state:or/special_district:elgin_cemetery_maintenance_district,Cemetery District Board Member,,Non-partisan,Election,4
ocd-division/country:us/state:or/special_district:elgin_community_parks_and_recreation_district,Parks and Recreation District Board Member,,Non-partisan,Election,4
ocd-division/country:us/state:or/special_district:elgin_community_parks_and_recreation_district,Parks and Recreation District Board Member,,Non-partisan,Election,4
ocd-division/country:us/state:or/special_district:elgin_community_parks_and_recreation_district,Parks and Recreation District Board Member,,Non-partisan,Election,4
ocd-division/country:us/state:or/special_district:elgin_community_parks_and_recreation_district,Parks and Recreation District Board Member,,Non-partisan,Election,4
ocd-division/country:us/state:or/special_district:elgin_community_parks_and_recreation_district,Parks and Recreation District Board Member,,Non-partisan,Election,4
ocd-division/country:us/state:or/special_district:elgin_community_parks_and_recreation_district,Parks and Recreation District Board Member,,Non-partisan,Election,4
ocd-division/country:us/state:or/special_district:elgin_health_district,Health District Director,Position 1,Non-partisan,Election,4
ocd-division/country:us/state:or/special_district:elgin_health_district,Health District Director,Position 2,Non-partisan,Election,4
ocd-division/country:us/state:or/special_district:elgin_health_district,Health District Director,Position 3,Non-partisan,Election,4
ocd-division/country:us/state:or/special_district:elgin_health_district,Health District Director,Position 4,Non-partisan,Election,4
ocd-division/country:us/state:or/special_district:elgin_health_district,Health District Director,Position 5,Non-partisan,Election,4
ocd-division/country:us/state:or/special_district:elgin_health_district,Health District Director,Position 6,Non-partisan,Election,4
ocd-division/country:us/state:or/special_district:elgin_rural_fire_protection_district,Fire Protection District Board Member,Position 3,Non-partisan,Election,4
ocd-division/country:us/state:or/special_district:elgin_rural_fire_protection_district,Fire Protection District Board Member,Position 4,Non-partisan,Election,4
ocd-division/country:us/state:or/special_district:elgin_rural_fire_protection_district,Fire Protection District Board Member,Position 5,Non-partisan,Election,4
ocd-division/country:us/state:or/special_district:elk_city_water_district,Water Supply Utility District Board Member,,Non-partisan,Election,4
ocd-division/country:us/state:or/special_district:elkton_rural_fire_protection_district,Fire Protection District Board Member,Position 1,Non-partisan,Election,4
ocd-division/country:us/state:or/special_district:elkton_rural_fire_protection_district,Fire Protection District Board Member,Position 2,Non-partisan,Election,4
ocd-division/country:us/state:or/special_district:elsie_vinemaple_rural_fire_protection_district,Fire Protection District Board Member,Position 1,Non-partisan,Election,4
ocd-division/country:us/state:or/special_district:elsie_vinemaple_rural_fire_protection_district,Fire Protection District Board Member,Position 2,Non-partisan,Election,4
ocd-division/country:us/state:or/special_district:elsie_vinemaple_rural_fire_protection_district,Fire Protection District Board Member,Position 3,Non-partisan,Election,4
ocd-division/country:us/state:or/special_district:elsie_vinemaple_rural_fire_protection_district,Fire Protection District Board Member,Position 4,Non-partisan,Election,4
ocd-division/country:us/state:or/special_district:elsie_vinemaple_rural_fire_protection_district,Fire Protection District Board Member,Position 5,Non-partisan,Election,4
ocd-division/country:us/state:or/special_district:emerald_peoples_utility_district/board_district:zone_1,Electric Power Utility District Board Member,,Non-partisan,Election,4
ocd-division/country:us/state:or/special_district:emerald_peoples_utility_district/board_district:zone_2,Electric Power Utility District Board Member,,Non-partisan,Election,4
ocd-division/country:us/state:or/special_district:emerald_peoples_utility_district/board_district:zone_3,Electric Power Utility District Board Member,,Non-partisan,Election,4
ocd-division/country:us/state:or/special_district:emerald_peoples_utility_district/board_district:zone_4,Electric Power Utility District Board Member,,Non-partisan,Election,4
ocd-division/country:us/state:or/special_district:emerald_peoples_utility_district/board_district:zone_5,Electric Power Utility District Board Member,,Non-partisan,Election,4
ocd-division/country:us/state:or/special_district:enterprise_cemetery_district,Cemetery District Board Member,Position 5,Non-partisan,Election,4
ocd-division/country:us/state:or/special_district:estacada_cemetery_maintenance_district,Cemetery District Board Member,,Non-partisan,Election,4
ocd-division/country:us/state:or/special_district:estacada_rural_fire_protection_district,Fire Protection District Board Member,Position 1,Non-partisan,Election,4
ocd-division/country:us/state:or/special_district:estacada_rural_fire_protection_district,Fire Protection District Board Member,Position 2,Non-partisan,Election,4
ocd-division/country:us/state:or/special_district:estacada_rural_fire_protection_district,Fire Protection District Board Member,Position 3,Non-partisan,Election,4
ocd-division/country:us/state:or/special_district:estacada_rural_fire_protection_district,Fire Protection District Board Member,Position 4,Non-partisan,Election,4
ocd-division/country:us/state:or/special_district:estacada_rural_fire_protection_district,Fire Protection District Board Member,Position 5,Non-partisan,Election,4
ocd-division/country:us/state:or/special_district:eugene_rural_fire_protection_district_1,Fire Protection District Board Member,Position 1,Non-partisan,Election,4
ocd-division/country:us/state:or/special_district:eugene_rural_fire_protection_district_1,Fire Protection District Board Member,Position 2,Non-partisan,Election,4
ocd-division/country:us/state:or/special_district:eugene_rural_fire_protection_district_1,Fire Protection District Board Member,Position 3,Non-partisan,Election,4
ocd-division/country:us/state:or/special_district:eugene_rural_fire_protection_district_1,Fire Protection District Board Member,Position 4,Non-partisan,Election,4
ocd-division/country:us/state:or/special_district:eugene_rural_fire_protection_district_1,Fire Protection District Board Member,Position 5,Non-partisan,Election,4
ocd-division/country:us/state:or/special_district:eugene_water_and_electric_district,Water Supply Utility District Board Member,,Non-partisan,Election,4
ocd-division/country:us/state:or/special_district:eugene_water_and_electric_district/board_district:wards_1_and_8,Water Supply Utility District Board Member,,Non-partisan,Election,4
ocd-division/country:us/state:or/special_district:eugene_water_and_electric_district/board_district:wards_2_and_3,Water Supply Utility District Board Member,,Non-partisan,Election,4
ocd-division/country:us/state:or/special_district:eugene_water_and_electric_district/board_district:wards_4_and_5,Water Supply Utility District Board Member,,Non-partisan,Election,4
ocd-division/country:us/state:or/special_district:eugene_water_and_electric_district/board_district:wards_6_and_7,Water Supply Utility District Board Member,,Non-partisan,Election,4
ocd-division/country:us/state:or/special_district:evans_valley_fire_district_6,Fire Protection District Board Member,Position 1,Non-partisan,Election,4
ocd-division/country:us/state:or/special_district:evans_valley_fire_district_6,Fire Protection District Board Member,Position 2,Non-partisan,Election,4
ocd-division/country:us/state:or/special_district:evans_valley_fire_district_6,Fire Protection District Board Member,Position 3,Non-partisan,Election,4
ocd-division/country:us/state:or/special_district:evans_valley_fire_district_6,Fire Protection District Board Member,Position 4,Non-partisan,Election,4
ocd-division/country:us/state:or/special_district:evans_valley_fire_district_6,Fire Protection District Board Member,Position 5,Non-partisan,Election,4
ocd-division/country:us/state:or/special_district:evergreen_sewer_and_water_district,Sewerage and Water Supply District Board Member,,Non-partisan,Election,4
ocd-division/country:us/state:or/special_district:evergreen_sewer_and_water_district,Sewerage and Water Supply District Board Member,,Non-partisan,Election,4
ocd-division/country:us/state:or/special_district:evergreen_sewer_and_water_district,Sewerage and Water Supply District Board Member,,Non-partisan,Election,4
ocd-division/country:us/state:or/special_district:fair_oaks_rural_fire_protection_district,Fire Protection District Board Member,Position 1,Non-partisan,Election,4
ocd-division/country:us/state:or/special_district:fair_oaks_rural_fire_protection_district,Fire Protection District Board Member,Position 2,Non-partisan,Election,4
ocd-division/country:us/state:or/special_district:fair_oaks_rural_fire_protection_district,Fire Protection District Board Member,Position 4,Non-partisan,Election,4
ocd-division/country:us/state:or/special_district:fairview_cemetery_maintenance_district,Cemetery District Board Member,Position 1,Non-partisan,Election,4
ocd-division/country:us/state:or/special_district:fairview_cemetery_maintenance_district,Cemetery District Board Member,Position 2,Non-partisan,Election,4
ocd-division/country:us/state:or/special_district:fairview_rural_fire_protection_district,Fire Protection District Board Member,Position 3,Non-partisan,Election,4
ocd-division/country:us/state:or/special_district:fairview_rural_fire_protection_district,Fire Protection District Board Member,Position 4,Non-partisan,Election,4
ocd-division/country:us/state:or/special_district:fairview_rural_fire_protection_district,Fire Protection District Board Member,Position 5,Non-partisan,Election,4
ocd-division/country:us/state:or/special_district:fairview_water_district,Water Supply Utility District Board Member,Position 1,Non-partisan,Election,4
ocd-division/country:us/state:or/special_district:fairview_water_district,Water Supply Utility District Board Member,Position 2,Non-partisan,Election,4
ocd-division/country:us/state:or/special_district:fairview_water_district,Water Supply Utility District Board Member,Position 3,Non-partisan,Election,4
ocd-division/country:us/state:or/special_district:fairview_water_district,Water Supply Utility District Board Member,Position 4,Non-partisan,Election,4
ocd-division/country:us/state:or/special_district:fairview_water_district,Water Supply Utility District Board Member,Position 5,Non-partisan,Election,4
ocd-division/country:us/state:or/special_district:falcon_cove_beach_water_district,Water Supply Utility District Board Member,Position 1,Non-partisan,Election,2
ocd-division/country:us/state:or/special_district:falcon_cove_beach_water_district,Water Supply Utility District Board Member,Position 2,Non-partisan,Election,4
ocd-division/country:us/state:or/special_district:falcon_cove_beach_water_district,Water Supply Utility District Board Member,Position 3,Non-partisan,Election,4
ocd-division/country:us/state:or/special_district:falcon_cove_beach_water_district,Water Supply Utility District Board Member,Position 4,Non-partisan,Election,4
ocd-division/country:us/state:or/special_district:falcon_cove_beach_water_district,Water Supply Utility District Board Member,Position 5,Non-partisan,Election,4
ocd-division/country:us/state:or/special_district:falcon_heights_water_and_sewer_district,Sewerage and Water Supply District Board Member,Position 1,Non-partisan,Election,4
ocd-division/country:us/state:or/special_district:falcon_heights_water_and_sewer_district,Sewerage and Water Supply District Board Member,Position 2,Non-partisan,Election,4
ocd-division/country:us/state:or/special_district:falcon_heights_water_and_sewer_district,Sewerage and Water Supply District Board Member,Position 3,Non-partisan,Election,4
ocd-division/country:us/state:or/special_district:falcon_heights_water_and_sewer_district,Sewerage and Water Supply District Board Member,Position 4,Non-partisan,Election,2
ocd-division/country:us/state:or/special_district:falcon_heights_water_and_sewer_district,Sewerage and Water Supply District Board Member,Position 5,Non-partisan,Election,4
ocd-division/country:us/state:or/special_district:farmers_irrigation_district,Irrigation District Board Member,,Non-partisan,Election,4
ocd-division/country:us/state:or/special_district:farmers_irrigation_district,Irrigation District Board Member,,Non-partisan,Election,4
ocd-division/country:us/state:or/special_district:farmers_irrigation_district,Irrigation District Board Member,,Non-partisan,Election,4
ocd-division/country:us/state:or/special_district:farmers_irrigation_district,Irrigation District Board Member,,Non-partisan,Election,4
ocd-division/country:us/state:or/special_district:farmers_irrigation_district,Irrigation District Board Member,,Non-partisan,Election,4
ocd-division/country:us/state:or/special_district:fern_ridge_library_district,Library District Board Member,,Non-partisan,Election,4
ocd-division/country:us/state:or/special_district:fern_ridge_library_district,Library District Board Member,,Non-partisan,Election,4
ocd-division/country:us/state:or/special_district:fern_ridge_library_district,Library District Board Member,,Non-partisan,Election,4
ocd-division/country:us/state:or/special_district:fern_ridge_library_district,Library District Board Member,,Non-partisan,Election,4
ocd-division/country:us/state:or/special_district:fern_ridge_library_district,Library District Board Member,,Non-partisan,Election,4
ocd-division/country:us/state:or/special_district:fir_crest_cemetery_maintenance_district,Cemetery District Board Member,,Non-partisan,Election,4
ocd-division/country:us/state:or/special_district:fir_crest_cemetery_maintenance_district,Cemetery District Board Member,,Non-partisan,Election,4
ocd-division/country:us/state:or/special_district:forest_grove_rural_fire_protection_district_1,Fire Protection District Board Member,Position 1,Non-partisan,Election,4
ocd-division/country:us/state:or/special_district:forest_grove_rural_fire_protection_district_1,Fire Protection District Board Member,Position 3,Non-partisan,Election,4
ocd-division/country:us/state:or/special_district:fort_rock_silver_lake_soil_and_water_conservation_district,Soil and Water Conservation District Board Member,,Non-partisan,Election,4
ocd-division/country:us/state:or/special_district:fort_rock_silver_lake_soil_and_water_conservation_district,Soil and Water Conservation District Board Member,Position 1,Non-partisan,Election,4
ocd-division/country:us/state:or/special_district:fort_rock_silver_lake_soil_and_water_conservation_district,Soil and Water Conservation District Board Member,Position 2,Non-partisan,Election,4
ocd-division/country:us/state:or/special_district:fort_rock_silver_lake_soil_and_water_conservation_district/board_district:zone_1,Soil and Water Conservation District Board Member,,Non-partisan,Election,4
ocd-division/country:us/state:or/special_district:fort_rock_silver_lake_soil_and_water_conservation_district/board_district:zone_2,Soil and Water Conservation District Board Member,,Non-partisan,Election,4
ocd-division/country:us/state:or/special_district:fort_rock_silver_lake_soil_and_water_conservation_district/board_district:zone_3,Soil and Water Conservation District Board Member,,Non-partisan,Election,4
ocd-division/country:us/state:or/special_district:fox_cemetery_maintenance_district,Cemetery District Board Member,,Non-partisan,Election,4
ocd-division/country:us/state:or/special_district:gardiner_rural_fire_protection_district_1,Fire Protection District Board Member,Position 2,Non-partisan,Election,4
ocd-division/country:us/state:or/special_district:gardiner_rural_fire_protection_district_1,Fire Protection District Board Member,Position 3,Non-partisan,Election,4
ocd-division/country:us/state:or/special_district:gardiner_rural_fire_protection_district_1,Fire Protection District Board Member,Position 5,Non-partisan,Election,4
ocd-division/country:us/state:or/special_district:gardiner_sanitary_district,Sewerage District Board Member,Position 1,Non-partisan,Election,4
ocd-division/country:us/state:or/special_district:gardiner_sanitary_district,Sewerage District Board Member,Position 2,Non-partisan,Election,4
ocd-division/country:us/state:or/special_district:gardiner_sanitary_district,Sewerage District Board Member,Position 3,Non-partisan,Election,4
ocd-division/country:us/state:or/special_district:gardiner_sanitary_district,Sewerage District Board Member,Position 4,Non-partisan,Election,4
ocd-division/country:us/state:or/special_district:gardiner_sanitary_district,Sewerage District Board Member,Position 5,Non-partisan,Election,4
ocd-division/country:us/state:or/special_district:garibaldi_rural_fire_protection_district,Fire Protection District Board Member,Position 1,Non-partisan,Election,4
ocd-division/country:us/state:or/special_district:garibaldi_rural_fire_protection_district,Fire Protection District Board Member,Position 2,Non-partisan,Election,4
ocd-division/country:us/state:or/special_district:garibaldi_rural_fire_protection_district,Fire Protection District Board Member,Position 3,Non-partisan,Election,4
ocd-division/country:us/state:or/special_district:gaston_rural_fire_protection_district,Fire Protection District Board Member,Position 4,Non-partisan,Election,4
ocd-division/country:us/state:or/special_district:gaston_rural_fire_protection_district,Fire Protection District Board Member,Position 5,Non-partisan,Election,4
ocd-division/country:us/state:or/special_district:gates_rural_fire_protection_district,Fire Protection District Board Member,Position 2,Non-partisan,Election,4
ocd-division/country:us/state:or/special_district:gates_rural_fire_protection_district,Fire Protection District Board Member,Position 3,Non-partisan,Election,4
ocd-division/country:us/state:or/special_district:gearhart_rural_fire_protection_district,Fire Protection District Board Member,Position 3,Non-partisan,Election,4
ocd-division/country:us/state:or/special_district:gearhart_rural_fire_protection_district,Fire Protection District Board Member,Position 5,Non-partisan,Election,4
ocd-division/country:us/state:or/special_district:gilliam_county_soil_and_water_conservation_district,Soil and Water Conservation District Board Member,Position 1,Non-partisan,Election,4
ocd-division/country:us/state:or/special_district:gilliam_county_soil_and_water_conservation_district,Soil and Water Conservation District Board Member,Position 2,Non-partisan,Election,4
ocd-division/country:us/state:or/special_district:gilliam_county_soil_and_water_conservation_district/board_district:zone_1,Soil and Water Conservation District Board Member,,Non-partisan,Election,4
ocd-division/country:us/state:or/special_district:gilliam_county_soil_and_water_conservation_district/board_district:zone_2,Soil and Water Conservation District Board Member,,Non-partisan,Election,4
ocd-division/country:us/state:or/special_district:gilliam_county_soil_and_water_conservation_district/board_district:zone_3,Soil and Water Conservation District Board Member,,Non-partisan,Election,4
ocd-division/country:us/state:or/special_district:glendale_ambulance_district,Health District Director,Position 3,Non-partisan,Election,4
ocd-division/country:us/state:or/special_district:glendale_ambulance_district,Health District Director,Position 4,Non-partisan,Election,4
ocd-division/country:us/state:or/special_district:glendale_ambulance_district,Health District Director,Position 5,Non-partisan,Election,4
ocd-division/country:us/state:or/special_district:gleneden_sanitary_district,Sewerage District Board Member,,Non-partisan,Election,4
ocd-division/country:us/state:or/special_district:gleneden_sanitary_district,Sewerage District Board Member,,Non-partisan,Election,4
ocd-division/country:us/state:or/special_district:gleneden_sanitary_district,Sewerage District Board Member,,Non-partisan,Election,4
ocd-division/country:us/state:or/special_district:gleneden_sanitary_district,Sewerage District Board Member,,Non-partisan,Election,4
ocd-division/country:us/state:or/special_district:gleneden_sanitary_district,Sewerage District Board Member,,Non-partisan,Election,4
ocd-division/country:us/state:or/special_district:glenwood_water_district,Fire Protection and Water Supply District Director,Position 4,Non-partisan,Election,4
ocd-division/country:us/state:or/special_district:glenwood_water_district,Fire Protection and Water Supply District Director,Position 5,Non-partisan,Election,4
ocd-division/country:us/state:or/special_district:glide_rural_fire_protection_district,Fire Protection District Board Member,Position 1,Non-partisan,Election,4
ocd-division/country:us/state:or/special_district:glide_rural_fire_protection_district,Fire Protection District Board Member,Position 2,Non-partisan,Election,4
ocd-division/country:us/state:or/special_district:glide_rural_fire_protection_district,Fire Protection District Board Member,Position 3,Non-partisan,Election,4
ocd-division/country:us/state:or/special_district:glide_rural_fire_protection_district,Fire Protection District Board Member,Position 4,Non-partisan,Election,4
ocd-division/country:us/state:or/special_district:glide_rural_fire_protection_district,Fire Protection District Board Member,Position 5,Non-partisan,Election,4
ocd-division/country:us/state:or/special_district:glide-idleyld_sanitary_district,Sewerage District Board Member,Position 1,Non-partisan,Election,4
ocd-division/country:us/state:or/special_district:glide-idleyld_sanitary_district,Sewerage District Board Member,Position 2,Non-partisan,Election,4
ocd-division/country:us/state:or/special_district:glide-idleyld_sanitary_district,Sewerage District Board Member,Position 3,Non-partisan,Election,4
ocd-division/country:us/state:or/special_district:glide-idleyld_sanitary_district,Sewerage District Board Member,Position 4,Non-partisan,Election,4
ocd-division/country:us/state:or/special_district:glide-idleyld_sanitary_district,Sewerage District Board Member,Position 5,Non-partisan,Election,4
ocd-division/country:us/state:or/special_district:gold_beach_wedderburn_rural_fire_protection_district_1,Fire Protection District Board Member,Position 1,Non-partisan,Election,4
ocd-division/country:us/state:or/special_district:gold_beach_wedderburn_rural_fire_protection_district_1,Fire Protection District Board Member,Position 2,Non-partisan,Election,4
ocd-division/country:us/state:or/special_district:gold_beach_wedderburn_rural_fire_protection_district_1,Fire Protection District Board Member,Position 3,Non-partisan,Election,4
ocd-division/country:us/state:or/special_district:gold_beach_wedderburn_rural_fire_protection_district_1,Fire Protection District Board Member,Position 4,Non-partisan,Election,4
ocd-division/country:us/state:or/special_district:gold_beach_wedderburn_rural_fire_protection_district_1,Fire Protection District Board Member,Position 5,Non-partisan,Election,4
ocd-division/country:us/state:or/special_district:goshen_rural_fire_protection_district,Fire Protection District Board Member,Position 2,Non-partisan,Election,4
ocd-division/country:us/state:or/special_district:goshen_rural_fire_protection_district,Fire Protection District Board Member,Position 3,Non-partisan,Election,4
ocd-division/country:us/state:or/special_district:goshen_rural_fire_protection_district,Fire Protection District Board Member,Position 4,Non-partisan,Election,4
ocd-division/country:us/state:or/special_district:goshen_rural_fire_protection_district,Fire Protection District Board Member,Position 5,Non-partisan,Election,4
ocd-division/country:us/state:or/special_district:government_camp_road_district,Highway District Board Member,Position 1,Non-partisan,Election,4
ocd-division/country:us/state:or/special_district:government_camp_road_district,Highway District Board Member,Position 2,Non-partisan,Election,4
ocd-division/country:us/state:or/special_district:government_camp_sanitary_district,Sewerage District Board Member,Position 2,Non-partisan,Election,4
ocd-division/country:us/state:or/special_district:government_camp_sanitary_district,Sewerage District Board Member,Position 4,Non-partisan,Election,4
ocd-division/country:us/state:or/special_district:grand_prairie_water_control_district,Drainage District Board Member,Position 1,Non-partisan,Election,4
ocd-division/country:us/state:or/special_district:grand_prairie_water_control_district,Drainage District Board Member,Position 2,Non-partisan,Election,4
ocd-division/country:us/state:or/special_district:grand_prairie_water_control_district,Drainage District Board Member,Position 3,Non-partisan,Election,4
ocd-division/country:us/state:or/special_district:grand_prairie_water_control_district,Drainage District Board Member,Position 8,Non-partisan,Election,4
ocd-division/country:us/state:or/special_district:grant_county_soil_and_water_conservation_district,Soil and Water Conservation District Board Member,,Non-partisan,Election,4
ocd-division/country:us/state:or/special_district:grant_county_soil_and_water_conservation_district,Soil and Water Conservation District Board Member,Position 2,Non-partisan,Election,4
ocd-division/country:us/state:or/special_district:grant_county_soil_and_water_conservation_district/board_district:zone_1,Soil and Water Conservation District Board Member,,Non-partisan,Election,4
ocd-division/country:us/state:or/special_district:grant_county_soil_and_water_conservation_district/board_district:zone_2,Soil and Water Conservation District Board Member,,Non-partisan,Election,4
ocd-division/country:us/state:or/special_district:grant_county_soil_and_water_conservation_district/board_district:zone_3,Soil and Water Conservation District Board Member,,Non-partisan,Election,4
ocd-division/country:us/state:or/special_district:grant_county_transportation_district,Public Mass Transit Utility District Board Member,,Non-partisan,Election,4
ocd-division/country:us/state:or/special_district:grant_county_transportation_district,Public Mass Transit Utility District Board Member,,Non-partisan,Election,4
ocd-division/country:us/state:or/special_district:grant_county_transportation_district,Public Mass Transit Utility District Board Member,,Non-partisan,Election,4
ocd-division/country:us/state:or/special_district:grants_pass_irrigation_district/board_district:division_1,Irrigation District Board Member,,Non-partisan,Election,4
ocd-division/country:us/state:or/special_district:grants_pass_irrigation_district/board_district:division_2,Irrigation District Board Member,,Non-partisan,Election,4
ocd-division/country:us/state:or/special_district:grants_pass_irrigation_district/board_district:division_3,Irrigation District Board Member,,Non-partisan,Election,4
ocd-division/country:us/state:or/special_district:grants_pass_irrigation_district/board_district:division_4,Irrigation District Board Member,,Non-partisan,Election,4
ocd-division/country:us/state:or/special_district:grants_pass_irrigation_district/board_district:division_5,Irrigation District Board Member,,Non-partisan,Election,4
ocd-division/country:us/state:or/special_district:greater_bowen_valley_rural_fire_protection_district,Fire Protection District Board Member,Position 1,Non-partisan,Election,4
ocd-division/country:us/state:or/special_district:greater_bowen_valley_rural_fire_protection_district,Fire Protection District Board Member,Position 2,Non-partisan,Election,4
ocd-division/country:us/state:or/special_district:greater_bowen_valley_rural_fire_protection_district,Fire Protection District Board Member,Position 3,Non-partisan,Election,4
ocd-division/country:us/state:or/special_district:greater_bowen_valley_rural_fire_protection_district,Fire Protection District Board Member,Position 4,Non-partisan,Election,4
ocd-division/country:us/state:or/special_district:greater_bowen_valley_rural_fire_protection_district,Fire Protection District Board Member,Position 5,Non-partisan,Election,4
ocd-division/country:us/state:or/special_district:greater_saint_helens_parks_and_recreation_district,Parks and Recreation District Board Member,,Non-partisan,Election,4
ocd-division/country:us/state:or/special_district:greater_saint_helens_parks_and_recreation_district,Parks and Recreation District Board Member,,Non-partisan,Election,4
ocd-division/country:us/state:or/special_district:greater_saint_helens_parks_and_recreation_district,Parks and Recreation District Board Member,Position 1,Non-partisan,Election,4
ocd-division/country:us/state:or/special_district:greater_saint_helens_parks_and_recreation_district,Parks and Recreation District Board Member,Position 2,Non-partisan,Election,4
ocd-division/country:us/state:or/special_district:greater_saint_helens_parks_and_recreation_district,Parks and Recreation District Board Member,Position 3,Non-partisan,Election,4
ocd-division/country:us/state:or/special_district:greater_toledo_pool_recreation_district,Parks and Recreation District Board Member,Position 1,Non-partisan,Election,4
ocd-division/country:us/state:or/special_district:greater_toledo_pool_recreation_district,Parks and Recreation District Board Member,Position 2,Non-partisan,Election,4
ocd-division/country:us/state:or/special_district:greater_toledo_pool_recreation_district,Parks and Recreation District Board Member,Position 3,Non-partisan,Election,4
ocd-division/country:us/state:or/special_district:greater_toledo_pool_recreation_district,Parks and Recreation District Board Member,Position 4,Non-partisan,Election,4
ocd-division/country:us/state:or/special_district:greater_toledo_pool_recreation_district,Parks and Recreation District Board Member,Position 5,Non-partisan,Election,4
ocd-division/country:us/state:or/special_district:green_acres_rural_fire_protection_district,Fire Protection District Board Member,Position 4,Non-partisan,Election,4
ocd-division/country:us/state:or/special_district:green_area_water_and_sanitary_authority,Sewerage and Water Supply District Board Member,Position 1,Non-partisan,Election,4
ocd-division/country:us/state:or/special_district:green_area_water_and_sanitary_authority,Sewerage and Water Supply District Board Member,Position 2,Non-partisan,Election,4
ocd-division/country:us/state:or/special_district:green_area_water_and_sanitary_authority,Sewerage and Water Supply District Board Member,Position 3,Non-partisan,Election,4
ocd-division/country:us/state:or/special_district:green_area_water_and_sanitary_authority,Sewerage and Water Supply District Board Member,Position 4,Non-partisan,Election,4
ocd-division/country:us/state:or/special_district:green_area_water_and_sanitary_authority,Sewerage and Water Supply District Board Member,Position 5,Non-partisan,Election,4
ocd-division/country:us/state:or/special_district:greensprings_rfpd,Fire Protection District Board Member,,Non-partisan,Election,4
ocd-division/country:us/state:or/special_district:greensprings_rfpd,Fire Protection District Board Member,,Non-partisan,Election,4
ocd-division/country:us/state:or/special_district:greensprings_rfpd,Fire Protection District Board Member,Position 3,Non-partisan,Election,4
ocd-division/country:us/state:or/special_district:greensprings_rfpd,Fire Protection District Board Member,Position 4,Non-partisan,Election,4
ocd-division/country:us/state:or/special_district:greensprings_rfpd,Fire Protection District Board Member,Position 5,Non-partisan,Election,4
ocd-division/country:us/state:or/special_district:haines_fire_protection_district,Fire Protection District Board Member,Position 1,Non-partisan,Election,4
ocd-division/country:us/state:or/special_district:haines_fire_protection_district,Fire Protection District Board Member,Position 2,Non-partisan,Election,4
ocd-division/country:us/state:or/special_district:haines_fire_protection_district,Fire Protection District Board Member,Position 3,Non-partisan,Election,4
ocd-division/country:us/state:or/special_district:haines_fire_protection_district,Fire Protection District Board Member,Position 4,Non-partisan,Election,4
ocd-division/country:us/state:or/special_district:haines_fire_protection_district,Fire Protection District Board Member,Position 5,Non-partisan,Election,4
ocd-division/country:us/state:or/special_district:halsey_shedd_rural_fire_protection_district,Fire Protection District Board Member,Position 1,Non-partisan,Election,4
ocd-division/country:us/state:or/special_district:halsey_shedd_rural_fire_protection_district,Fire Protection District Board Member,Position 2,Non-partisan,Election,4
ocd-division/country:us/state:or/special_district:halsey_shedd_rural_fire_protection_district,Fire Protection District Board Member,Position 3,Non-partisan,Election,
ocd-division/country:us/state:or/special_district:halsey_shedd_rural_fire_protection_district,Fire Protection District Board Member,Position 4,Non-partisan,Election,4
ocd-division/country:us/state:or/special_district:halsey_shedd_rural_fire_protection_district,Fire Protection District Board Member,Position 5,Non-partisan,Election,4
ocd-division/country:us/state:or/special_district:hamlet_rural_fire_protection_district,Fire Protection District Board Member,Position 1,Non-partisan,Election,4
ocd-division/country:us/state:or/special_district:hamlet_rural_fire_protection_district,Fire Protection District Board Member,Position 2,Non-partisan,Election,4
ocd-division/country:us/state:or/special_district:hamlet_rural_fire_protection_district,Fire Protection District Board Member,Position 4,Non-partisan,Election,4
ocd-division/country:us/state:or/special_district:hamlet_rural_fire_protection_district,Fire Protection District Board Member,Position 5,Non-partisan,Election,4
ocd-division/country:us/state:or/special_district:harbor_rural_fire_protection_district,Fire Protection District Board Member,Position 1,Non-partisan,Election,4
ocd-division/country:us/state:or/special_district:harbor_rural_fire_protection_district,Fire Protection District Board Member,Position 2,Non-partisan,Election,4
ocd-division/country:us/state:or/special_district:harbor_rural_fire_protection_district,Fire Protection District Board Member,Position 3,Non-partisan,Election,4
ocd-division/country:us/state:or/special_district:harbor_rural_fire_protection_district,Fire Protection District Board Member,Position 4,Non-partisan,Election,4
ocd-division/country:us/state:or/special_district:harbor_rural_fire_protection_district,Fire Protection District Board Member,Position 5,Non-partisan,Election,4
ocd-division/country:us/state:or/special_district:harbor_sanitary_district,Sewerage District Board Member,Position 1,Non-partisan,Election,4
ocd-division/country:us/state:or/special_district:harbor_sanitary_district,Sewerage District Board Member,Position 2,Non-partisan,Election,4
ocd-division/country:us/state:or/special_district:harbor_sanitary_district,Sewerage District Board Member,Position 3,Non-partisan,Election,4
ocd-division/country:us/state:or/special_district:harbor_sanitary_district,Sewerage District Board Member,Position 4,Non-partisan,Election,
ocd-division/country:us/state:or/special_district:harbor_sanitary_district,Sewerage District Board Member,Position 5,Non-partisan,Election,4
ocd-division/country:us/state:or/special_district:harbor_water_peoples_utility_district,Water Supply Utility District Board Member,Position 1,Non-partisan,Election,4
ocd-division/country:us/state:or/special_district:harbor_water_peoples_utility_district,Water Supply Utility District Board Member,Position 2,Non-partisan,Election,4
ocd-division/country:us/state:or/special_district:harbor_water_peoples_utility_district,Water Supply Utility District Board Member,Position 3,Non-partisan,Election,4
ocd-division/country:us/state:or/special_district:harbor_water_peoples_utility_district,Water Supply Utility District Board Member,Position 4,Non-partisan,Election,4
ocd-division/country:us/state:or/special_district:harbor_water_peoples_utility_district,Water Supply Utility District Board Member,Position 5,Non-partisan,Election,4
ocd-division/country:us/state:or/special_district:harney_county_health_district,Hospital District Board Member,Position 1,Non-partisan,Election,4
ocd-division/country:us/state:or/special_district:harney_county_health_district,Hospital District Board Member,Position 3,Non-partisan,Election,4
ocd-division/country:us/state:or/special_district:harney_county_health_district,Hospital District Board Member,Position 4,Non-partisan,Election,4
ocd-division/country:us/state:or/special_district:harney_county_health_district,Hospital District Board Member,Position 5,Non-partisan,Election,4
ocd-division/country:us/state:or/special_district:harney_county_health_district,Hospital District Board Member,Position 6,Non-partisan,Election,4
ocd-division/country:us/state:or/special_district:harney_county_health_district,Hospital District Board Member,Position 7,Non-partisan,Election,4
ocd-division/country:us/state:or/special_district:harney_county_soil_and_water_conservation_district,Soil and Water Conservation District Board Member,Position 1,Non-partisan,Election,4
ocd-division/country:us/state:or/special_district:harney_county_soil_and_water_conservation_district,Soil and Water Conservation District Board Member,Position 2,Non-partisan,Election,4
ocd-division/country:us/state:or/special_district:harney_county_soil_and_water_conservation_district/board_district:zone_1,Soil and Water Conservation District Board Member,,Non-partisan,Election,4
ocd-division/country:us/state:or/special_district:harney_county_soil_and_water_conservation_district/board_district:zone_2,Soil and Water Conservation District Board Member,,Non-partisan,Election,4
ocd-division/country:us/state:or/special_district:harney_county_soil_and_water_conservation_district/board_district:zone_3,Soil and Water Conservation District Board Member,,Non-partisan,Election,4
ocd-division/country:us/state:or/special_district:harney_county_soil_and_water_conservation_district/board_district:zone_4,Soil and Water Conservation District Board Member,,Non-partisan,Election,4
ocd-division/country:us/state:or/special_district:harney_county_soil_and_water_conservation_district/board_district:zone_5,Soil and Water Conservation District Board Member,,Non-partisan,Election,4
ocd-division/country:us/state:or/special_district:harrisburg_fire_and_rescue_district,Fire Protection District Board Member,Position 1,Non-partisan,Election,4
ocd-division/country:us/state:or/special_district:harrisburg_fire_and_rescue_district,Fire Protection District Board Member,Position 2,Non-partisan,Election,4
ocd-division/country:us/state:or/special_district:harrisburg_fire_and_rescue_district,Fire Protection District Board Member,Position 3,Non-partisan,Election,4
ocd-division/country:us/state:or/special_district:harrisburg_fire_and_rescue_district,Fire Protection District Board Member,Position 4,Non-partisan,Election,4
ocd-division/country:us/state:or/special_district:harrisburg_fire_and_rescue_district,Fire Protection District Board Member,Position 5,Non-partisan,Election,4
ocd-division/country:us/state:or/special_district:hauser_rural_fire_protection_district,Fire Protection District Board Member,Position 1,Non-partisan,Election,4
ocd-division/country:us/state:or/special_district:hauser_rural_fire_protection_district,Fire Protection District Board Member,Position 2,Non-partisan,Election,4
ocd-division/country:us/state:or/special_district:hazeldell_rural_fire_district,Fire Protection District Board Member,Position 2,Non-partisan,Election,4
ocd-division/country:us/state:or/special_district:hazeldell_rural_fire_district,Fire Protection District Board Member,Position 4,Non-partisan,Election,4
ocd-division/country:us/state:or/special_district:hazeldell_rural_fire_district,Fire Protection District Board Member,Position 5,Non-partisan,Election,4
ocd-division/country:us/state:or/special_district:hebo_joint_water_and_sanitary_authority,Sewerage and Water Supply District Board Member,Position 1,Non-partisan,Election,4
ocd-division/country:us/state:or/special_district:hebo_joint_water_and_sanitary_authority,Sewerage and Water Supply District Board Member,Position 3,Non-partisan,Election,4
ocd-division/country:us/state:or/special_district:hebo_joint_water_and_sanitary_authority,Sewerage and Water Supply District Board Member,Position 4,Non-partisan,Election,4
ocd-division/country:us/state:or/special_district:hebo_joint_water_and_sanitary_authority,Sewerage and Water Supply District Board Member,Position 7,Non-partisan,Election,4
ocd-division/country:us/state:or/special_district:heceta_water_district/board_district:subdivision_1,Water Supply Utility District Board Member,,Non-partisan,Election,4
ocd-division/country:us/state:or/special_district:heceta_water_district/board_district:subdivision_2,Water Supply Utility District Board Member,,Non-partisan,Election,4
ocd-division/country:us/state:or/special_district:heceta_water_district/board_district:subdivision_3,Water Supply Utility District Board Member,,Non-partisan,Election,4
ocd-division/country:us/state:or/special_district:heceta_water_district/board_district:subdivision_4,Water Supply Utility District Board Member,,Non-partisan,Election,
ocd-division/country:us/state:or/special_district:heceta_water_district/board_district:subdivision_5,Water Supply Utility District Board Member,,Non-partisan,Election,4
ocd-division/country:us/state:or/special_district:helix_cemetery_district_4,Cemetery District Board Member,Position 1,Non-partisan,Election,4
ocd-division/country:us/state:or/special_district:helix_cemetery_district_4,Cemetery District Board Member,Position 2,Non-partisan,Election,4
ocd-division/country:us/state:or/special_district:helix_parks_and_recreation_district,Parks and Recreation District Board Member,Position 1,Non-partisan,Election,4
ocd-division/country:us/state:or/special_district:helix_parks_and_recreation_district,Parks and Recreation District Board Member,Position 2,Non-partisan,Election,4
ocd-division/country:us/state:or/special_district:helix_parks_and_recreation_district,Parks and Recreation District Board Member,Position 3,Non-partisan,Election,4
ocd-division/country:us/state:or/special_district:helix_rural_fire_protection_district_7-411,Fire Protection District Board Member,Position 1,Non-partisan,Election,4
ocd-division/country:us/state:or/special_district:helix_rural_fire_protection_district_7-411,Fire Protection District Board Member,Position 2,Non-partisan,Election,4
ocd-division/country:us/state:or/special_district:helix_rural_fire_protection_district_7-411,Fire Protection District Board Member,Position 3,Non-partisan,Election,4
ocd-division/country:us/state:or/special_district:helix_rural_fire_protection_district_7-411,Fire Protection District Board Member,Position 4,Non-partisan,Election,4
ocd-division/country:us/state:or/special_district:helix_rural_fire_protection_district_7-411,Fire Protection District Board Member,Position 5,Non-partisan,Election,4
ocd-division/country:us/state:or/special_district:heppner_cemetery_maintenance_district,Cemetery District Board Member,,Non-partisan,Election,4
ocd-division/country:us/state:or/special_district:heppner_cemetery_maintenance_district,Cemetery District Board Member,,Non-partisan,Election,4
ocd-division/country:us/state:or/special_district:heppner_rural_fire_protection_district,Fire Protection District Board Member,,Non-partisan,Election,4
ocd-division/country:us/state:or/special_district:heppner_rural_fire_protection_district,Fire Protection District Board Member,,Non-partisan,Election,4
ocd-division/country:us/state:or/special_district:heppner_rural_fire_protection_district,Fire Protection District Board Member,,Non-partisan,Election,4
ocd-division/country:us/state:or/special_district:heppner_rural_fire_protection_district,Fire Protection District Board Member,,Non-partisan,Election,4
ocd-division/country:us/state:or/special_district:hereford_community_hall_recreation_district,Parks and Recreation District Board Member,,Non-partisan,Election,4
ocd-division/country:us/state:or/special_district:hereford_community_hall_recreation_district,Parks and Recreation District Board Member,,Non-partisan,Election,4
ocd-division/country:us/state:or/special_district:hereford_community_hall_recreation_district,Parks and Recreation District Board Member,,Non-partisan,Election,4
ocd-division/country:us/state:or/special_district:hereford_community_hall_recreation_district,Parks and Recreation District Board Member,,Non-partisan,Election,4
ocd-division/country:us/state:or/special_district:hereford_community_hall_recreation_district,Parks and Recreation District Board Member,,Non-partisan,Election,4
ocd-division/country:us/state:or/special_district:hermiston_cemetery_district_8,Cemetery District Board Member,Position 2,Non-partisan,Election,4
ocd-division/country:us/state:or/special_district:hermiston_cemetery_district_8,Cemetery District Board Member,Position 3,Non-partisan,Election,4
ocd-division/country:us/state:or/special_district:hermiston_irrigation_district/board_district:division_1,Irrigation District Board Member,,Non-partisan,Election,3
ocd-division/country:us/state:or/special_district:hermiston_irrigation_district/board_district:division_2,Irrigation District Board Member,,Non-partisan,Election,4
ocd-division/country:us/state:or/special_district:hermiston_irrigation_district/board_district:division_3,Irrigation District Board Member,,Non-partisan,Election,3
ocd-division/country:us/state:or/special_district:hermiston_irrigation_district/board_district:division_4,Irrigation District Board Member,,Non-partisan,Election,3
ocd-division/country:us/state:or/special_district:hermiston_irrigation_district/board_district:division_5,Irrigation District Board Member,,Non-partisan,Election,3
ocd-division/country:us/state:or/special_district:hidden_valley_special_road_district,Highway District Board Member,Position 1,Non-partisan,Election,4
ocd-division/country:us/state:or/special_district:hidden_valley_special_road_district,Highway District Board Member,Position 2,Non-partisan,Election,4
ocd-division/country:us/state:or/special_district:hidden_valley_special_road_district,Highway District Board Member,Position 3,Non-partisan,Election,4
ocd-division/country:us/state:or/special_district:high_desert_parks_and_recreation_district,Parks and Recreation District Board Member,Position 2,Non-partisan,Election,4
ocd-division/country:us/state:or/special_district:highland_subdivision_water_district,Water Supply Utility District Board Member,Position 1,Non-partisan,Election,4
ocd-division/country:us/state:or/special_district:highland_subdivision_water_district,Water Supply Utility District Board Member,Position 2,Non-partisan,Election,4
ocd-division/country:us/state:or/special_district:highland_subdivision_water_district,Water Supply Utility District Board Member,Position 4,Non-partisan,Election,4
ocd-division/country:us/state:or/special_district:highland_subdivision_water_district,Water Supply Utility District Board Member,Position 5,Non-partisan,Election,4
ocd-division/country:us/state:or/special_district:hilltop_cemetery_district,Cemetery District Board Member,,Non-partisan,Election,4
ocd-division/country:us/state:or/special_district:hilltop_cemetery_district,Cemetery District Board Member,,Non-partisan,Election,4
ocd-division/country:us/state:or/special_district:hilltop_cemetery_district,Cemetery District Board Member,,Non-partisan,Election,4
ocd-division/country:us/state:or/special_district:hilltop_cemetery_district,Cemetery District Board Member,,Non-partisan,Election,4
ocd-division/country:us/state:or/special_district:hood_river_county_library_district,Library District Board Member,,Non-partisan,Election,4
ocd-division/country:us/state:or/special_district:hood_river_county_library_district,Library District Board Member,,Non-partisan,Election,4
ocd-division/country:us/state:or/special_district:hood_river_county_library_district,Library District Board Member,,Non-partisan,Election,4
ocd-division/country:us/state:or/special_district:hood_river_county_library_district,Library District Board Member,,Non-partisan,Election,4
ocd-division/country:us/state:or/special_district:hood_river_county_library_district,Library District Board Member,,Non-partisan,Election,4
ocd-division/country:us/state:or/special_district:hood_river_county_soil_and_water_conservation_district,Soil and Water Conservation District Board Member,Position 1,Non-partisan,Election,4
ocd-division/country:us/state:or/special_district:hood_river_county_soil_and_water_conservation_district,Soil and Water Conservation District Board Member,Position 2,Non-partisan,Election,4
ocd-division/country:us/state:or/special_district:hood_river_county_soil_and_water_conservation_district/board_district:zone_1,Soil and Water Conservation District Board Member,,Non-partisan,Election,4
ocd-division/country:us/state:or/special_district:hood_river_county_soil_and_water_conservation_district/board_district:zone_2,Soil and Water Conservation District Board Member,,Non-partisan,Election,4
ocd-division/country:us/state:or/special_district:hood_river_county_soil_and_water_conservation_district/board_district:zone_3,Soil and Water Conservation District Board Member,,Non-partisan,Election,4
ocd-division/country:us/state:or/special_district:hood_river_county_transportation_district,Public Mass Transit Utility District Board Member,Position 1,Non-partisan,Election,4
ocd-division/country:us/state:or/special_district:hood_river_county_transportation_district,Public Mass Transit Utility District Board Member,Position 2,Non-partisan,Election,4
ocd-division/country:us/state:or/special_district:hood_river_county_transportation_district,Public Mass Transit Utility District Board Member,Position 3,Non-partisan,Election,4
ocd-division/country:us/state:or/special_district:hood_river_county_transportation_district,Public Mass Transit Utility District Board Member,Position 4,Non-partisan,Election,4
ocd-division/country:us/state:or/special_district:hood_river_county_transportation_district,Public Mass Transit Utility District Board Member,Position 5,Non-partisan,Election,4
ocd-division/country:us/state:or/special_district:hood_river_county_transportation_district,Public Mass Transit Utility District Board Member,Position 6,Non-partisan,Election,
ocd-division/country:us/state:or/special_district:hood_river_county_transportation_district,Public Mass Transit Utility District Board Member,Position 7,Non-partisan,Election,4
ocd-division/country:us/state:or/special_district:hood_river_valley_parks_and_recreation_district,Parks and Recreation District Board Member,,Non-partisan,Election,4
ocd-division/country:us/state:or/special_district:hood_river_valley_parks_and_recreation_district,Parks and Recreation District Board Member,,Non-partisan,Election,4
ocd-division/country:us/state:or/special_district:hood_river_valley_parks_and_recreation_district,Parks and Recreation District Board Member,,Non-partisan,Election,4
ocd-division/country:us/state:or/special_district:hood_river_valley_parks_and_recreation_district,Parks and Recreation District Board Member,,Non-partisan,Election,4
ocd-division/country:us/state:or/special_district:hood_river_valley_parks_and_recreation_district,Parks and Recreation District Board Member,,Non-partisan,Election,4
ocd-division/country:us/state:or/special_district:hoodland_parks_and_recreation_district,Parks and Recreation District Board Member,,Non-partisan,Election,4
ocd-division/country:us/state:or/special_district:hoodland_parks_and_recreation_district,Parks and Recreation District Board Member,,Non-partisan,Election,4
ocd-division/country:us/state:or/special_district:hoodland_parks_and_recreation_district,Parks and Recreation District Board Member,,Non-partisan,Election,4
ocd-division/country:us/state:or/special_district:hoodland_parks_and_recreation_district,Parks and Recreation District Board Member,,Non-partisan,Election,4
ocd-division/country:us/state:or/special_district:hoodland_parks_and_recreation_district,Parks and Recreation District Board Member,,Non-partisan,Election,4
ocd-division/country:us/state:or/special_district:hoodland_rural_fire_protection_district_74,Fire Protection District Board Member,Position 1,Non-partisan,Election,4
ocd-division/country:us/state:or/special_district:hoodland_rural_fire_protection_district_74,Fire Protection District Board Member,Position 2,Non-partisan,Election,4
ocd-division/country:us/state:or/special_district:hoodland_rural_fire_protection_district_74,Fire Protection District Board Member,Position 3,Non-partisan,Election,4
ocd-division/country:us/state:or/special_district:hoodland_rural_fire_protection_district_74,Fire Protection District Board Member,Position 4,Non-partisan,Election,4
ocd-division/country:us/state:or/special_district:hoodland_rural_fire_protection_district_74,Fire Protection District Board Member,Position 5,Non-partisan,Election,4
ocd-division/country:us/state:or/special_district:hoskins_kings_valley_rural_fire_protection_district,Fire Protection District Board Member,Position 4,Non-partisan,Election,4
ocd-division/country:us/state:or/special_district:hubbard_rural_fire_protection_district,Fire Protection District Board Member,Position 1,Non-partisan,Election,4
ocd-division/country:us/state:or/special_district:hubbard_rural_fire_protection_district,Fire Protection District Board Member,Position 2,Non-partisan,Election,4
ocd-division/country:us/state:or/special_district:hubbard_rural_fire_protection_district,Fire Protection District Board Member,Position 4,Non-partisan,Election,4
ocd-division/country:us/state:or/special_district:hubbard_rural_fire_protection_district,Fire Protection District Board Member,Position 5,Non-partisan,Election,4
ocd-division/country:us/state:or/special_district:hunt_water_district,Water Supply Utility District Board Member,Position 2,Non-partisan,Election,4
ocd-division/country:us/state:or/special_district:hunt_water_district,Water Supply Utility District Board Member,Position 3,Non-partisan,Election,4
ocd-division/country:us/state:or/special_district:hunt_water_district,Water Supply Utility District Board Member,Position 4,Non-partisan,Election,4
ocd-division/country:us/state:or/special_district:hunt_water_district,Water Supply Utility District Board Member,Position 5,Non-partisan,Election,4
ocd-division/country:us/state:or/special_district:ice_fountain_water_district,Water Supply Utility District Board Member,Position 1,Non-partisan,Election,4
ocd-division/country:us/state:or/special_district:ice_fountain_water_district,Water Supply Utility District Board Member,Position 2,Non-partisan,Election,
ocd-division/country:us/state:or/special_district:ice_fountain_water_district,Water Supply Utility District Board Member,Position 3,Non-partisan,Election,
ocd-division/country:us/state:or/special_district:ice_fountain_water_district,Water Supply Utility District Board Member,Position 4,Non-partisan,Election,4
ocd-division/country:us/state:or/special_district:ice_fountain_water_district,Water Supply Utility District Board Member,Position 5,Non-partisan,Election,4
ocd-division/country:us/state:or/special_district:idanha_detroit_rural_fire_protection_district,Fire Protection District Board Member,Position 1,Non-partisan,Election,4
ocd-division/country:us/state:or/special_district:idanha_detroit_rural_fire_protection_district,Fire Protection District Board Member,Position 2,Non-partisan,Election,4
ocd-division/country:us/state:or/special_district:idanha_detroit_rural_fire_protection_district,Fire Protection District Board Member,Position 3,Non-partisan,Election,4
ocd-division/country:us/state:or/special_district:idanha_detroit_rural_fire_protection_district,Fire Protection District Board Member,Position 4,Non-partisan,Election,4
ocd-division/country:us/state:or/special_district:idanha_detroit_rural_fire_protection_district,Fire Protection District Board Member,Position 5,Non-partisan,Election,4
ocd-division/country:us/state:or/special_district:illinois_valley_rural_fire_protection_district,Fire Protection District Board Member,Position 1,Non-partisan,Election,4
ocd-division/country:us/state:or/special_district:illinois_valley_rural_fire_protection_district,Fire Protection District Board Member,Position 2,Non-partisan,Election,4
ocd-division/country:us/state:or/special_district:illinois_valley_rural_fire_protection_district,Fire Protection District Board Member,Position 3,Non-partisan,Election,4
ocd-division/country:us/state:or/special_district:illinois_valley_rural_fire_protection_district,Fire Protection District Board Member,Position 4,Non-partisan,Election,4
ocd-division/country:us/state:or/special_district:illinois_valley_rural_fire_protection_district,Fire Protection District Board Member,Position 5,Non-partisan,Election,4
ocd-division/country:us/state:or/special_district:illinois_valley_soil_and_water_conservation_district,Soil and Water Conservation District Board Member,Position 1,Non-partisan,Election,4
ocd-division/country:us/state:or/special_district:illinois_valley_soil_and_water_conservation_district,Soil and Water Conservation District Board Member,Position 2,Non-partisan,Election,4
ocd-division/country:us/state:or/special_district:illinois_valley_soil_and_water_conservation_district/board_district:zone_1,Soil and Water Conservation District Board Member,,Non-partisan,Election,4
ocd-division/country:us/state:or/special_district:illinois_valley_soil_and_water_conservation_district/board_district:zone_2,Soil and Water Conservation District Board Member,,Non-partisan,Election,4
ocd-division/country:us/state:or/special_district:illinois_valley_soil_and_water_conservation_district/board_district:zone_3,Soil and Water Conservation District Board Member,,Non-partisan,Election,4
ocd-division/country:us/state:or/special_district:illinois_valley_soil_and_water_conservation_district/board_district:zone_4,Soil and Water Conservation District Board Member,,Non-partisan,Election,4
ocd-division/country:us/state:or/special_district:illinois_valley_soil_and_water_conservation_district/board_district:zone_5,Soil and Water Conservation District Board Member,,Non-partisan,Election,4
ocd-division/country:us/state:or/special_district:imbler_rural_fire_protection_district,Fire Protection District Board Member,Position 1,Non-partisan,Election,4
ocd-division/country:us/state:or/special_district:imbler_rural_fire_protection_district,Fire Protection District Board Member,Position 2,Non-partisan,Election,4
ocd-division/country:us/state:or/special_district:imbler_rural_fire_protection_district,Fire Protection District Board Member,Position 3,Non-partisan,Election,4
ocd-division/country:us/state:or/special_district:imbler_rural_fire_protection_district,Fire Protection District Board Member,Position 4,Non-partisan,Election,4
ocd-division/country:us/state:or/special_district:imbler_rural_fire_protection_district,Fire Protection District Board Member,Position 5,Non-partisan,Election,4
ocd-division/country:us/state:or/special_district:interlachen_water_peoples_utility_district,Water Supply Utility District Board Member,,Non-partisan,Election,4
ocd-division/country:us/state:or/special_district:interlachen_water_peoples_utility_district,Water Supply Utility District Board Member,,Non-partisan,Election,4
ocd-division/country:us/state:or/special_district:interlachen_water_peoples_utility_district,Water Supply Utility District Board Member,,Non-partisan,Election,4
ocd-division/country:us/state:or/special_district:interlachen_water_peoples_utility_district,Water Supply Utility District Board Member,,Non-partisan,Election,4
ocd-division/country:us/state:or/special_district:interlachen_water_peoples_utility_district,Water Supply Utility District Board Member,,Non-partisan,Election,4
ocd-division/country:us/state:or/special_district:ione_lexington_cemetery_maintenance_district,Cemetery District Board Member,,Non-partisan,Election,4
ocd-division/country:us/state:or/special_district:ione_lexington_cemetery_maintenance_district,Cemetery District Board Member,,Non-partisan,Election,4
ocd-division/country:us/state:or/special_district:ione_lexington_cemetery_maintenance_district,Cemetery District Board Member,,Non-partisan,Election,4
ocd-division/country:us/state:or/special_district:ione_library_district,Library District Board Member,,Non-partisan,Election,4
ocd-division/country:us/state:or/special_district:ione_library_district,Library District Board Member,,Non-partisan,Election,4
ocd-division/country:us/state:or/special_district:ione_library_district,Library District Board Member,,Non-partisan,Election,4
ocd-division/country:us/state:or/special_district:ione_library_district,Library District Board Member,,Non-partisan,Election,4
ocd-division/country:us/state:or/special_district:ione_library_district,Library District Board Member,,Non-partisan,Election,4
ocd-division/country:us/state:or/special_district:ione_rural_fire_protection_district,Fire Protection District Board Member,,Non-partisan,Election,4
ocd-division/country:us/state:or/special_district:ione_rural_fire_protection_district,Fire Protection District Board Member,,Non-partisan,Election,4
ocd-division/country:us/state:or/special_district:ione_rural_fire_protection_district,Fire Protection District Board Member,,Non-partisan,Election,4
ocd-division/country:us/state:or/special_district:ione_rural_fire_protection_district,Fire Protection District Board Member,,Non-partisan,Election,4
ocd-division/country:us/state:or/special_district:ione_rural_fire_protection_district,Fire Protection District Board Member,,Non-partisan,Election,4
ocd-division/country:us/state:or/special_district:ironside_cemetery_maintenance_district,Cemetery District Board Member,,Non-partisan,Election,4
ocd-division/country:us/state:or/special_district:ironside_cemetery_maintenance_district,Cemetery District Board Member,,Non-partisan,Election,4
ocd-division/country:us/state:or/special_district:ironside_cemetery_maintenance_district,Cemetery District Board Member,,Non-partisan,Election,4
ocd-division/country:us/state:or/special_district:irrigon_cemetery_maintenance_district,Cemetery District Board Member,,Non-partisan,Election,4
ocd-division/country:us/state:or/special_district:irrigon_cemetery_maintenance_district,Cemetery District Board Member,,Non-partisan,Election,4
ocd-division/country:us/state:or/special_district:irrigon_community_parks_and_recreation_district,Parks and Recreation District Board Member,Position 1,Non-partisan,Election,4
ocd-division/country:us/state:or/special_district:irrigon_community_parks_and_recreation_district,Parks and Recreation District Board Member,Position 2,Non-partisan,Election,4
ocd-division/country:us/state:or/special_district:irrigon_community_parks_and_recreation_district,Parks and Recreation District Board Member,Position 3,Non-partisan,Election,4
ocd-division/country:us/state:or/special_district:irrigon_community_parks_and_recreation_district,Parks and Recreation District Board Member,Position 4,Non-partisan,Election,4
ocd-division/country:us/state:or/special_district:irrigon_community_parks_and_recreation_district,Parks and Recreation District Board Member,Position 5,Non-partisan,Election,4
ocd-division/country:us/state:or/special_district:irrigon_rural_fire_protection_district_1,Fire Protection District Board Member,,Non-partisan,Election,4
ocd-division/country:us/state:or/special_district:irrigon_rural_fire_protection_district_1,Fire Protection District Board Member,,Non-partisan,Election,4
ocd-division/country:us/state:or/special_district:irrigon_rural_fire_protection_district_1,Fire Protection District Board Member,Position 3,Non-partisan,Election,4
ocd-division/country:us/state:or/special_district:irrigon_rural_fire_protection_district_1,Fire Protection District Board Member,Position 4,Non-partisan,Election,4
ocd-division/country:us/state:or/special_district:irrigon_rural_fire_protection_district_1,Fire Protection District Board Member,Position 5,Non-partisan,Election,4
ocd-division/country:us/state:or/special_district:island_city_area_sanitary_district,Sewerage District Board Member,,Non-partisan,Election,4
ocd-division/country:us/state:or/special_district:island_city_area_sanitary_district,Sewerage District Board Member,,Non-partisan,Election,4
ocd-division/country:us/state:or/special_district:island_city_area_sanitary_district,Sewerage District Board Member,,Non-partisan,Election,4
ocd-division/country:us/state:or/special_district:island_city_area_sanitary_district,Sewerage District Board Member,,Non-partisan,Election,4
ocd-division/country:us/state:or/special_district:island_city_cemetery_maintenance_district,Cemetery District Board Member,,Non-partisan,Election,4
ocd-division/country:us/state:or/special_district:island_city_cemetery_maintenance_district,Cemetery District Board Member,,Non-partisan,Election,4
ocd-division/country:us/state:or/special_district:island_city_cemetery_maintenance_district,Cemetery District Board Member,,Non-partisan,Election,4
ocd-division/country:us/state:or/special_district:jackson_county_library_district,Library District Board Member,Position 1,Non-partisan,Election,4
ocd-division/country:us/state:or/special_district:jackson_county_library_district,Library District Board Member,Position 2,Non-partisan,Election,4
ocd-division/country:us/state:or/special_district:jackson_county_library_district,Library District Board Member,Position 3,Non-partisan,Election,4
ocd-division/country:us/state:or/special_district:jackson_county_library_district,Library District Board Member,Position 4,Non-partisan,Election,4
ocd-division/country:us/state:or/special_district:jackson_county_library_district,Library District Board Member,Position 5,Non-partisan,Election,4
ocd-division/country:us/state:or/special_district:jackson_county_rural_fire_protection_district_3,Fire Protection District Board Member,Position 1,Non-partisan,Election,4
ocd-division/country:us/state:or/special_district:jackson_county_rural_fire_protection_district_3,Fire Protection District Board Member,Position 2,Non-partisan,Election,4
ocd-division/country:us/state:or/special_district:jackson_county_rural_fire_protection_district_3,Fire Protection District Board Member,Position 3,Non-partisan,Election,4
ocd-division/country:us/state:or/special_district:jackson_county_rural_fire_protection_district_3,Fire Protection District Board Member,Position 4,Non-partisan,Election,4
ocd-division/country:us/state:or/special_district:jackson_county_rural_fire_protection_district_3,Fire Protection District Board Member,Position 5,Non-partisan,Election,4
ocd-division/country:us/state:or/special_district:jackson_county_rural_fire_protection_district_4,Fire Protection District Board Member,Position 1,Non-partisan,Election,4
ocd-division/country:us/state:or/special_district:jackson_county_rural_fire_protection_district_4,Fire Protection District Board Member,Position 2,Non-partisan,Election,4
ocd-division/country:us/state:or/special_district:jackson_county_rural_fire_protection_district_4,Fire Protection District Board Member,Position 3,Non-partisan,Election,4
ocd-division/country:us/state:or/special_district:jackson_county_rural_fire_protection_district_4,Fire Protection District Board Member,Position 4,Non-partisan,Election,4
ocd-division/country:us/state:or/special_district:jackson_county_rural_fire_protection_district_4,Fire Protection District Board Member,Position 5,Non-partisan,Election,4
ocd-division/country:us/state:or/special_district:jackson_county_rural_fire_protection_district_5,Fire Protection District Board Member,Position 1,Non-partisan,Election,4
ocd-division/country:us/state:or/special_district:jackson_county_rural_fire_protection_district_5,Fire Protection District Board Member,Position 2,Non-partisan,Election,4
ocd-division/country:us/state:or/special_district:jackson_county_rural_fire_protection_district_5,Fire Protection District Board Member,Position 3,Non-partisan,Election,4
ocd-division/country:us/state:or/special_district:jackson_county_rural_fire_protection_district_5,Fire Protection District Board Member,Position 4,Non-partisan,Election,4
ocd-division/country:us/state:or/special_district:jackson_county_rural_fire_protection_district_5,Fire Protection District Board Member,Position 5,Non-partisan,Election,4
ocd-division/country:us/state:or/special_district:jackson_county_soil_and_water_conservation_district,Soil and Water Conservation District Board Member,Position 1,Non-partisan,Election,4
ocd-division/country:us/state:or/special_district:jackson_county_soil_and_water_conservation_district,Soil and Water Conservation District Board Member,Position 2,Non-partisan,Election,4
ocd-division/country:us/state:or/special_district:jackson_county_soil_and_water_conservation_district/board_district:zone_1,Soil and Water Conservation District Board Member,,Non-partisan,Election,4
ocd-division/country:us/state:or/special_district:jackson_county_soil_and_water_conservation_district/board_district:zone_2,Soil and Water Conservation District Board Member,,Non-partisan,Election,4
ocd-division/country:us/state:or/special_district:jackson_county_soil_and_water_conservation_district/board_district:zone_4,Soil and Water Conservation District Board Member,,Non-partisan,Election,4
ocd-division/country:us/state:or/special_district:jackson_county_soil_and_water_conservation_district/board_district:zone_5,Soil and Water Conservation District Board Member,,Non-partisan,Election,4
ocd-division/country:us/state:or/special_district:jackson_county_vector_control,Vector Control District Board Member,,Non-partisan,Election,
ocd-division/country:us/state:or/special_district:jackson_county_vector_control,Vector Control District Board Member,,Non-partisan,Election,
ocd-division/country:us/state:or/special_district:jackson_county_vector_control,Vector Control District Board Member,,Non-partisan,Election,
ocd-division/country:us/state:or/special_district:jackson_county_vector_control,Vector Control District Board Member,,Non-partisan,Election,
ocd-division/country:us/state:or/special_district:jackson_county_vector_control,Vector Control District Board Member,,Non-partisan,Election,
ocd-division/country:us/state:or/special_district:jasper_knolls_water_district,Water Supply Utility District Board Member,Position 1,Non-partisan,Election,4
ocd-division/country:us/state:or/special_district:jasper_knolls_water_district,Water Supply Utility District Board Member,Position 2,Non-partisan,Election,4
ocd-division/country:us/state:or/special_district:jasper_knolls_water_district,Water Supply Utility District Board Member,Position 3,Non-partisan,Election,4
ocd-division/country:us/state:or/special_district:jefferson_county_library_district,Library District Board Member,,Non-partisan,Election,4
ocd-division/country:us/state:or/special_district:jefferson_county_library_district,Library District Board Member,,Non-partisan,Election,4
ocd-division/country:us/state:or/special_district:jefferson_county_library_district,Library District Board Member,Position 3,Non-partisan,Election,4
ocd-division/country:us/state:or/special_district:jefferson_county_library_district,Library District Board Member,Position 4,Non-partisan,Election,4
ocd-division/country:us/state:or/special_district:jefferson_county_library_district,Library District Board Member,Position 5,Non-partisan,Election,4
ocd-division/country:us/state:or/special_district:jefferson_county_rural_fire_protection_district_1,Fire Protection District Board Member,Position 1,Non-partisan,Election,4
ocd-division/country:us/state:or/special_district:jefferson_county_rural_fire_protection_district_1,Fire Protection District Board Member,Position 2,Non-partisan,Election,
ocd-division/country:us/state:or/special_district:jefferson_county_rural_fire_protection_district_1,Fire Protection District Board Member,Position 3,Non-partisan,Election,4
ocd-division/country:us/state:or/special_district:jefferson_county_rural_fire_protection_district_1,Fire Protection District Board Member,Position 4,Non-partisan,Election,4
ocd-division/country:us/state:or/special_district:jefferson_county_rural_fire_protection_district_1,Fire Protection District Board Member,Position 5,Non-partisan,Election,4
ocd-division/country:us/state:or/special_district:jefferson_county_soil_and_water_conservation_district,Soil and Water Conservation District Board Member,Position 1,Non-partisan,Election,4
ocd-division/country:us/state:or/special_district:jefferson_county_soil_and_water_conservation_district,Soil and Water Conservation District Board Member,Position 2,Non-partisan,Election,4
ocd-division/country:us/state:or/special_district:jefferson_county_soil_and_water_conservation_district/board_district:zone_2,Soil and Water Conservation District Board Member,,Non-partisan,Election,4
ocd-division/country:us/state:or/special_district:jefferson_county_soil_and_water_conservation_district/board_district:zone_3,Soil and Water Conservation District Board Member,,Non-partisan,Election,4
ocd-division/country:us/state:or/special_district:jefferson_county_soil_and_water_conservation_district/board_district:zone_4,Soil and Water Conservation District Board Member,,Non-partisan,Election,4
ocd-division/country:us/state:or/special_district:jefferson_county_soil_and_water_conservation_district/board_district:zone_5,Soil and Water Conservation District Board Member,,Non-partisan,Election,4
ocd-division/country:us/state:or/special_district:jefferson_park_and_recreation_district,Parks and Recreation District Board Member,Position 1,Non-partisan,Election,4
ocd-division/country:us/state:or/special_district:jefferson_park_and_recreation_district,Parks and Recreation District Board Member,Position 2,Non-partisan,Election,4
ocd-division/country:us/state:or/special_district:jefferson_park_and_recreation_district,Parks and Recreation District Board Member,Position 3,Non-partisan,Election,4
ocd-division/country:us/state:or/special_district:jefferson_park_and_recreation_district,Parks and Recreation District Board Member,Position 4,Non-partisan,Election,4
ocd-division/country:us/state:or/special_district:jefferson_park_and_recreation_district,Parks and Recreation District Board Member,Position 5,Non-partisan,Election,4
ocd-division/country:us/state:or/special_district:jefferson_rural_fire_protection_district,Fire Protection District Board Member,Position 1,Non-partisan,Election,4
ocd-division/country:us/state:or/special_district:jefferson_rural_fire_protection_district,Fire Protection District Board Member,Position 2,Non-partisan,Election,4
ocd-division/country:us/state:or/special_district:jefferson_rural_fire_protection_district,Fire Protection District Board Member,Position 3,Non-partisan,Election,4
ocd-division/country:us/state:or/special_district:jefferson_rural_fire_protection_district,Fire Protection District Board Member,Position 5,Non-partisan,Election,4
ocd-division/country:us/state:or/special_district:john_day_canyon_city_area_parks_and_recreation_district,Parks and Recreation District Board Member,,Non-partisan,Election,4
ocd-division/country:us/state:or/special_district:john_day_canyon_city_area_parks_and_recreation_district,Parks and Recreation District Board Member,,Non-partisan,Election,4
ocd-division/country:us/state:or/special_district:john_day_canyon_city_area_parks_and_recreation_district,Parks and Recreation District Board Member,,Non-partisan,Election,4
ocd-division/country:us/state:or/special_district:john_day_canyon_city_area_parks_and_recreation_district,Parks and Recreation District Board Member,,Non-partisan,Election,4
ocd-division/country:us/state:or/special_district:john_day_rural_fire_protection_district,Fire Protection District Board Member,,Non-partisan,Election,4
ocd-division/country:us/state:or/special_district:john_day_rural_fire_protection_district,Fire Protection District Board Member,,Non-partisan,Election,4
ocd-division/country:us/state:or/special_district:john_day_rural_fire_protection_district,Fire Protection District Board Member,,Non-partisan,Election,4
ocd-division/country:us/state:or/special_district:john_day_rural_fire_protection_district,Fire Protection District Board Member,,Non-partisan,Election,4
ocd-division/country:us/state:or/special_district:john_day_water_district,Water Supply Utility District Board Member,Position 1,Non-partisan,Election,4
ocd-division/country:us/state:or/special_district:john_day_water_district,Water Supply Utility District Board Member,Position 2,Non-partisan,Election,4
ocd-division/country:us/state:or/special_district:john_day_water_district,Water Supply Utility District Board Member,Position 3,Non-partisan,Election,4
ocd-division/country:us/state:or/special_district:john_day_water_district,Water Supply Utility District Board Member,Position 4,Non-partisan,Election,4
ocd-division/country:us/state:or/special_district:john_day_water_district,Water Supply Utility District Board Member,Position 5,Non-partisan,Election,2
ocd-division/country:us/state:or/special_district:jordan_valley_cemetery_district,Cemetery District Board Member,,Non-partisan,Election,4
ocd-division/country:us/state:or/special_district:jordan_valley_cemetery_district,Cemetery District Board Member,,Non-partisan,Election,4
ocd-division/country:us/state:or/special_district:jordan_water_control_district,Irrigation District Board Member,Position 1,Non-partisan,Election,4
ocd-division/country:us/state:or/special_district:jordan_water_control_district,Irrigation District Board Member,Position 2,Non-partisan,Election,4
ocd-division/country:us/state:or/special_district:jordan_water_control_district,Irrigation District Board Member,Position 3,Non-partisan,Election,4
ocd-division/country:us/state:or/special_district:josephine_county_community_library_district,Library District Board Member,Position 1,Non-partisan,Election,4
ocd-division/country:us/state:or/special_district:josephine_county_community_library_district,Library District Board Member,Position 2,Non-partisan,Election,4
ocd-division/country:us/state:or/special_district:josephine_county_community_library_district,Library District Board Member,Position 3,Non-partisan,Election,4
ocd-division/country:us/state:or/special_district:josephine_county_community_library_district,Library District Board Member,Position 4,Non-partisan,Election,4
ocd-division/country:us/state:or/special_district:josephine_county_community_library_district,Library District Board Member,Position 5,Non-partisan,Election,4
ocd-division/country:us/state:or/special_district:josephine_independent_rural_fire_protection_district,Fire Protection District Board Member,Position 1,Non-partisan,Election,4
ocd-division/country:us/state:or/special_district:josephine_independent_rural_fire_protection_district,Fire Protection District Board Member,Position 2,Non-partisan,Election,4
ocd-division/country:us/state:or/special_district:josephine_independent_rural_fire_protection_district,Fire Protection District Board Member,Position 3,Non-partisan,Election,4
ocd-division/country:us/state:or/special_district:josephine_independent_rural_fire_protection_district,Fire Protection District Board Member,Position 4,Non-partisan,Election,4
ocd-division/country:us/state:or/special_district:josephine_independent_rural_fire_protection_district,Fire Protection District Board Member,Position 5,Non-partisan,Election,4
ocd-division/country:us/state:or/special_district:junction_city_rural_fire_protection_district,Fire Protection District Board Member,Position 1,Non-partisan,Election,4
ocd-division/country:us/state:or/special_district:junction_city_rural_fire_protection_district,Fire Protection District Board Member,Position 2,Non-partisan,Election,4
ocd-division/country:us/state:or/special_district:junction_city_rural_fire_protection_district,Fire Protection District Board Member,Position 3,Non-partisan,Election,4
ocd-division/country:us/state:or/special_district:junction_city_rural_fire_protection_district,Fire Protection District Board Member,Position 4,Non-partisan,Election,4
ocd-division/country:us/state:or/special_district:junction_city_rural_fire_protection_district,Fire Protection District Board Member,Position 5,Non-partisan,Election,4
ocd-division/country:us/state:or/special_district:junction_city_water_control_district,Flood Control District Board Member,Position 1,Non-partisan,Election,4
ocd-division/country:us/state:or/special_district:junction_city_water_control_district,Flood Control District Board Member,Position 2,Non-partisan,Election,4
ocd-division/country:us/state:or/special_district:junction_city_water_control_district,Flood Control District Board Member,Position 3,Non-partisan,Election,4
ocd-division/country:us/state:or/special_district:junction_city_water_control_district,Flood Control District Board Member,Position 4,Non-partisan,Election,4
ocd-division/country:us/state:or/special_district:junction_city_water_control_district,Flood Control District Board Member,Position 5,Non-partisan,Election,4
ocd-division/country:us/state:or/special_district:junction_city_water_control_district,Flood Control District Board Member,Position 6,Non-partisan,Election,4
ocd-division/country:us/state:or/special_district:junction_city_water_control_district,Flood Control District Board Member,Position 7,Non-partisan,Election,4
ocd-division/country:us/state:or/special_district:junction_city_water_control_district,Flood Control District Board Member,Position 8,Non-partisan,Election,4
ocd-division/country:us/state:or/special_district:junction_city_water_control_district,Flood Control District Board Member,Position 9,Non-partisan,Election,4
ocd-division/country:us/state:or/special_district:juniper_canyon_water_control_district,Flood Control District Board Member,Position 1,Non-partisan,Election,4
ocd-division/country:us/state:or/special_district:juniper_canyon_water_control_district,Flood Control District Board Member,Position 2,Non-partisan,Election,4
ocd-division/country:us/state:or/special_district:juniper_canyon_water_control_district,Flood Control District Board Member,Position 3,Non-partisan,Election,4
ocd-division/country:us/state:or/special_district:juniper_canyon_water_control_district,Flood Control District Board Member,Position 4,Non-partisan,Election,4
ocd-division/country:us/state:or/special_district:juniper_canyon_water_control_district,Flood Control District Board Member,Position 5,Non-partisan,Election,4
ocd-division/country:us/state:or/special_district:juniper_flat_rural_fire_protection_district,Fire Protection District Board Member,Position 1,Non-partisan,Election,4
ocd-division/country:us/state:or/special_district:juniper_flat_rural_fire_protection_district,Fire Protection District Board Member,Position 2,Non-partisan,Election,4
ocd-division/country:us/state:or/special_district:juniper_flat_rural_fire_protection_district,Fire Protection District Board Member,Position 3,Non-partisan,Election,4
ocd-division/country:us/state:or/special_district:juniper_flat_rural_fire_protection_district,Fire Protection District Board Member,Position 4,Non-partisan,Election,4
ocd-division/country:us/state:or/special_district:juniper_flat_rural_fire_protection_district,Fire Protection District Board Member,Position 5,Non-partisan,Election,4
ocd-division/country:us/state:or/special_district:juntura_rural_road_assessment_district_4,Highway District Board Member,,Non-partisan,Election,4
ocd-division/country:us/state:or/special_district:juntura_rural_road_assessment_district_4,Highway District Board Member,,Non-partisan,Election,4
ocd-division/country:us/state:or/special_district:keating_rural_fire_protection_district,Fire Protection District Board Member,Position 1,Non-partisan,Election,4
ocd-division/country:us/state:or/special_district:keating_rural_fire_protection_district,Fire Protection District Board Member,Position 2,Non-partisan,Election,4
ocd-division/country:us/state:or/special_district:keating_rural_fire_protection_district,Fire Protection District Board Member,Position 3,Non-partisan,Election,4
ocd-division/country:us/state:or/special_district:keating_rural_fire_protection_district,Fire Protection District Board Member,Position 4,Non-partisan,Election,4
ocd-division/country:us/state:or/special_district:keating_rural_fire_protection_district,Fire Protection District Board Member,Position 5,Non-partisan,Election,4
ocd-division/country:us/state:or/special_district:keating_soil_and_water_conservation_district,Soil and Water Conservation District Board Member,Position 1,Non-partisan,Election,4
ocd-division/country:us/state:or/special_district:keating_soil_and_water_conservation_district/board_district:zone_1,Soil and Water Conservation District Board Member,,Non-partisan,Election,4
ocd-division/country:us/state:or/special_district:keating_soil_and_water_conservation_district/board_district:zone_2,Soil and Water Conservation District Board Member,,Non-partisan,Election,4
ocd-division/country:us/state:or/special_district:keizer_rural_fire_protection_district,Fire Protection District Board Member,Position 1,Non-partisan,Election,4
ocd-division/country:us/state:or/special_district:keizer_rural_fire_protection_district,Fire Protection District Board Member,Position 2,Non-partisan,Election,4
ocd-division/country:us/state:or/special_district:keizer_rural_fire_protection_district,Fire Protection District Board Member,Position 3,Non-partisan,Election,4
ocd-division/country:us/state:or/special_district:keizer_rural_fire_protection_district,Fire Protection District Board Member,Position 4,Non-partisan,Election,4
ocd-division/country:us/state:or/special_district:keizer_rural_fire_protection_district,Fire Protection District Board Member,Position 5,Non-partisan,Election,4
ocd-division/country:us/state:or/special_district:kellogg_rural_fire_protection_district,Fire Protection District Board Member,Position 3,Non-partisan,Election,4
ocd-division/country:us/state:or/special_district:kellogg_rural_fire_protection_district,Fire Protection District Board Member,Position 4,Non-partisan,Election,4
ocd-division/country:us/state:or/special_district:kellogg_rural_fire_protection_district,Fire Protection District Board Member,Position 5,Non-partisan,Election,4
ocd-division/country:us/state:or/special_district:keno_rural_fire_protection_district,Fire Protection District Board Member,Position 1,Non-partisan,Election,4
ocd-division/country:us/state:or/special_district:keno_rural_fire_protection_district,Fire Protection District Board Member,Position 2,Non-partisan,Election,4
ocd-division/country:us/state:or/special_district:kent_water_district,Water Supply Utility District Board Member,Position 1,Non-partisan,Election,4
ocd-division/country:us/state:or/special_district:kent_water_district,Water Supply Utility District Board Member,Position 2,Non-partisan,Election,4
ocd-division/country:us/state:or/special_district:kent_water_district,Water Supply Utility District Board Member,Position 4,Non-partisan,Election,4
ocd-division/country:us/state:or/special_district:kentuck_inlet_water_control_district,Water Supply Utility District Board Member,Position 1,Non-partisan,Election,4
ocd-division/country:us/state:or/special_district:kentuck_inlet_water_control_district,Water Supply Utility District Board Member,Position 6,Non-partisan,Election,4
ocd-division/country:us/state:or/special_district:kerby_water_district,Water Supply Utility District Board Member,Position 1,Non-partisan,Election,4
ocd-division/country:us/state:or/special_district:kerby_water_district,Water Supply Utility District Board Member,Position 2,Non-partisan,Election,4
ocd-division/country:us/state:or/special_district:kernville_gleneden_beach_lincoln_beach_water_district,Water Supply Utility District Board Member,Position 1,Non-partisan,Election,4
ocd-division/country:us/state:or/special_district:kernville_gleneden_beach_lincoln_beach_water_district,Water Supply Utility District Board Member,Position 2,Non-partisan,Election,4
ocd-division/country:us/state:or/special_district:kernville_gleneden_beach_lincoln_beach_water_district,Water Supply Utility District Board Member,Position 3,Non-partisan,Election,4
ocd-division/country:us/state:or/special_district:kernville_gleneden_beach_lincoln_beach_water_district,Water Supply Utility District Board Member,Position 4,Non-partisan,Election,4
ocd-division/country:us/state:or/special_district:kernville_gleneden_beach_lincoln_beach_water_district,Water Supply Utility District Board Member,Position 5,Non-partisan,Election,4
ocd-division/country:us/state:or/special_district:kilchis_river_water_district,Water Supply Utility District Board Member,Position 1,Non-partisan,Election,4
ocd-division/country:us/state:or/special_district:kilchis_river_water_district,Water Supply Utility District Board Member,Position 2,Non-partisan,Election,4
ocd-division/country:us/state:or/special_district:kilchis_river_water_district,Water Supply Utility District Board Member,Position 3,Non-partisan,Election,4
ocd-division/country:us/state:or/special_district:kilchis_river_water_district,Water Supply Utility District Board Member,Position 4,Non-partisan,Election,4
ocd-division/country:us/state:or/special_district:kilchis_river_water_district,Water Supply Utility District Board Member,Position 5,Non-partisan,Election,4
ocd-division/country:us/state:or/special_district:klamath_9-1-1_emergency_communications_district/board_district:zone_1,Emergency Communications District Board Member,,Non-partisan,Election,4
ocd-division/country:us/state:or/special_district:klamath_9-1-1_emergency_communications_district/board_district:zone_2,Emergency Communications District Board Member,,Non-partisan,Election,4
ocd-division/country:us/state:or/special_district:klamath_9-1-1_emergency_communications_district/board_district:zone_3,Emergency Communications District Board Member,,Non-partisan,Election,4
ocd-division/country:us/state:or/special_district:klamath_9-1-1_emergency_communications_district/board_district:zone_4,Emergency Communications District Board Member,,Non-partisan,Election,2
ocd-division/country:us/state:or/special_district:klamath_9-1-1_emergency_communications_district/board_district:zone_5,Emergency Communications District Board Member,,Non-partisan,Election,4
ocd-division/country:us/state:or/special_district:klamath_9-1-1_emergency_communications_district/board_district:zone_7,Emergency Communications District Board Member,,Non-partisan,Election,4
ocd-division/country:us/state:or/special_district:klamath_basin_improvement_district,Irrigation District Board Member,,Non-partisan,Election,4
ocd-division/country:us/state:or/special_district:klamath_basin_improvement_district,Irrigation District Board Member,,Non-partisan,Election,4
ocd-division/country:us/state:or/special_district:klamath_basin_improvement_district,Irrigation District Board Member,,Non-partisan,Election,4
ocd-division/country:us/state:or/special_district:klamath_basin_improvement_district,Irrigation District Board Member,,Non-partisan,Election,4
ocd-division/country:us/state:or/special_district:klamath_basin_improvement_district,Irrigation District Board Member,,Non-partisan,Election,4
ocd-division/country:us/state:or/special_district:klamath_county_basin_ambulance_service_district,Health District Director,,Non-partisan,Election,4
ocd-division/country:us/state:or/special_district:klamath_county_basin_ambulance_service_district,Health District Director,,Non-partisan,Election,4
ocd-division/country:us/state:or/special_district:klamath_county_basin_ambulance_service_district,Health District Director,,Non-partisan,Election,4
ocd-division/country:us/state:or/special_district:klamath_county_rural_fire_protection_district_1,Fire Protection District Board Member,Position  2,Non-partisan,Election,4
ocd-division/country:us/state:or/special_district:klamath_county_rural_fire_protection_district_1,Fire Protection District Board Member,Position  3,Non-partisan,Election,4
ocd-division/country:us/state:or/special_district:klamath_county_rural_fire_protection_district_1,Fire Protection District Board Member,Position  5,Non-partisan,Election,4
ocd-division/country:us/state:or/special_district:klamath_county_rural_fire_protection_district_1,Fire Protection District Board Member,Position 1,Non-partisan,Election,4
ocd-division/country:us/state:or/special_district:klamath_county_rural_fire_protection_district_1,Fire Protection District Board Member,Position 4,Non-partisan,Election,4
ocd-division/country:us/state:or/special_district:klamath_county_rural_fire_protection_district_3,Fire Protection District Board Member,Position 1,Non-partisan,Election,4
ocd-division/country:us/state:or/special_district:klamath_county_rural_fire_protection_district_3,Fire Protection District Board Member,Position 3,Non-partisan,Election,4
ocd-division/country:us/state:or/special_district:klamath_county_rural_fire_protection_district_3,Fire Protection District Board Member,Position 4,Non-partisan,Election,4
ocd-division/country:us/state:or/special_district:klamath_county_rural_fire_protection_district_4,Fire Protection District Board Member,Position 1,Non-partisan,Election,4
ocd-division/country:us/state:or/special_district:klamath_county_rural_fire_protection_district_4,Fire Protection District Board Member,Position 2,Non-partisan,Election,4
ocd-division/country:us/state:or/special_district:klamath_county_rural_fire_protection_district_5,Fire Protection District Board Member,Position 1,Non-partisan,Election,4
ocd-division/country:us/state:or/special_district:klamath_county_rural_fire_protection_district_5,Fire Protection District Board Member,Position 2,Non-partisan,Election,4
ocd-division/country:us/state:or/special_district:klamath_county_soil_and_water_conservation_district,Soil and Water Conservation District Board Member,Position 1,Non-partisan,Election,4
ocd-division/country:us/state:or/special_district:klamath_county_soil_and_water_conservation_district,Soil and Water Conservation District Board Member,Position 2,Non-partisan,Election,4
ocd-division/country:us/state:or/special_district:klamath_county_soil_and_water_conservation_district/board_district:zone_1,Soil and Water Conservation District Board Member,,Non-partisan,Election,4
ocd-division/country:us/state:or/special_district:klamath_county_soil_and_water_conservation_district/board_district:zone_2,Soil and Water Conservation District Board Member,,Non-partisan,Election,4
ocd-division/country:us/state:or/special_district:klamath_county_soil_and_water_conservation_district/board_district:zone_3,Soil and Water Conservation District Board Member,,Non-partisan,Election,4
ocd-division/country:us/state:or/special_district:klamath_county_soil_and_water_conservation_district/board_district:zone_5,Soil and Water Conservation District Board Member,,Non-partisan,Election,4
ocd-division/country:us/state:or/special_district:klamath_drainage_district,Drainage District Board Member,Position 1,Non-partisan,Election,4
ocd-division/country:us/state:or/special_district:klamath_drainage_district,Drainage District Board Member,Position 2,Non-partisan,Election,4
ocd-division/country:us/state:or/special_district:klamath_drainage_district,Drainage District Board Member,Position 3,Non-partisan,Election,4
ocd-division/country:us/state:or/special_district:klamath_drainage_district,Drainage District Board Member,Position 4,Non-partisan,Election,4
ocd-division/country:us/state:or/special_district:klamath_drainage_district,Drainage District Board Member,Position 5,Non-partisan,Election,4
ocd-division/country:us/state:or/special_district:klamath_river_acres_special_road_district,Highway District Board Member,,Non-partisan,Election,4
ocd-division/country:us/state:or/special_district:klamath_river_acres_special_road_district,Highway District Board Member,,N/A,Appointment,N/A
ocd-division/country:us/state:or/special_district:klamath_river_acres_special_road_district,Highway District Board Member,,N/A,Appointment,N/A
ocd-division/country:us/state:or/special_district:knappa_svensen_rural_fire_protection_district,Fire Protection District Board Member,,Non-partisan,Election,4
ocd-division/country:us/state:or/special_district:knappa_svensen_rural_fire_protection_district,Fire Protection District Board Member,,Non-partisan,Election,4
ocd-division/country:us/state:or/special_district:knappa_svensen_rural_fire_protection_district,Fire Protection District Board Member,,Non-partisan,Election,4
ocd-division/country:us/state:or/special_district:knappa_svensen_rural_fire_protection_district,Fire Protection District Board Member,,Non-partisan,Election,4
ocd-division/country:us/state:or/special_district:knappa_svensen_rural_fire_protection_district,Fire Protection District Board Member,Position 3,Non-partisan,Election,4
ocd-division/country:us/state:or/special_district:la_grande_cemetery_district,Cemetery District Board Member,,Non-partisan,Election,4
ocd-division/country:us/state:or/special_district:la_grande_cemetery_district,Cemetery District Board Member,,Non-partisan,Election,4
ocd-division/country:us/state:or/special_district:la_grande_rural_fire_protection_district,Fire Protection District Board Member,Position 1,Non-partisan,Election,4
ocd-division/country:us/state:or/special_district:la_grande_rural_fire_protection_district,Fire Protection District Board Member,Position 2,Non-partisan,Election,4
ocd-division/country:us/state:or/special_district:la_grande_rural_fire_protection_district,Fire Protection District Board Member,Position 4,Non-partisan,Election,4
ocd-division/country:us/state:or/special_district:la_grande_rural_fire_protection_district,Fire Protection District Board Member,Position 5,Non-partisan,Election,4
ocd-division/country:us/state:or/special_district:la_pine_park_and_recreation_district,Parks and Recreation District Board Member,Position 1,Non-partisan,Election,4
ocd-division/country:us/state:or/special_district:la_pine_park_and_recreation_district,Parks and Recreation District Board Member,Position 2,Non-partisan,Election,4
ocd-division/country:us/state:or/special_district:la_pine_park_and_recreation_district,Parks and Recreation District Board Member,Position 3,Non-partisan,Election,
ocd-division/country:us/state:or/special_district:la_pine_park_and_recreation_district,Parks and Recreation District Board Member,Position 4,Non-partisan,Election,4
ocd-division/country:us/state:or/special_district:la_pine_park_and_recreation_district,Parks and Recreation District Board Member,Position 5,Non-partisan,Election,4
ocd-division/country:us/state:or/special_district:la_pine_rural_fire_protection_district,Fire Protection District Board Member,Position 1,Non-partisan,Election,4
ocd-division/country:us/state:or/special_district:la_pine_rural_fire_protection_district,Fire Protection District Board Member,Position 2,Non-partisan,Election,4
ocd-division/country:us/state:or/special_district:la_pine_rural_fire_protection_district,Fire Protection District Board Member,Position 3,Non-partisan,Election,4
ocd-division/country:us/state:or/special_district:la_pine_rural_fire_protection_district,Fire Protection District Board Member,Position 4,Non-partisan,Election,4
ocd-division/country:us/state:or/special_district:la_pine_rural_fire_protection_district,Fire Protection District Board Member,Position 5,Non-partisan,Election,4
ocd-division/country:us/state:or/special_district:laidlaw_water_district,Water Supply Utility District Board Member,Position 1,Non-partisan,Election,4
ocd-division/country:us/state:or/special_district:laidlaw_water_district,Water Supply Utility District Board Member,Position 2,Non-partisan,Election,4
ocd-division/country:us/state:or/special_district:laidlaw_water_district,Water Supply Utility District Board Member,Position 3,Non-partisan,Election,4
ocd-division/country:us/state:or/special_district:laidlaw_water_district,Water Supply Utility District Board Member,Position 4,Non-partisan,Election,4
ocd-division/country:us/state:or/special_district:laidlaw_water_district,Water Supply Utility District Board Member,Position 5,Non-partisan,Election,4
ocd-division/country:us/state:or/special_district:lake_chinook_fire_and_rescue_district,Fire Protection District Board Member,Position 1,Non-partisan,Election,4
ocd-division/country:us/state:or/special_district:lake_chinook_fire_and_rescue_district,Fire Protection District Board Member,Position 2,Non-partisan,Election,4
ocd-division/country:us/state:or/special_district:lake_chinook_fire_and_rescue_district,Fire Protection District Board Member,Position 3,Non-partisan,Election,4
ocd-division/country:us/state:or/special_district:lake_chinook_fire_and_rescue_district,Fire Protection District Board Member,Position 4,Non-partisan,Election,4
ocd-division/country:us/state:or/special_district:lake_chinook_fire_and_rescue_district,Fire Protection District Board Member,Position 5,Non-partisan,Election,4
ocd-division/country:us/state:or/special_district:lake_county_cemetery_maintenance_district,Cemetery District Board Member,Position 1,Non-partisan,Election,4
ocd-division/country:us/state:or/special_district:lake_county_cemetery_maintenance_district,Cemetery District Board Member,Position 2,Non-partisan,Election,4
ocd-division/country:us/state:or/special_district:lake_county_cemetery_maintenance_district,Cemetery District Board Member,Position 3,Non-partisan,Election,4
ocd-division/country:us/state:or/special_district:lake_county_library_district,Library District Board Member,,Non-partisan,Election,4
ocd-division/country:us/state:or/special_district:lake_county_library_district,Library District Board Member,,Non-partisan,Election,4
ocd-division/country:us/state:or/special_district:lake_county_library_district,Library District Board Member,,Non-partisan,Election,4
ocd-division/country:us/state:or/special_district:lake_county_library_district/board_district:zone_1,Library District Board Member,,Non-partisan,Election,4
ocd-division/country:us/state:or/special_district:lake_county_library_district/board_district:zone_3,Library District Board Member,,Non-partisan,Election,4
ocd-division/country:us/state:or/special_district:lake_creek_rural_fire_protection_district,Fire Protection District Board Member,Position 5,Non-partisan,Election,4
ocd-division/country:us/state:or/special_district:lake_grove_fire_district,Fire Protection District Board Member,Position 1,Non-partisan,Election,4
ocd-division/country:us/state:or/special_district:lake_grove_fire_district,Fire Protection District Board Member,Position 2,Non-partisan,Election,4
ocd-division/country:us/state:or/special_district:lake_grove_fire_district,Fire Protection District Board Member,Position 3,Non-partisan,Election,4
ocd-division/country:us/state:or/special_district:lake_grove_fire_district,Fire Protection District Board Member,Position 4,Non-partisan,Election,4
ocd-division/country:us/state:or/special_district:lake_grove_fire_district,Fire Protection District Board Member,Position 5,Non-partisan,Election,4
ocd-division/country:us/state:or/special_district:lake_grove_water_district,Water Supply Utility District Board Member,Position 1,Non-partisan,Election,4
ocd-division/country:us/state:or/special_district:lake_grove_water_district,Water Supply Utility District Board Member,Position 2,Non-partisan,Election,4
ocd-division/country:us/state:or/special_district:lake_grove_water_district,Water Supply Utility District Board Member,Position 3,Non-partisan,Election,4
ocd-division/country:us/state:or/special_district:lake_grove_water_district,Water Supply Utility District Board Member,Position 4,Non-partisan,Election,4
ocd-division/country:us/state:or/special_district:lake_grove_water_district,Water Supply Utility District Board Member,Position 5,Non-partisan,Election,4
ocd-division/country:us/state:or/special_district:lake_health_district,Hospital District Board Member,Position 1,Non-partisan,Election,4
ocd-division/country:us/state:or/special_district:lake_health_district,Hospital District Board Member,Position 2,Non-partisan,Election,4
ocd-division/country:us/state:or/special_district:lake_health_district,Hospital District Board Member,Position 3,Non-partisan,Election,4
ocd-division/country:us/state:or/special_district:lake_health_district,Hospital District Board Member,Position 4,Non-partisan,Election,4
ocd-division/country:us/state:or/special_district:lake_health_district,Hospital District Board Member,Position 5,Non-partisan,Election,4
ocd-division/country:us/state:or/special_district:lakeside_rural_fire_protection_district,Fire Protection District Board Member,Position 1,Non-partisan,Election,4
ocd-division/country:us/state:or/special_district:lakeside_rural_fire_protection_district,Fire Protection District Board Member,Position 2,Non-partisan,Election,4
ocd-division/country:us/state:or/special_district:lakeside_rural_fire_protection_district,Fire Protection District Board Member,Position 3,Non-partisan,Election,4
ocd-division/country:us/state:or/special_district:lakeside_rural_fire_protection_district,Fire Protection District Board Member,Position 4,Non-partisan,Election,4
ocd-division/country:us/state:or/special_district:lakeside_rural_fire_protection_district,Fire Protection District Board Member,Position 5,Non-partisan,Election,4
ocd-division/country:us/state:or/special_district:lakeside_water_district,Water Supply Utility District Board Member,Position 1,Non-partisan,Election,4
ocd-division/country:us/state:or/special_district:lakeside_water_district,Water Supply Utility District Board Member,Position 2,Non-partisan,Election,4
ocd-division/country:us/state:or/special_district:lakeside_water_district,Water Supply Utility District Board Member,Position 4,Non-partisan,Election,4
ocd-division/country:us/state:or/special_district:lakeview_rural_fire_protection_district,Fire Protection District Board Member,Position 3,Non-partisan,Election,4
ocd-division/country:us/state:or/special_district:lakeview_rural_fire_protection_district,Fire Protection District Board Member,Position 4,Non-partisan,Election,4
ocd-division/country:us/state:or/special_district:lakeview_rural_fire_protection_district,Fire Protection District Board Member,Position 5,Non-partisan,Election,4
ocd-division/country:us/state:or/special_district:lakeview_soil_and_water_conservation_district,Soil and Water Conservation District Board Member,Position 1,Non-partisan,Election,4
ocd-division/country:us/state:or/special_district:lakeview_soil_and_water_conservation_district,Soil and Water Conservation District Board Member,Position 2,Non-partisan,Election,4
ocd-division/country:us/state:or/special_district:lakeview_soil_and_water_conservation_district/board_district:zone_1,Soil and Water Conservation District Board Member,,Non-partisan,Election,4
ocd-division/country:us/state:or/special_district:lakeview_soil_and_water_conservation_district/board_district:zone_2,Soil and Water Conservation District Board Member,,Non-partisan,Election,4
ocd-division/country:us/state:or/special_district:lakeview_soil_and_water_conservation_district/board_district:zone_3,Soil and Water Conservation District Board Member,,Non-partisan,Election,4
ocd-division/country:us/state:or/special_district:lane_fire_authority,Fire Protection District Board Member,Position 1,Non-partisan,Election,4
ocd-division/country:us/state:or/special_district:lane_fire_authority,Fire Protection District Board Member,Position 2,Non-partisan,Election,4
ocd-division/country:us/state:or/special_district:lane_fire_authority,Fire Protection District Board Member,Position 3,Non-partisan,Election,4
ocd-division/country:us/state:or/special_district:lane_fire_authority,Fire Protection District Board Member,Position 4,Non-partisan,Election,4
ocd-division/country:us/state:or/special_district:lane_fire_authority,Fire Protection District Board Member,Position 5,Non-partisan,Election,4
ocd-division/country:us/state:or/special_district:lane_library_district,Library District Board Member,Position 1,Non-partisan,Election,4
ocd-division/country:us/state:or/special_district:lane_library_district,Library District Board Member,Position 2,Non-partisan,Election,4
ocd-division/country:us/state:or/special_district:lane_library_district,Library District Board Member,Position 3,Non-partisan,Election,4
ocd-division/country:us/state:or/special_district:lane_library_district,Library District Board Member,Position 4,Non-partisan,Election,4
ocd-division/country:us/state:or/special_district:lane_library_district,Library District Board Member,Position 5,Non-partisan,Election,4
ocd-division/country:us/state:or/special_district:langell_valley_irrigation_district,Irrigation District Board Member,,Non-partisan,Election,4
ocd-division/country:us/state:or/special_district:langell_valley_irrigation_district,Irrigation District Board Member,,Non-partisan,Election,4
ocd-division/country:us/state:or/special_district:langell_valley_irrigation_district,Irrigation District Board Member,,Non-partisan,Election,4
ocd-division/country:us/state:or/special_district:langell_valley_irrigation_district,Irrigation District Board Member,,Non-partisan,Election,4
ocd-division/country:us/state:or/special_district:langell_valley_irrigation_district,Irrigation District Board Member,,Non-partisan,Election,4
ocd-division/country:us/state:or/special_district:langlois_cemetery_maintenance_district,Cemetery District Board Member,Position 2,Non-partisan,Election,4
ocd-division/country:us/state:or/special_district:langlois_cemetery_maintenance_district,Cemetery District Board Member,Position 3,Non-partisan,Election,4
ocd-division/country:us/state:or/special_district:langlois_public_library_district,Library District Board Member,,Non-partisan,Election,4
ocd-division/country:us/state:or/special_district:langlois_public_library_district,Library District Board Member,,Non-partisan,Election,4
ocd-division/country:us/state:or/special_district:langlois_public_library_district,Library District Board Member,,Non-partisan,Election,4
ocd-division/country:us/state:or/special_district:langlois_public_library_district,Library District Board Member,Position 1,Non-partisan,Election,4
ocd-division/country:us/state:or/special_district:langlois_public_library_district,Library District Board Member,Position 2,Non-partisan,Election,4
ocd-division/country:us/state:or/special_district:langlois_rural_fire_protection_district_4,Fire Protection District Board Member,Position 4,Non-partisan,Election,4
ocd-division/country:us/state:or/special_district:langlois_water_district,Water Supply Utility District Board Member,Position 3,Non-partisan,Election,4
ocd-division/country:us/state:or/special_district:langlois_water_district,Water Supply Utility District Board Member,Position 4,Non-partisan,Election,4
ocd-division/country:us/state:or/special_district:langlois_water_district,Water Supply Utility District Board Member,Position 5,Non-partisan,Election,4
ocd-division/country:us/state:or/special_district:lebanon_aquatic_district,Parks and Recreation District Board Member,,Non-partisan,Election,4
ocd-division/country:us/state:or/special_district:lebanon_aquatic_district,Parks and Recreation District Board Member,,Non-partisan,Election,4
ocd-division/country:us/state:or/special_district:lebanon_aquatic_district,Parks and Recreation District Board Member,Position 1,Non-partisan,Election,4
ocd-division/country:us/state:or/special_district:lebanon_aquatic_district,Parks and Recreation District Board Member,Position 2,Non-partisan,Election,4
ocd-division/country:us/state:or/special_district:lebanon_aquatic_district,Parks and Recreation District Board Member,Position 3,Non-partisan,Election,4
ocd-division/country:us/state:or/special_district:lebanon_aquatic_district,Parks and Recreation District Board Member,Position 4,Non-partisan,Election,4
ocd-division/country:us/state:or/special_district:lebanon_aquatic_district,Parks and Recreation District Board Member,Position 5,Non-partisan,Election,4
ocd-division/country:us/state:or/special_district:lebanon_rural_fire_protection_district,Fire Protection District Board Member,,Non-partisan,Election,4
ocd-division/country:us/state:or/special_district:lebanon_rural_fire_protection_district,Fire Protection District Board Member,Position 1,Non-partisan,Election,4
ocd-division/country:us/state:or/special_district:lebanon_rural_fire_protection_district,Fire Protection District Board Member,Position 2,Non-partisan,Election,4
ocd-division/country:us/state:or/special_district:lebanon_rural_fire_protection_district,Fire Protection District Board Member,Position 3,Non-partisan,Election,4
ocd-division/country:us/state:or/special_district:lebanon_rural_fire_protection_district,Fire Protection District Board Member,Position 4,Non-partisan,Election,4
ocd-division/country:us/state:or/special_district:lewis_and_clark_rural_fire_protection_district,Fire Protection District Board Member,Position 1,Non-partisan,Election,4
ocd-division/country:us/state:or/special_district:lewis_and_clark_rural_fire_protection_district,Fire Protection District Board Member,Position 2,Non-partisan,Election,4
ocd-division/country:us/state:or/special_district:lewis_and_clark_rural_fire_protection_district,Fire Protection District Board Member,Position 3,Non-partisan,Election,4
ocd-division/country:us/state:or/special_district:lewis_and_clark_rural_fire_protection_district,Fire Protection District Board Member,Position 4,Non-partisan,Election,4
ocd-division/country:us/state:or/special_district:lewis_and_clark_rural_fire_protection_district,Fire Protection District Board Member,Position 5,Non-partisan,Election,4
ocd-division/country:us/state:or/special_district:libby_rural_fire_protection_district,Fire Protection District Board Member,Position 4,Non-partisan,Election,4
ocd-division/country:us/state:or/special_district:libby_rural_fire_protection_district,Fire Protection District Board Member,Position 5,Non-partisan,Election,4
ocd-division/country:us/state:or/special_district:lincoln_county_library_district/board_district:zone_2,Library District Board Member,,Non-partisan,Election,4
ocd-division/country:us/state:or/special_district:lincoln_county_library_district/board_district:zone_3,Library District Board Member,,Non-partisan,Election,4
ocd-division/country:us/state:or/special_district:lincoln_county_library_district/board_district:zone_4,Library District Board Member,,Non-partisan,Election,4
ocd-division/country:us/state:or/special_district:lincoln_county_library_district/board_district:zone_5,Library District Board Member,,Non-partisan,Election,4
ocd-division/country:us/state:or/special_district:lincoln_county_soil_and_water_conservation_district,Soil and Water Conservation District Board Member,,Non-partisan,Election,4
ocd-division/country:us/state:or/special_district:lincoln_county_soil_and_water_conservation_district,Soil and Water Conservation District Board Member,,Non-partisan,Election,4
ocd-division/country:us/state:or/special_district:lincoln_county_soil_and_water_conservation_district/board_district:zone_1,Soil and Water Conservation District Board Member,,Non-partisan,Election,4
ocd-division/country:us/state:or/special_district:lincoln_county_soil_and_water_conservation_district/board_district:zone_2,Soil and Water Conservation District Board Member,,Non-partisan,Election,4
ocd-division/country:us/state:or/special_district:lincoln_county_transportation_district,Public Mass Transit Utility District Board Member,,Non-partisan,Election,4
ocd-division/country:us/state:or/special_district:lincoln_county_transportation_district,Public Mass Transit Utility District Board Member,,Non-partisan,Election,4
ocd-division/country:us/state:or/special_district:lincoln_county_transportation_district,Public Mass Transit Utility District Board Member,Position 1,Non-partisan,Election,4
ocd-division/country:us/state:or/special_district:lincoln_county_transportation_district,Public Mass Transit Utility District Board Member,Position 2,Non-partisan,Election,4
ocd-division/country:us/state:or/special_district:lincoln_county_transportation_district,Public Mass Transit Utility District Board Member,Position 3,Non-partisan,Election,4
ocd-division/country:us/state:or/special_district:linn_county_soil_and_water_conservation_district,Soil and Water Conservation District Board Member,,Non-partisan,Election,4
ocd-division/country:us/state:or/special_district:linn_county_soil_and_water_conservation_district,Soil and Water Conservation District Board Member,,Non-partisan,Election,4
ocd-division/country:us/state:or/special_district:linn_county_soil_and_water_conservation_district/board_district:zone_1,Soil and Water Conservation District Board Member,,Non-partisan,Election,4
ocd-division/country:us/state:or/special_district:linn_county_soil_and_water_conservation_district/board_district:zone_2,Soil and Water Conservation District Board Member,,Non-partisan,Election,4
ocd-division/country:us/state:or/special_district:linn_county_soil_and_water_conservation_district/board_district:zone_3,Soil and Water Conservation District Board Member,,Non-partisan,Election,4
ocd-division/country:us/state:or/special_district:linn_county_soil_and_water_conservation_district/board_district:zone_4,Soil and Water Conservation District Board Member,,Non-partisan,Election,4
ocd-division/country:us/state:or/special_district:linn_county_soil_and_water_conservation_district/board_district:zone_5,Soil and Water Conservation District Board Member,,Non-partisan,Election,4
ocd-division/country:us/state:or/special_district:little_muddy_creek_water_control_district,Flood Control District Board Member,Position 1,Non-partisan,Election,4
ocd-division/country:us/state:or/special_district:little_muddy_creek_water_control_district,Flood Control District Board Member,Position 2,Non-partisan,Election,4
ocd-division/country:us/state:or/special_district:little_muddy_creek_water_control_district,Flood Control District Board Member,Position 3,Non-partisan,Election,4
ocd-division/country:us/state:or/special_district:little_muddy_creek_water_control_district,Flood Control District Board Member,Position 4,Non-partisan,Election,4
ocd-division/country:us/state:or/special_district:little_muddy_creek_water_control_district,Flood Control District Board Member,Position 5,Non-partisan,Election,4
ocd-division/country:us/state:or/special_district:little_muddy_creek_water_control_district,Flood Control District Board Member,Position 6,Non-partisan,Election,4
ocd-division/country:us/state:or/special_district:little_muddy_creek_water_control_district,Flood Control District Board Member,Position 7,Non-partisan,Election,4
ocd-division/country:us/state:or/special_district:little_muddy_creek_water_control_district,Flood Control District Board Member,Position 8,Non-partisan,Election,4
ocd-division/country:us/state:or/special_district:little_muddy_creek_water_control_district,Flood Control District Board Member,Position 9,Non-partisan,Election,4
ocd-division/country:us/state:or/special_district:little_switzerland_special_road_district,Highway District Board Member,Position 2,Non-partisan,Election,4
ocd-division/country:us/state:or/special_district:long_creek_cemetery_district,Cemetery District Board Member,,Non-partisan,Election,4
ocd-division/country:us/state:or/special_district:long_creek_cemetery_district,Cemetery District Board Member,,Non-partisan,Election,4
ocd-division/country:us/state:or/special_district:long_prairie_water_district,Water Supply Utility District Board Member,Position 1,Non-partisan,Election,4
ocd-division/country:us/state:or/special_district:long_prairie_water_district,Water Supply Utility District Board Member,Position 2,Non-partisan,Election,4
ocd-division/country:us/state:or/special_district:long_prairie_water_district,Water Supply Utility District Board Member,Position 3,Non-partisan,Election,4
ocd-division/country:us/state:or/special_district:long_prairie_water_district,Water Supply Utility District Board Member,Position 4,Non-partisan,Election,4
ocd-division/country:us/state:or/special_district:lookingglass_olalla_water_control_district,Irrigation District Board Member,Position 1,Non-partisan,Election,4
ocd-division/country:us/state:or/special_district:lookingglass_olalla_water_control_district,Irrigation District Board Member,Position 2,Non-partisan,Election,4
ocd-division/country:us/state:or/special_district:lookingglass_olalla_water_control_district,Irrigation District Board Member,Position 3,Non-partisan,Election,4
ocd-division/country:us/state:or/special_district:lookinglass_rural_fire_protection_district,Fire Protection District Board Member,Position 1,Non-partisan,Election,4
ocd-division/country:us/state:or/special_district:lookinglass_rural_fire_protection_district,Fire Protection District Board Member,Position 2,Non-partisan,Election,4
ocd-division/country:us/state:or/special_district:lookinglass_rural_fire_protection_district,Fire Protection District Board Member,Position 3,Non-partisan,Election,4
ocd-division/country:us/state:or/special_district:lookinglass_rural_fire_protection_district,Fire Protection District Board Member,Position 4,Non-partisan,Election,4
ocd-division/country:us/state:or/special_district:lookinglass_rural_fire_protection_district,Fire Protection District Board Member,Position 5,Non-partisan,Election,4
ocd-division/country:us/state:or/special_district:lorane_rural_fire_protection_district,Fire Protection District Board Member,Position 3,Non-partisan,Election,4
ocd-division/country:us/state:or/special_district:lorane_rural_fire_protection_district,Fire Protection District Board Member,Position 4,Non-partisan,Election,4
ocd-division/country:us/state:or/special_district:lorane_rural_fire_protection_district,Fire Protection District Board Member,Position 5,Non-partisan,Election,4
ocd-division/country:us/state:or/special_district:lowell_rural_fire_protection_district,Fire Protection District Board Member,Position 1,Non-partisan,Election,4
ocd-division/country:us/state:or/special_district:lowell_rural_fire_protection_district,Fire Protection District Board Member,Position 2,Non-partisan,Election,4
ocd-division/country:us/state:or/special_district:lowell_rural_fire_protection_district,Fire Protection District Board Member,Position 3,Non-partisan,Election,4
ocd-division/country:us/state:or/special_district:lowell_rural_fire_protection_district,Fire Protection District Board Member,Position 4,Non-partisan,Election,4
ocd-division/country:us/state:or/special_district:lowell_rural_fire_protection_district,Fire Protection District Board Member,Position 5,Non-partisan,Election,4
ocd-division/country:us/state:or/special_district:lower_mckay_creek_rural_fire_protection_district_7-409,Fire Protection District Board Member,Position 4,Non-partisan,Election,4
ocd-division/country:us/state:or/special_district:lower_mckay_creek_rural_fire_protection_district_7-409,Fire Protection District Board Member,Position 5,Non-partisan,Election,4
ocd-division/country:us/state:or/special_district:lower_mckay_creek_water_control_district,Flood Control District Board Member,Position 4,Non-partisan,Election,4
ocd-division/country:us/state:or/special_district:lower_mckay_creek_water_control_district,Flood Control District Board Member,Position 5,Non-partisan,Election,4
ocd-division/country:us/state:or/special_district:lower_siletz_water_district,Water Supply Utility District Board Member,Position 3,Non-partisan,Election,4
ocd-division/country:us/state:or/special_district:lower_umpqua_hospital_district,Hospital District Board Member,,Non-partisan,Election,4
ocd-division/country:us/state:or/special_district:lower_umpqua_hospital_district,Hospital District Board Member,,Non-partisan,Election,4
ocd-division/country:us/state:or/special_district:lower_umpqua_hospital_district,Hospital District Board Member,,Non-partisan,Election,4
ocd-division/country:us/state:or/special_district:lower_umpqua_hospital_district,Hospital District Board Member,Position 1,Non-partisan,Election,4
ocd-division/country:us/state:or/special_district:lower_umpqua_hospital_district,Hospital District Board Member,Position 2,Non-partisan,Election,4
ocd-division/country:us/state:or/special_district:lower_umpqua_library_district,Library District Board Member,Position 1,Non-partisan,Election,4
ocd-division/country:us/state:or/special_district:lower_umpqua_library_district,Library District Board Member,Position 2,Non-partisan,Election,4
ocd-division/country:us/state:or/special_district:lower_umpqua_library_district,Library District Board Member,Position 3,Non-partisan,Election,4
ocd-division/country:us/state:or/special_district:lower_umpqua_library_district,Library District Board Member,Position 4,Non-partisan,Election,4
ocd-division/country:us/state:or/special_district:lower_umpqua_library_district,Library District Board Member,Position 5,Non-partisan,Election,4
ocd-division/country:us/state:or/special_district:lower_umpqua_parks_and_recreation_district,Parks and Recreation District Board Member,Position 1,Non-partisan,Election,4
ocd-division/country:us/state:or/special_district:lower_umpqua_parks_and_recreation_district,Parks and Recreation District Board Member,Position 2,Non-partisan,Election,4
ocd-division/country:us/state:or/special_district:lower_umpqua_parks_and_recreation_district,Parks and Recreation District Board Member,Position 3,Non-partisan,Election,4
ocd-division/country:us/state:or/special_district:lower_umpqua_parks_and_recreation_district,Parks and Recreation District Board Member,Position 4,Non-partisan,Election,4
ocd-division/country:us/state:or/special_district:lower_umpqua_parks_and_recreation_district,Parks and Recreation District Board Member,Position 5,Non-partisan,Election,4
ocd-division/country:us/state:or/special_district:lower_valley_water_improvement_district,Water Supply Utility District Board Member,Position 1,Non-partisan,Election,4
ocd-division/country:us/state:or/special_district:lower_valley_water_improvement_district,Water Supply Utility District Board Member,Position 2,Non-partisan,Election,4
ocd-division/country:us/state:or/special_district:lower_valley_water_improvement_district,Water Supply Utility District Board Member,Position 3,Non-partisan,Election,4
ocd-division/country:us/state:or/special_district:lower_valley_water_improvement_district,Water Supply Utility District Board Member,Position 4,Non-partisan,Election,4
ocd-division/country:us/state:or/special_district:lower_valley_water_improvement_district,Water Supply Utility District Board Member,Position 5,Non-partisan,Election,4
ocd-division/country:us/state:or/special_district:lusted_water_district,Water Supply Utility District Board Member,Position 1,Non-partisan,Election,4
ocd-division/country:us/state:or/special_district:lusted_water_district,Water Supply Utility District Board Member,Position 2,Non-partisan,Election,4
ocd-division/country:us/state:or/special_district:lusted_water_district,Water Supply Utility District Board Member,Position 3,Non-partisan,Election,4
ocd-division/country:us/state:or/special_district:lusted_water_district,Water Supply Utility District Board Member,Position 4,Non-partisan,Election,4
ocd-division/country:us/state:or/special_district:lusted_water_district,Water Supply Utility District Board Member,Position 5,Non-partisan,Election,4
ocd-division/country:us/state:or/special_district:lyons_mehama_water_district,Water Supply Utility District Board Member,Position 1,Non-partisan,Election,4
ocd-division/country:us/state:or/special_district:lyons_mehama_water_district,Water Supply Utility District Board Member,Position 2,Non-partisan,Election,4
ocd-division/country:us/state:or/special_district:lyons_mehama_water_district,Water Supply Utility District Board Member,Position 3,Non-partisan,Election,4
ocd-division/country:us/state:or/special_district:lyons_mehama_water_district,Water Supply Utility District Board Member,Position 4,Non-partisan,Election,4
ocd-division/country:us/state:or/special_district:lyons_mehama_water_district,Water Supply Utility District Board Member,Position 5,Non-partisan,Election,4
ocd-division/country:us/state:or/special_district:lyons_rural_fire_protection_district,Fire Protection District Board Member,Position 2,Non-partisan,Election,4
ocd-division/country:us/state:or/special_district:lyons_rural_fire_protection_district,Fire Protection District Board Member,Position 3,Non-partisan,Election,4
ocd-division/country:us/state:or/special_district:lyons_rural_fire_protection_district,Fire Protection District Board Member,Position 4,Non-partisan,Election,4
ocd-division/country:us/state:or/special_district:madras_aquatic_center_district,Parks and Recreation District Board Member,Position 1,Non-partisan,Election,4
ocd-division/country:us/state:or/special_district:madras_aquatic_center_district,Parks and Recreation District Board Member,Position 2,Non-partisan,Election,4
ocd-division/country:us/state:or/special_district:madras_aquatic_center_district,Parks and Recreation District Board Member,Position 3,Non-partisan,Election,4
ocd-division/country:us/state:or/special_district:madras_aquatic_center_district,Parks and Recreation District Board Member,Position 4,Non-partisan,Election,4
ocd-division/country:us/state:or/special_district:madras_aquatic_center_district,Parks and Recreation District Board Member,Position 5,Non-partisan,Election,4
ocd-division/country:us/state:or/special_district:malheur_county_soil_and_water_conservation_district,Soil and Water Conservation District Board Member,,Non-partisan,Election,4
ocd-division/country:us/state:or/special_district:malheur_county_soil_and_water_conservation_district,Soil and Water Conservation District Board Member,,Non-partisan,Election,4
ocd-division/country:us/state:or/special_district:malheur_county_soil_and_water_conservation_district/board_district:zone_3,Soil and Water Conservation District Board Member,,Non-partisan,Election,4
ocd-division/country:us/state:or/special_district:malheur_county_soil_and_water_conservation_district/board_district:zone_4,Soil and Water Conservation District Board Member,,Non-partisan,Election,4
ocd-division/country:us/state:or/special_district:malheur_county_soil_and_water_conservation_district/board_district:zone_5,Soil and Water Conservation District Board Member,,Non-partisan,Election,4
ocd-division/country:us/state:or/special_district:malheur_memorial_health_district,Health District Director,Position 1,Non-partisan,Election,4
ocd-division/country:us/state:or/special_district:malheur_memorial_health_district,Health District Director,Position 3,Non-partisan,Election,4
ocd-division/country:us/state:or/special_district:malheur_memorial_health_district,Health District Director,Position 5,Non-partisan,Election,4
ocd-division/country:us/state:or/special_district:malin_community_cemetery_maintenance_district,Cemetery District Board Member,,Non-partisan,Election,4
ocd-division/country:us/state:or/special_district:malin_community_cemetery_maintenance_district,Cemetery District Board Member,,Non-partisan,Election,4
ocd-division/country:us/state:or/special_district:malin_community_parks_and_recreation_district,Parks and Recreation District Board Member,,Non-partisan,Election,4
ocd-division/country:us/state:or/special_district:malin_community_parks_and_recreation_district,Parks and Recreation District Board Member,,Non-partisan,Election,4
ocd-division/country:us/state:or/special_district:malin_community_parks_and_recreation_district,Parks and Recreation District Board Member,,Non-partisan,Election,4
ocd-division/country:us/state:or/special_district:malin_rural_fire_protection_district,Fire Protection District Board Member,Position 1,Non-partisan,Election,4
ocd-division/country:us/state:or/special_district:malin_rural_fire_protection_district,Fire Protection District Board Member,Position 2,Non-partisan,Election,4
ocd-division/country:us/state:or/special_district:malin_rural_fire_protection_district,Fire Protection District Board Member,Position 3,Non-partisan,Election,4
ocd-division/country:us/state:or/special_district:mapleton_rural_fire_protection_district,Fire Protection District Board Member,Position 1,Non-partisan,Election,4
ocd-division/country:us/state:or/special_district:mapleton_rural_fire_protection_district,Fire Protection District Board Member,Position 5,Non-partisan,Election,4
ocd-division/country:us/state:or/special_district:mapleton_water_district,Water Supply Utility District Board Member,Position 1,Non-partisan,Election,4
ocd-division/country:us/state:or/special_district:mapleton_water_district,Water Supply Utility District Board Member,Position 2,Non-partisan,Election,4
ocd-division/country:us/state:or/special_district:mapleton_water_district,Water Supply Utility District Board Member,Position 3,Non-partisan,Election,4
ocd-division/country:us/state:or/special_district:mapleton_water_district,Water Supply Utility District Board Member,Position 4,Non-partisan,Election,4
ocd-division/country:us/state:or/special_district:mapleton_water_district,Water Supply Utility District Board Member,Position 5,Non-partisan,Election,4
ocd-division/country:us/state:or/special_district:marcola_water_district,Water Supply Utility District Board Member,Position 1,Non-partisan,Election,4
ocd-division/country:us/state:or/special_district:marcola_water_district,Water Supply Utility District Board Member,Position 2,Non-partisan,Election,4
ocd-division/country:us/state:or/special_district:marcola_water_district,Water Supply Utility District Board Member,Position 3,Non-partisan,Election,4
ocd-division/country:us/state:or/special_district:marcola_water_district,Water Supply Utility District Board Member,Position 4,Non-partisan,Election,4
ocd-division/country:us/state:or/special_district:marcola_water_district,Water Supply Utility District Board Member,Position 5,Non-partisan,Election,4
ocd-division/country:us/state:or/special_district:marion_area_multiagency_emergency_telecommunications_metcom,Emergency Communications District Board Member,,N/A,Appointment,N/A
ocd-division/country:us/state:or/special_district:marion_area_multiagency_emergency_telecommunications_metcom,Emergency Communications District Board Member,,N/A,Appointment,N/A
ocd-division/country:us/state:or/special_district:marion_area_multiagency_emergency_telecommunications_metcom,Emergency Communications District Board Member,,N/A,Appointment,N/A
ocd-division/country:us/state:or/special_district:marion_area_multiagency_emergency_telecommunications_metcom,Emergency Communications District Board Member,,N/A,Appointment,N/A
ocd-division/country:us/state:or/special_district:marion_county_fire_protection_district_1,Fire Protection District Board Member,Position 1,Non-partisan,Election,4
ocd-division/country:us/state:or/special_district:marion_county_fire_protection_district_1,Fire Protection District Board Member,Position 2,Non-partisan,Election,4
ocd-division/country:us/state:or/special_district:marion_county_fire_protection_district_1,Fire Protection District Board Member,Position 3,Non-partisan,Election,4
ocd-division/country:us/state:or/special_district:marion_county_fire_protection_district_1,Fire Protection District Board Member,Position 4,Non-partisan,Election,4
ocd-division/country:us/state:or/special_district:marion_county_soil_and_water_conservation_district,Soil and Water Conservation District Board Member,Position 1,Non-partisan,Election,2
ocd-division/country:us/state:or/special_district:marion_county_soil_and_water_conservation_district,Soil and Water Conservation District Board Member,Position 2,Non-partisan,Election,4
ocd-division/country:us/state:or/special_district:marion_county_soil_and_water_conservation_district/board_district:zone_3,Soil and Water Conservation District Board Member,,Non-partisan,Election,4
ocd-division/country:us/state:or/special_district:marion_county_soil_and_water_conservation_district/board_district:zone_4,Soil and Water Conservation District Board Member,,Non-partisan,Election,4
ocd-division/country:us/state:or/special_district:marion_county_soil_and_water_conservation_district/board_district:zone_5,Soil and Water Conservation District Board Member,,Non-partisan,Election,4
ocd-division/country:us/state:or/special_district:mckay_dam_rural_fire_protection_district_7-410,Fire Protection District Board Member,Position 1,Non-partisan,Election,4
ocd-division/country:us/state:or/special_district:mckay_dam_rural_fire_protection_district_7-410,Fire Protection District Board Member,Position 3,Non-partisan,Election,4
ocd-division/country:us/state:or/special_district:mckay_dam_rural_fire_protection_district_7-410,Fire Protection District Board Member,Position 5,Non-partisan,Election,4
ocd-division/country:us/state:or/special_district:mckenzie_fire_and_rescue_district,Fire Protection District Board Member,Position 1,Non-partisan,Election,4
ocd-division/country:us/state:or/special_district:mckenzie_fire_and_rescue_district,Fire Protection District Board Member,Position 2,Non-partisan,Election,4
ocd-division/country:us/state:or/special_district:mckenzie_fire_and_rescue_district,Fire Protection District Board Member,Position 3,Non-partisan,Election,4
ocd-division/country:us/state:or/special_district:mckenzie_fire_and_rescue_district,Fire Protection District Board Member,Position 4,Non-partisan,Election,4
ocd-division/country:us/state:or/special_district:mckenzie_fire_and_rescue_district,Fire Protection District Board Member,Position 5,Non-partisan,Election,4
ocd-division/country:us/state:or/special_district:mcminnville_rural_fire_protection_district,Fire Protection District Board Member,,Non-partisan,Election,4
ocd-division/country:us/state:or/special_district:mcminnville_rural_fire_protection_district,Fire Protection District Board Member,,Non-partisan,Election,4
ocd-division/country:us/state:or/special_district:mcminnville_rural_fire_protection_district,Fire Protection District Board Member,,Non-partisan,Election,4
ocd-division/country:us/state:or/special_district:mcminnville_rural_fire_protection_district,Fire Protection District Board Member,,Non-partisan,Election,4
ocd-division/country:us/state:or/special_district:mcminnville_rural_fire_protection_district,Fire Protection District Board Member,,Non-partisan,Election,4
ocd-division/country:us/state:or/special_district:mcnulty_water_public_utility_district/board_district:zone_1,Water Supply Utility District Board Member,,Non-partisan,Election,4
ocd-division/country:us/state:or/special_district:mcnulty_water_public_utility_district/board_district:zone_3,Water Supply Utility District Board Member,,Non-partisan,Election,4
ocd-division/country:us/state:or/special_district:mcnulty_water_public_utility_district/board_district:zone_4,Water Supply Utility District Board Member,,Non-partisan,Election,4
ocd-division/country:us/state:or/special_district:mcnulty_water_public_utility_district/board_district:zone_5,Water Supply Utility District Board Member,,Non-partisan,Election,4
ocd-division/country:us/state:or/special_district:medford_irrigation_district/board_district:precinct_a,Irrigation District Board Member,,Non-partisan,Election,4
ocd-division/country:us/state:or/special_district:medford_irrigation_district/board_district:precinct_b,Irrigation District Board Member,,Non-partisan,Election,4
ocd-division/country:us/state:or/special_district:medford_irrigation_district/board_district:precinct_c,Irrigation District Board Member,,Non-partisan,Election,4
ocd-division/country:us/state:or/special_district:medford_irrigation_district/board_district:precinct_d,Irrigation District Board Member,,Non-partisan,Election,4
ocd-division/country:us/state:or/special_district:medford_irrigation_district/board_district:precinct_e,Irrigation District Board Member,,Non-partisan,Election,4
ocd-division/country:us/state:or/special_district:medford_rural_fire_protection_district,Fire Protection District Board Member,Position 3,Non-partisan,Election,4
ocd-division/country:us/state:or/special_district:medford_rural_fire_protection_district,Fire Protection District Board Member,Position 4,Non-partisan,Election,4
ocd-division/country:us/state:or/special_district:medford_rural_fire_protection_district,Fire Protection District Board Member,Position 5,Non-partisan,Election,4
ocd-division/country:us/state:or/special_district:medical_springs_rural_fire_protection_district,Fire Protection District Board Member,Position 1,Non-partisan,Election,4
ocd-division/country:us/state:or/special_district:medical_springs_rural_fire_protection_district,Fire Protection District Board Member,Position 2,Non-partisan,Election,4
ocd-division/country:us/state:or/special_district:medical_springs_rural_fire_protection_district,Fire Protection District Board Member,Position 3,Non-partisan,Election,4
ocd-division/country:us/state:or/special_district:medical_springs_rural_fire_protection_district,Fire Protection District Board Member,Position 4,Non-partisan,Election,4
ocd-division/country:us/state:or/special_district:medical_springs_rural_fire_protection_district,Fire Protection District Board Member,Position 5,Non-partisan,Election,4
ocd-division/country:us/state:or/special_district:merlin_park_district,Parks and Recreation District Board Member,Position 1,Non-partisan,Election,4
ocd-division/country:us/state:or/special_district:merlin_park_district,Parks and Recreation District Board Member,Position 2,Non-partisan,Election,4
ocd-division/country:us/state:or/special_district:merlin_park_district,Parks and Recreation District Board Member,Position 3,Non-partisan,Election,4
ocd-division/country:us/state:or/special_district:merlin_park_district,Parks and Recreation District Board Member,Position 4,Non-partisan,Election,
ocd-division/country:us/state:or/special_district:merlin_park_district,Parks and Recreation District Board Member,Position 5,Non-partisan,Election,2
ocd-division/country:us/state:or/special_district:merrill_cemetery_maintenance_district,Cemetery District Board Member,,Non-partisan,Election,4
ocd-division/country:us/state:or/special_district:merrill_park_district,Parks and Recreation District Board Member,,Non-partisan,Election,4
ocd-division/country:us/state:or/special_district:merrill_park_district,Parks and Recreation District Board Member,,Non-partisan,Election,4
ocd-division/country:us/state:or/special_district:merrill_park_district,Parks and Recreation District Board Member,,Non-partisan,Election,4
ocd-division/country:us/state:or/special_district:merrill_rural_fire_protection_district_1,Fire Protection District Board Member,Position 1,Non-partisan,Election,4
ocd-division/country:us/state:or/special_district:merrill_rural_fire_protection_district_1,Fire Protection District Board Member,Position 2,Non-partisan,Election,4
ocd-division/country:us/state:or/special_district:merrill_rural_fire_protection_district_1,Fire Protection District Board Member,Position 3,Non-partisan,Election,4
ocd-division/country:us/state:or/special_district:metropolitan_area_communications_commission,Emergency Communications District Board Member,,Non-partisan,Election,4
ocd-division/country:us/state:or/special_district:metropolitan_area_communications_commission,Emergency Communications District Board Member,,Non-partisan,Election,4
ocd-division/country:us/state:or/special_district:mid_columbia_fire_and_rescue,Fire Protection District Board Member,Position 1,Non-partisan,Election,4
ocd-division/country:us/state:or/special_district:mid_columbia_fire_and_rescue,Fire Protection District Board Member,Position 2,Non-partisan,Election,4
ocd-division/country:us/state:or/special_district:mid_columbia_fire_and_rescue,Fire Protection District Board Member,Position 3,Non-partisan,Election,4
ocd-division/country:us/state:or/special_district:mid_columbia_fire_and_rescue,Fire Protection District Board Member,Position 4,Non-partisan,Election,4
ocd-division/country:us/state:or/special_district:mid_columbia_fire_and_rescue,Fire Protection District Board Member,Position 5,Non-partisan,Election,4
ocd-division/country:us/state:or/special_district:mid_county_cemetery_maintenance_district,Cemetery District Board Member,,Non-partisan,Election,4
ocd-division/country:us/state:or/special_district:mid_county_cemetery_maintenance_district,Cemetery District Board Member,,Non-partisan,Election,4
ocd-division/country:us/state:or/special_district:mid_county_cemetery_maintenance_district,Parks and Recreation District Board Member,Position 1,Non-partisan,Election,4
ocd-division/country:us/state:or/special_district:mid_county_cemetery_maintenance_district,Parks and Recreation District Board Member,Position 2,Non-partisan,Election,4
ocd-division/country:us/state:or/special_district:mid_county_cemetery_maintenance_district,Parks and Recreation District Board Member,Position 3,Non-partisan,Election,4
ocd-division/country:us/state:or/special_district:mid-columbia_center_for_living,Health District Director,,Non-partisan,Election,4
ocd-division/country:us/state:or/special_district:mid-columbia_center_for_living,Health District Director,,Non-partisan,Election,4
ocd-division/country:us/state:or/special_district:mid-columbia_center_for_living,Health District Director,,Non-partisan,Election,4
ocd-division/country:us/state:or/special_district:mid-columbia_economic_dev_district,Economic Development District Board Member,,Non-partisan,Election,4
ocd-division/country:us/state:or/special_district:mid-columbia_economic_dev_district,Economic Development District Board Member,,Non-partisan,Election,4
ocd-division/country:us/state:or/special_district:mid-columbia_economic_dev_district,Economic Development District Board Member,,Non-partisan,Election,4
ocd-division/country:us/state:or/special_district:middle_fork_irrigation_district/board_district:area_1,Irrigation District Board Member,,Non-partisan,Election,3
ocd-division/country:us/state:or/special_district:middle_fork_irrigation_district/board_district:area_2,Irrigation District Board Member,,Non-partisan,Election,3
ocd-division/country:us/state:or/special_district:middle_fork_irrigation_district/board_district:area_3,Irrigation District Board Member,,Non-partisan,Election,3
ocd-division/country:us/state:or/special_district:middle_fork_irrigation_district/board_district:area_4,Irrigation District Board Member,,Non-partisan,Election,3
ocd-division/country:us/state:or/special_district:middle_fork_irrigation_district/board_district:area_5,Irrigation District Board Member,,Non-partisan,Election,3
ocd-division/country:us/state:or/special_district:midland_community_park_district,Parks and Recreation District Board Member,,Non-partisan,Election,4
ocd-division/country:us/state:or/special_district:midland_community_park_district,Parks and Recreation District Board Member,,Non-partisan,Election,4
ocd-division/country:us/state:or/special_district:midland_community_park_district,Parks and Recreation District Board Member,,Non-partisan,Election,4
ocd-division/country:us/state:or/special_district:miles_crossing_sanitary_sewer_district,Sewerage District Board Member,Position 1,Non-partisan,Election,4
ocd-division/country:us/state:or/special_district:miles_crossing_sanitary_sewer_district,Sewerage District Board Member,Position 2,Non-partisan,Election,4
ocd-division/country:us/state:or/special_district:miles_crossing_sanitary_sewer_district,Sewerage District Board Member,Position 3,Non-partisan,Election,4
ocd-division/country:us/state:or/special_district:miles_crossing_sanitary_sewer_district,Sewerage District Board Member,Position 4,Non-partisan,Election,4
ocd-division/country:us/state:or/special_district:miles_crossing_sanitary_sewer_district,Sewerage District Board Member,Position 5,Non-partisan,Election,4
ocd-division/country:us/state:or/special_district:mill_city_rural_fire_protection_district,Fire Protection District Board Member,Position 2,Non-partisan,Election,4
ocd-division/country:us/state:or/special_district:mill_city_rural_fire_protection_district,Fire Protection District Board Member,Position 3,Non-partisan,Election,4
ocd-division/country:us/state:or/special_district:mill_city_rural_fire_protection_district,Fire Protection District Board Member,Position 4,Non-partisan,Election,4
ocd-division/country:us/state:or/special_district:millicoma_river_park_and_recreation_district/board_district:zone_1,Parks and Recreation District Board Member,,Non-partisan,Election,4
ocd-division/country:us/state:or/special_district:millicoma_river_park_and_recreation_district/board_district:zone_2,Parks and Recreation District Board Member,,Non-partisan,Election,4
ocd-division/country:us/state:or/special_district:millicoma_river_park_and_recreation_district/board_district:zone_4,Parks and Recreation District Board Member,,Non-partisan,Election,4
ocd-division/country:us/state:or/special_district:millicoma_river_park_and_recreation_district/board_district:zone_5,Parks and Recreation District Board Member,,Non-partisan,Election,4
ocd-division/country:us/state:or/special_district:millington_rural_fire_protection_district_5,Fire Protection District Board Member,Position 1,Non-partisan,Election,4
ocd-division/country:us/state:or/special_district:millington_rural_fire_protection_district_5,Fire Protection District Board Member,Position 2,Non-partisan,Election,4
ocd-division/country:us/state:or/special_district:millington_rural_fire_protection_district_5,Fire Protection District Board Member,Position 3,Non-partisan,Election,4
ocd-division/country:us/state:or/special_district:millington_rural_fire_protection_district_5,Fire Protection District Board Member,Position 4,Non-partisan,Election,4
ocd-division/country:us/state:or/special_district:millington_rural_fire_protection_district_5,Fire Protection District Board Member,Position 5,Non-partisan,Election,4
ocd-division/country:us/state:or/special_district:milo_volunteer_fire_district,Fire Protection District Board Member,Position 1,Non-partisan,Election,4
ocd-division/country:us/state:or/special_district:milo_volunteer_fire_district,Fire Protection District Board Member,Position 2,Non-partisan,Election,4
ocd-division/country:us/state:or/special_district:milo_volunteer_fire_district,Fire Protection District Board Member,Position 3,Non-partisan,Election,4
ocd-division/country:us/state:or/special_district:milo_volunteer_fire_district,Fire Protection District Board Member,Position 4,Non-partisan,Election,4
ocd-division/country:us/state:or/special_district:milo_volunteer_fire_district,Fire Protection District Board Member,Position 5,Non-partisan,Election,4
ocd-division/country:us/state:or/special_district:milton_freewater_water_control_district,Flood Control District Board Member,Position 1,Non-partisan,Election,4
ocd-division/country:us/state:or/special_district:milton_freewater_water_control_district,Flood Control District Board Member,Position 3,Non-partisan,Election,4
ocd-division/country:us/state:or/special_district:milton_freewater_water_control_district,Flood Control District Board Member,Position 4,Non-partisan,Election,4
ocd-division/country:us/state:or/special_district:milton_freewater_water_control_district,Flood Control District Board Member,Position 5,Non-partisan,Election,4
ocd-division/country:us/state:or/special_district:milton-freewater_valley_ambulance_district,Emergency Communications District Board Member,Position 5,Non-partisan,Election,4
ocd-division/country:us/state:or/special_district:minet,Television and Cable District Board Member,,Non-partisan,Election,4
ocd-division/country:us/state:or/special_district:minet,Television and Cable District Board Member,,Non-partisan,Election,4
ocd-division/country:us/state:or/special_district:minet,Television and Cable District Board Member,,Non-partisan,Election,4
ocd-division/country:us/state:or/special_district:minet,Television and Cable District Board Member,,Non-partisan,Election,4
ocd-division/country:us/state:or/special_district:minet,Television and Cable District Board Member,,Non-partisan,Election,4
ocd-division/country:us/state:or/special_district:minet,Television and Cable District Board Member,,Non-partisan,Election,
ocd-division/country:us/state:or/special_district:mist_birkenfeld_rural_fire_protection_district,Fire Protection District Board Member,Position 1,Non-partisan,Election,4
ocd-division/country:us/state:or/special_district:mist_birkenfeld_rural_fire_protection_district,Fire Protection District Board Member,Position 2,Non-partisan,Election,4
ocd-division/country:us/state:or/special_district:mist_birkenfeld_rural_fire_protection_district,Fire Protection District Board Member,Position 3,Non-partisan,Election,4
ocd-division/country:us/state:or/special_district:mist_birkenfeld_rural_fire_protection_district,Fire Protection District Board Member,Position 4,Non-partisan,Election,4
ocd-division/country:us/state:or/special_district:mist_birkenfeld_rural_fire_protection_district,Fire Protection District Board Member,Position 5,Non-partisan,Election,4
ocd-division/country:us/state:or/special_district:mohawk_valley_rural_fire_protection_district,Fire Protection District Board Member,Position 1,Non-partisan,Election,4
ocd-division/country:us/state:or/special_district:mohawk_valley_rural_fire_protection_district,Fire Protection District Board Member,Position 2,Non-partisan,Election,4
ocd-division/country:us/state:or/special_district:mohawk_valley_rural_fire_protection_district,Fire Protection District Board Member,Position 3,Non-partisan,Election,4
ocd-division/country:us/state:or/special_district:mohawk_valley_rural_fire_protection_district,Fire Protection District Board Member,Position 4,Non-partisan,Election,4
ocd-division/country:us/state:or/special_district:mohawk_valley_rural_fire_protection_district,Fire Protection District Board Member,Position 5,Non-partisan,Election,4
ocd-division/country:us/state:or/special_district:molalla_aquatic_district,Parks and Recreation District Board Member,,Non-partisan,Election,
ocd-division/country:us/state:or/special_district:molalla_aquatic_district,Parks and Recreation District Board Member,,Non-partisan,Election,
ocd-division/country:us/state:or/special_district:molalla_aquatic_district,Parks and Recreation District Board Member,,Non-partisan,Election,
ocd-division/country:us/state:or/special_district:molalla_aquatic_district,Parks and Recreation District Board Member,,Non-partisan,Election,
ocd-division/country:us/state:or/special_district:molalla_aquatic_district,Parks and Recreation District Board Member,,Non-partisan,Election,
ocd-division/country:us/state:or/special_district:molalla_river_improvement_district,Flood Control District Board Member,,Non-partisan,Election,4
ocd-division/country:us/state:or/special_district:molalla_rural_fire_protection_district,Fire Protection District Board Member,Position 1,Non-partisan,Election,4
ocd-division/country:us/state:or/special_district:molalla_rural_fire_protection_district,Fire Protection District Board Member,Position 2,Non-partisan,Election,4
ocd-division/country:us/state:or/special_district:molalla_rural_fire_protection_district,Fire Protection District Board Member,Position 3,Non-partisan,Election,4
ocd-division/country:us/state:or/special_district:molalla_rural_fire_protection_district,Fire Protection District Board Member,Position 4,Non-partisan,Election,4
ocd-division/country:us/state:or/special_district:molalla_rural_fire_protection_district,Fire Protection District Board Member,Position 5,Non-partisan,Election,4
ocd-division/country:us/state:or/special_district:monitor_rural_fire_protection_district_58,Fire Protection District Board Member,Position 1,Non-partisan,Election,4
ocd-division/country:us/state:or/special_district:monitor_rural_fire_protection_district_58,Fire Protection District Board Member,Position 2,Non-partisan,Election,4
ocd-division/country:us/state:or/special_district:monitor_rural_fire_protection_district_58,Fire Protection District Board Member,Position 3,Non-partisan,Election,4
ocd-division/country:us/state:or/special_district:monitor_rural_fire_protection_district_58,Fire Protection District Board Member,Position 4,Non-partisan,Election,4
ocd-division/country:us/state:or/special_district:monitor_rural_fire_protection_district_58,Fire Protection District Board Member,Position 5,Non-partisan,Election,4
ocd-division/country:us/state:or/special_district:monroe_rural_fire_protection_district,Fire Protection District Board Member,,Non-partisan,Election,4
ocd-division/country:us/state:or/special_district:monroe_rural_fire_protection_district,Fire Protection District Board Member,,Non-partisan,Election,4
ocd-division/country:us/state:or/special_district:monroe_rural_fire_protection_district,Fire Protection District Board Member,Position 1,Non-partisan,Election,4
ocd-division/country:us/state:or/special_district:monroe_rural_fire_protection_district,Fire Protection District Board Member,Position 4,Non-partisan,Election,4
ocd-division/country:us/state:or/special_district:monroe_rural_fire_protection_district,Fire Protection District Board Member,Position 5,Non-partisan,Election,4
ocd-division/country:us/state:or/special_district:monument_soil_and_water_conservation_district,Soil and Water Conservation District Board Member,,Non-partisan,Election,4
ocd-division/country:us/state:or/special_district:monument_soil_and_water_conservation_district,Soil and Water Conservation District Board Member,,Non-partisan,Election,4
ocd-division/country:us/state:or/special_district:monument_soil_and_water_conservation_district/board_district:zone_1,Soil and Water Conservation District Board Member,,Non-partisan,Election,4
ocd-division/country:us/state:or/special_district:monument_soil_and_water_conservation_district/board_district:zone_2,Soil and Water Conservation District Board Member,,Non-partisan,Election,4
ocd-division/country:us/state:or/special_district:monument_soil_and_water_conservation_district/board_district:zone_3,Soil and Water Conservation District Board Member,,Non-partisan,Election,4
ocd-division/country:us/state:or/special_district:moorea_drive_road_district,Highway District Board Member,Position 1,Non-partisan,Election,4
ocd-division/country:us/state:or/special_district:moorea_drive_road_district,Highway District Board Member,Position 2,Non-partisan,Election,4
ocd-division/country:us/state:or/special_district:moro_rural_fire_protection_district,Fire Protection District Board Member,Position 2,Non-partisan,Election,4
ocd-division/country:us/state:or/special_district:moro_rural_fire_protection_district,Fire Protection District Board Member,Position 3,Non-partisan,Election,4
ocd-division/country:us/state:or/special_district:moro_rural_fire_protection_district,Fire Protection District Board Member,Position 5,Non-partisan,Election,4
ocd-division/country:us/state:or/special_district:morrow_county_health_district,Hospital District Board Member,Position 2,Non-partisan,Election,4
ocd-division/country:us/state:or/special_district:morrow_county_health_district,Hospital District Board Member,Position 3,Non-partisan,Election,4
ocd-division/country:us/state:or/special_district:morrow_county_health_district,Hospital District Board Member,Position 4,Non-partisan,Election,4
ocd-division/country:us/state:or/special_district:morrow_county_health_district,Hospital District Board Member,Position 5,Non-partisan,Election,4
ocd-division/country:us/state:or/special_district:morrow_county_soil_and_water_conservation_district,Soil and Water Conservation District Board Member,,Non-partisan,Election,4
ocd-division/country:us/state:or/special_district:morrow_county_soil_and_water_conservation_district,Soil and Water Conservation District Board Member,,Non-partisan,Election,4
ocd-division/country:us/state:or/special_district:morrow_county_soil_and_water_conservation_district/board_district:zone_1,Soil and Water Conservation District Board Member,,Non-partisan,Election,4
ocd-division/country:us/state:or/special_district:morrow_county_soil_and_water_conservation_district/board_district:zone_2,Soil and Water Conservation District Board Member,,Non-partisan,Election,4
ocd-division/country:us/state:or/special_district:morrow_county_soil_and_water_conservation_district/board_district:zone_3,Soil and Water Conservation District Board Member,,Non-partisan,Election,4
ocd-division/country:us/state:or/special_district:morrow_county_unified_recreation_district,Parks and Recreation District Board Member,,Non-partisan,Election,4
ocd-division/country:us/state:or/special_district:morrow_county_unified_recreation_district,Parks and Recreation District Board Member,,Non-partisan,Election,4
ocd-division/country:us/state:or/special_district:morrow_county_unified_recreation_district,Parks and Recreation District Board Member,,Non-partisan,Election,4
ocd-division/country:us/state:or/special_district:morrow_county_unified_recreation_district,Parks and Recreation District Board Member,,Non-partisan,Election,4
ocd-division/country:us/state:or/special_district:morrow_county_unified_recreation_district,Parks and Recreation District Board Member,,Non-partisan,Election,4
ocd-division/country:us/state:or/special_district:mosier_fire_district,Fire Protection District Board Member,Position 1,Non-partisan,Election,4
ocd-division/country:us/state:or/special_district:mosier_fire_district,Fire Protection District Board Member,Position 2,Non-partisan,Election,4
ocd-division/country:us/state:or/special_district:mosier_fire_district,Fire Protection District Board Member,Position 3,Non-partisan,Election,4
ocd-division/country:us/state:or/special_district:mosier_fire_district,Fire Protection District Board Member,Position 4,Non-partisan,Election,4
ocd-division/country:us/state:or/special_district:mosier_fire_district,Fire Protection District Board Member,Position 5,Non-partisan,Election,4
ocd-division/country:us/state:or/special_district:mossy_brae_water_district,Water Supply Utility District Board Member,Position 1,Non-partisan,Election,4
ocd-division/country:us/state:or/special_district:mossy_brae_water_district,Water Supply Utility District Board Member,Position 2,Non-partisan,Election,4
ocd-division/country:us/state:or/special_district:mossy_brae_water_district,Water Supply Utility District Board Member,Position 3,Non-partisan,Election,4
ocd-division/country:us/state:or/special_district:mossy_brae_water_district,Water Supply Utility District Board Member,Position 4,Non-partisan,Election,4
ocd-division/country:us/state:or/special_district:mossy_brae_water_district,Water Supply Utility District Board Member,Position 5,Non-partisan,Election,4
ocd-division/country:us/state:or/special_district:mount_angel_rural_fire_protection_district,Fire Protection District Board Member,Position 1,Non-partisan,Election,4
ocd-division/country:us/state:or/special_district:mount_angel_rural_fire_protection_district,Fire Protection District Board Member,Position 2,Non-partisan,Election,4
ocd-division/country:us/state:or/special_district:mount_angel_rural_fire_protection_district,Fire Protection District Board Member,Position 3,Non-partisan,Election,4
ocd-division/country:us/state:or/special_district:mount_angel_rural_fire_protection_district,Fire Protection District Board Member,Position 4,Non-partisan,Election,4
ocd-division/country:us/state:or/special_district:mount_angel_rural_fire_protection_district,Fire Protection District Board Member,Position 5,Non-partisan,Election,4
ocd-division/country:us/state:or/special_district:mount_laki_cemetery_district,Cemetery District Board Member,,Non-partisan,Election,4
ocd-division/country:us/state:or/special_district:mount_laki_cemetery_district,Cemetery District Board Member,,Non-partisan,Election,4
ocd-division/country:us/state:or/special_district:mount_vernon_rural_fire_protection_district,Fire Protection District Board Member,,Non-partisan,Election,4
ocd-division/country:us/state:or/special_district:mount_vernon_rural_fire_protection_district,Fire Protection District Board Member,,Non-partisan,Election,4
ocd-division/country:us/state:or/special_district:mulino_water_district,Water Supply Utility District Board Member,Position 1,Non-partisan,Election,4
ocd-division/country:us/state:or/special_district:mulino_water_district,Water Supply Utility District Board Member,Position 2,Non-partisan,Election,4
ocd-division/country:us/state:or/special_district:mulino_water_district,Water Supply Utility District Board Member,Position 3,Non-partisan,Election,4
ocd-division/country:us/state:or/special_district:mulino_water_district,Water Supply Utility District Board Member,Position 4,Non-partisan,Election,4
ocd-division/country:us/state:or/special_district:mulino_water_district,Water Supply Utility District Board Member,Position 5,Non-partisan,Election,4
ocd-division/country:us/state:or/special_district:multnomah_county_drainage_district_1,Drainage District Board Member,,Non-partisan,Election,4
ocd-division/country:us/state:or/special_district:multnomah_county_drainage_district_1,Drainage District Board Member,,Non-partisan,Election,4
ocd-division/country:us/state:or/special_district:multnomah_county_drainage_district_1,Drainage District Board Member,,Non-partisan,Election,4
ocd-division/country:us/state:or/special_district:multnomah_county_drainage_district_1,Drainage District Board Member,,Non-partisan,Election,4
ocd-division/country:us/state:or/special_district:multnomah_county_drainage_district_1,Drainage District Board Member,,Non-partisan,Election,4
ocd-division/country:us/state:or/special_district:multnomah_county_rural_fire_protection_district_10,Fire Protection District Board Member,Position 1,Non-partisan,Election,4
ocd-division/country:us/state:or/special_district:multnomah_county_rural_fire_protection_district_10,Fire Protection District Board Member,Position 3,Non-partisan,Election,4
ocd-division/country:us/state:or/special_district:multnomah_county_rural_fire_protection_district_10,Fire Protection District Board Member,Position 5,Non-partisan,Election,4
ocd-division/country:us/state:or/special_district:myrtle_creek_rural_fire_protection_district,Fire Protection District Board Member,Position 1,Non-partisan,Election,4
ocd-division/country:us/state:or/special_district:myrtle_creek_rural_fire_protection_district,Fire Protection District Board Member,Position 2,Non-partisan,Election,4
ocd-division/country:us/state:or/special_district:myrtle_creek_rural_fire_protection_district,Fire Protection District Board Member,Position 5,Non-partisan,Election,4
ocd-division/country:us/state:or/special_district:myrtle_point_health_district,Health District Director,Position 3,Non-partisan,Election,4
ocd-division/country:us/state:or/special_district:myrtle_point_health_district,Health District Director,Position 5,Non-partisan,Election,4
ocd-division/country:us/state:or/special_district:myrtle_point_rural_fire_protection_district,Fire Protection District Board Member,Position 3,Non-partisan,Election,4
ocd-division/country:us/state:or/special_district:myrtle_point_rural_fire_protection_district,Fire Protection District Board Member,Position 5,Non-partisan,Election,4
ocd-division/country:us/state:or/special_district:ne_san_marine_special_road_district,Highway District Board Member,Position 1,Non-partisan,Election,4
ocd-division/country:us/state:or/special_district:ne_san_marine_special_road_district,Highway District Board Member,Position 2,Non-partisan,Election,4
ocd-division/country:us/state:or/special_district:neah_kah_nie_water_district,Water Supply Utility District Board Member,Position 1,Non-partisan,Election,4
ocd-division/country:us/state:or/special_district:neah_kah_nie_water_district,Water Supply Utility District Board Member,Position 2,Non-partisan,Election,4
ocd-division/country:us/state:or/special_district:neah_kah_nie_water_district,Water Supply Utility District Board Member,Position 3,Non-partisan,Election,4
ocd-division/country:us/state:or/special_district:neah_kah_nie_water_district,Water Supply Utility District Board Member,Position 4,Non-partisan,Election,4
ocd-division/country:us/state:or/special_district:neah_kah_nie_water_district,Water Supply Utility District Board Member,Position 5,Non-partisan,Election,4
ocd-division/country:us/state:or/special_district:nedonna_rural_fire_protection_district,Fire Protection District Board Member,Position 1,Non-partisan,Election,4
ocd-division/country:us/state:or/special_district:nedonna_rural_fire_protection_district,Fire Protection District Board Member,Position 4,Non-partisan,Election,4
ocd-division/country:us/state:or/special_district:nedonna_rural_fire_protection_district,Fire Protection District Board Member,Position 5,Non-partisan,Election,4
ocd-division/country:us/state:or/special_district:nehalem_bay_fire_and_rescue_district,Fire Protection District Board Member,Position 1,Non-partisan,Election,4
ocd-division/country:us/state:or/special_district:nehalem_bay_fire_and_rescue_district,Fire Protection District Board Member,Position 2,Non-partisan,Election,4
ocd-division/country:us/state:or/special_district:nehalem_bay_fire_and_rescue_district,Fire Protection District Board Member,Position 3,Non-partisan,Election,4
ocd-division/country:us/state:or/special_district:nehalem_bay_fire_and_rescue_district,Fire Protection District Board Member,Position 4,Non-partisan,Election,4
ocd-division/country:us/state:or/special_district:nehalem_bay_fire_and_rescue_district,Fire Protection District Board Member,Position 5,Non-partisan,Election,4
ocd-division/country:us/state:or/special_district:nehalem_bay_health_district,Health District Director,,Non-partisan,Election,4
ocd-division/country:us/state:or/special_district:nehalem_bay_health_district,Health District Director,,Non-partisan,Election,4
ocd-division/country:us/state:or/special_district:nehalem_bay_health_district,Health District Director,,Non-partisan,Election,4
ocd-division/country:us/state:or/special_district:nehalem_bay_health_district,Health District Director,Position 4,Non-partisan,Election,4
ocd-division/country:us/state:or/special_district:nehalem_bay_health_district,Health District Director,Position 5,Non-partisan,Election,4
ocd-division/country:us/state:or/special_district:nehalem_bay_wastewater_agency,Sewerage District Board Member,Position 1,Non-partisan,Election,4
ocd-division/country:us/state:or/special_district:nehalem_bay_wastewater_agency,Sewerage District Board Member,Position 2,Non-partisan,Election,4
ocd-division/country:us/state:or/special_district:nehalem_bay_wastewater_agency,Sewerage District Board Member,Position 3,Non-partisan,Election,4
ocd-division/country:us/state:or/special_district:nehalem_bay_wastewater_agency,Sewerage District Board Member,Position 4,Non-partisan,Election,4
ocd-division/country:us/state:or/special_district:nehalem_bay_wastewater_agency,Sewerage District Board Member,Position 5,Non-partisan,Election,4
ocd-division/country:us/state:or/special_district:nesika_beach_ophir_water_district,Water Supply Utility District Board Member,Position 1,Non-partisan,Election,4
ocd-division/country:us/state:or/special_district:nesika_beach_ophir_water_district,Water Supply Utility District Board Member,Position 2,Non-partisan,Election,4
ocd-division/country:us/state:or/special_district:nesika_beach_ophir_water_district,Water Supply Utility District Board Member,Position 3,Non-partisan,Election,4
ocd-division/country:us/state:or/special_district:nesika_beach_ophir_water_district,Water Supply Utility District Board Member,Position 4,Non-partisan,Election,4
ocd-division/country:us/state:or/special_district:nesika_beach_ophir_water_district,Water Supply Utility District Board Member,Position 5,Non-partisan,Election,4
ocd-division/country:us/state:or/special_district:neskowin_regional_sanitary_authority,Sewerage District Board Member,,Non-partisan,Election,4
ocd-division/country:us/state:or/special_district:neskowin_regional_sanitary_authority,Sewerage District Board Member,,Non-partisan,Election,4
ocd-division/country:us/state:or/special_district:neskowin_regional_sanitary_authority,Sewerage District Board Member,,Non-partisan,Election,4
ocd-division/country:us/state:or/special_district:neskowin_regional_sanitary_authority,Sewerage District Board Member,,Non-partisan,Election,4
ocd-division/country:us/state:or/special_district:neskowin_regional_sanitary_authority,Sewerage District Board Member,,Non-partisan,Election,4
ocd-division/country:us/state:or/special_district:neskowin_regional_water_district,Water Supply Utility District Board Member,,Non-partisan,Election,4
ocd-division/country:us/state:or/special_district:neskowin_regional_water_district,Water Supply Utility District Board Member,,Non-partisan,Election,4
ocd-division/country:us/state:or/special_district:neskowin_regional_water_district,Water Supply Utility District Board Member,,Non-partisan,Election,4
ocd-division/country:us/state:or/special_district:neskowin_regional_water_district,Water Supply Utility District Board Member,,Non-partisan,Election,4
ocd-division/country:us/state:or/special_district:neskowin_regional_water_district,Water Supply Utility District Board Member,Position 1,Non-partisan,Election,4
ocd-division/country:us/state:or/special_district:nestucca_rural_fire_protection_district,Fire Protection District Board Member,Position 1,Non-partisan,Election,4
ocd-division/country:us/state:or/special_district:nestucca_rural_fire_protection_district,Fire Protection District Board Member,Position 2,Non-partisan,Election,4
ocd-division/country:us/state:or/special_district:nestucca_rural_fire_protection_district,Fire Protection District Board Member,Position 3,Non-partisan,Election,4
ocd-division/country:us/state:or/special_district:nestucca_rural_fire_protection_district,Fire Protection District Board Member,Position 4,Non-partisan,Election,4
ocd-division/country:us/state:or/special_district:nestucca_rural_fire_protection_district,Fire Protection District Board Member,Position 5,Non-partisan,Election,4
ocd-division/country:us/state:or/special_district:netarts_oceanside_rural_fire_protection_district,Fire Protection District Board Member,Position 1,Non-partisan,Election,4
ocd-division/country:us/state:or/special_district:netarts_oceanside_rural_fire_protection_district,Fire Protection District Board Member,Position 2,Non-partisan,Election,4
ocd-division/country:us/state:or/special_district:netarts_oceanside_rural_fire_protection_district,Fire Protection District Board Member,Position 3,Non-partisan,Election,4
ocd-division/country:us/state:or/special_district:netarts_oceanside_rural_fire_protection_district,Fire Protection District Board Member,Position 4,Non-partisan,Election,4
ocd-division/country:us/state:or/special_district:netarts_oceanside_rural_fire_protection_district,Fire Protection District Board Member,Position 5,Non-partisan,Election,4
ocd-division/country:us/state:or/special_district:netarts_oceanside_sanitary_district,Sewerage District Board Member,Position 1,Non-partisan,Election,2
ocd-division/country:us/state:or/special_district:netarts_oceanside_sanitary_district,Sewerage District Board Member,Position 2,Non-partisan,Election,4
ocd-division/country:us/state:or/special_district:netarts_oceanside_sanitary_district,Sewerage District Board Member,Position 3,Non-partisan,Election,2
ocd-division/country:us/state:or/special_district:netarts_oceanside_sanitary_district,Sewerage District Board Member,Position 4,Non-partisan,Election,4
ocd-division/country:us/state:or/special_district:netarts_oceanside_sanitary_district,Sewerage District Board Member,Position 5,Non-partisan,Election,4
ocd-division/country:us/state:or/special_district:netarts_water_district,Water Supply Utility District Board Member,Position 1,Non-partisan,Election,4
ocd-division/country:us/state:or/special_district:netarts_water_district,Water Supply Utility District Board Member,Position 2,Non-partisan,Election,4
ocd-division/country:us/state:or/special_district:netarts_water_district,Water Supply Utility District Board Member,Position 3,Non-partisan,Election,4
ocd-division/country:us/state:or/special_district:netarts_water_district,Water Supply Utility District Board Member,Position 4,Non-partisan,Election,4
ocd-division/country:us/state:or/special_district:netarts_water_district,Water Supply Utility District Board Member,Position 5,Non-partisan,Election,4
ocd-division/country:us/state:or/special_district:new_bridge_special_road_district,Highway District Board Member,Position 1,Non-partisan,Election,4
ocd-division/country:us/state:or/special_district:new_bridge_special_road_district,Highway District Board Member,Position 3,Non-partisan,Election,4
ocd-division/country:us/state:or/special_district:new_bridge_water_supply_district,Water Supply Utility District Board Member,,Non-partisan,Election,4
ocd-division/country:us/state:or/special_district:new_bridge_water_supply_district,Water Supply Utility District Board Member,,Non-partisan,Election,4
ocd-division/country:us/state:or/special_district:new_bridge_water_supply_district,Water Supply Utility District Board Member,,Non-partisan,Election,4
ocd-division/country:us/state:or/special_district:new_bridge_water_supply_district,Water Supply Utility District Board Member,,Non-partisan,Election,4
ocd-division/country:us/state:or/special_district:new_bridge_water_supply_district,Water Supply Utility District Board Member,,Non-partisan,Election,4
ocd-division/country:us/state:or/special_district:new_carlton_fire_district,Fire Protection District Board Member,Position 1,Non-partisan,Election,4
ocd-division/country:us/state:or/special_district:new_carlton_fire_district,Fire Protection District Board Member,Position 2,Non-partisan,Election,4
ocd-division/country:us/state:or/special_district:new_carlton_fire_district,Fire Protection District Board Member,Position 3,Non-partisan,Election,4
ocd-division/country:us/state:or/special_district:new_carlton_fire_district,Fire Protection District Board Member,Position 4,Non-partisan,Election,4
ocd-division/country:us/state:or/special_district:new_carlton_fire_district,Fire Protection District Board Member,Position 5,Non-partisan,Election,4
ocd-division/country:us/state:or/special_district:new_pine_creek_rural_fire_protection_district,Fire Protection District Board Member,Position 1,Non-partisan,Election,4
ocd-division/country:us/state:or/special_district:new_pine_creek_rural_fire_protection_district,Fire Protection District Board Member,Position 2,Non-partisan,Election,4
ocd-division/country:us/state:or/special_district:new_pine_creek_rural_fire_protection_district,Fire Protection District Board Member,Position 3,Non-partisan,Election,4
ocd-division/country:us/state:or/special_district:new_pine_creek_rural_fire_protection_district,Fire Protection District Board Member,Position 4,Non-partisan,Election,4
ocd-division/country:us/state:or/special_district:new_pine_creek_rural_fire_protection_district,Fire Protection District Board Member,Position 5,Non-partisan,Election,4
ocd-division/country:us/state:or/special_district:newport_rural_fire_protection_district,Fire Protection District Board Member,Position 1,Non-partisan,Election,4
ocd-division/country:us/state:or/special_district:newport_rural_fire_protection_district,Fire Protection District Board Member,Position 3,Non-partisan,Election,4
ocd-division/country:us/state:or/special_district:newport_rural_fire_protection_district,Fire Protection District Board Member,Position 4,Non-partisan,Election,4
ocd-division/country:us/state:or/special_district:newport_rural_fire_protection_district,Fire Protection District Board Member,Position 5,Non-partisan,Election,4
ocd-division/country:us/state:or/special_district:north_albany_rural_fire_protection_district,Fire Protection District Board Member,Position 1,Non-partisan,Election,4
ocd-division/country:us/state:or/special_district:north_albany_rural_fire_protection_district,Fire Protection District Board Member,Position 2,Non-partisan,Election,4
ocd-division/country:us/state:or/special_district:north_albany_rural_fire_protection_district,Fire Protection District Board Member,Position 3,Non-partisan,Election,4
ocd-division/country:us/state:or/special_district:north_albany_rural_fire_protection_district,Fire Protection District Board Member,Position 4,Non-partisan,Election,4
ocd-division/country:us/state:or/special_district:north_albany_rural_fire_protection_district,Fire Protection District Board Member,Position 5,Non-partisan,Election,4
ocd-division/country:us/state:or/special_district:north_bay_rural_fire_protection_district,Fire Protection District Board Member,Position 1,Non-partisan,Election,4
ocd-division/country:us/state:or/special_district:north_bay_rural_fire_protection_district,Fire Protection District Board Member,Position 2,Non-partisan,Election,4
ocd-division/country:us/state:or/special_district:north_bay_rural_fire_protection_district,Fire Protection District Board Member,Position 3,Non-partisan,Election,4
ocd-division/country:us/state:or/special_district:north_bay_rural_fire_protection_district,Fire Protection District Board Member,Position 4,Non-partisan,Election,4
ocd-division/country:us/state:or/special_district:north_bay_rural_fire_protection_district,Fire Protection District Board Member,Position 5,Non-partisan,Election,4
ocd-division/country:us/state:or/special_district:north_county_recreation_district,Parks and Recreation District Board Member,Position 1,Non-partisan,Election,4
ocd-division/country:us/state:or/special_district:north_county_recreation_district,Parks and Recreation District Board Member,Position 2,Non-partisan,Election,4
ocd-division/country:us/state:or/special_district:north_county_recreation_district,Parks and Recreation District Board Member,Position 3,Non-partisan,Election,4
ocd-division/country:us/state:or/special_district:north_county_recreation_district,Parks and Recreation District Board Member,Position 4,Non-partisan,Election,4
ocd-division/country:us/state:or/special_district:north_county_recreation_district,Parks and Recreation District Board Member,Position 5,Non-partisan,Election,4
ocd-division/country:us/state:or/special_district:north_douglas_county_fire_and_ems_district,Fire Protection District Board Member,,Non-partisan,Election,4
ocd-division/country:us/state:or/special_district:north_douglas_county_fire_and_ems_district,Fire Protection District Board Member,,Non-partisan,Election,4
ocd-division/country:us/state:or/special_district:north_douglas_county_fire_and_ems_district,Fire Protection District Board Member,,Non-partisan,Election,4
ocd-division/country:us/state:or/special_district:north_douglas_county_fire_and_ems_district,Fire Protection District Board Member,Position 2,Non-partisan,Election,4
ocd-division/country:us/state:or/special_district:north_douglas_county_fire_and_ems_district,Fire Protection District Board Member,Position 3,Non-partisan,Election,4
ocd-division/country:us/state:or/special_district:north_douglas_county_library_district,Library District Board Member,Position 1,Non-partisan,Election,4
ocd-division/country:us/state:or/special_district:north_douglas_county_library_district,Library District Board Member,Position 2,Non-partisan,Election,4
ocd-division/country:us/state:or/special_district:north_douglas_county_library_district,Library District Board Member,Position 3,Non-partisan,Election,4
ocd-division/country:us/state:or/special_district:north_douglas_county_library_district,Library District Board Member,Position 4,Non-partisan,Election,4
ocd-division/country:us/state:or/special_district:north_douglas_county_library_district,Library District Board Member,Position 5,Non-partisan,Election,4
ocd-division/country:us/state:or/special_district:north_douglas_county_parks_and_recreation_district,Parks and Recreation District Board Member,,Non-partisan,Election,4
ocd-division/country:us/state:or/special_district:north_douglas_county_parks_and_recreation_district,Parks and Recreation District Board Member,,Non-partisan,Election,4
ocd-division/country:us/state:or/special_district:north_douglas_county_parks_and_recreation_district,Parks and Recreation District Board Member,Position 1,Non-partisan,Election,4
ocd-division/country:us/state:or/special_district:north_douglas_county_parks_and_recreation_district,Parks and Recreation District Board Member,Position 2,Non-partisan,Election,4
ocd-division/country:us/state:or/special_district:north_douglas_county_parks_and_recreation_district,Parks and Recreation District Board Member,Position 3,Non-partisan,Election,4
ocd-division/country:us/state:or/special_district:north_douglas_county_parks_and_recreation_district,Parks and Recreation District Board Member,Position 4,Non-partisan,Election,4
ocd-division/country:us/state:or/special_district:north_gilliam_county_cemetery_district,Cemetery District Board Member,Position 1,Non-partisan,Election,4
ocd-division/country:us/state:or/special_district:north_gilliam_county_cemetery_district,Cemetery District Board Member,Position 2,Non-partisan,Election,4
ocd-division/country:us/state:or/special_district:north_gilliam_county_cemetery_district,Cemetery District Board Member,Position 3,Non-partisan,Election,4
ocd-division/country:us/state:or/special_district:north_gilliam_county_health_district,Health District Director,Position 1,Non-partisan,Election,4
ocd-division/country:us/state:or/special_district:north_gilliam_county_health_district,Health District Director,Position 2,Non-partisan,Election,2
ocd-division/country:us/state:or/special_district:north_gilliam_county_health_district,Health District Director,Position 3,Non-partisan,Election,2
ocd-division/country:us/state:or/special_district:north_gilliam_county_health_district,Health District Director,Position 4,Non-partisan,Election,2
ocd-division/country:us/state:or/special_district:north_gilliam_county_health_district,Health District Director,Position 5,Non-partisan,Election,2
ocd-division/country:us/state:or/special_district:north_lake_health_district,Emergency Communications District Board Member,,Non-partisan,Election,4
ocd-division/country:us/state:or/special_district:north_lake_health_district,Health District Director,Position 1,Non-partisan,Election,4
ocd-division/country:us/state:or/special_district:north_lake_health_district,Health District Director,Position 2,Non-partisan,Election,4
ocd-division/country:us/state:or/special_district:north_lake_health_district,Health District Director,Position 5,Non-partisan,Election,4
ocd-division/country:us/state:or/special_district:north_lincoln_fire_and_rescue_district_1,Fire Protection District Board Member,,Non-partisan,Election,4
ocd-division/country:us/state:or/special_district:north_lincoln_fire_and_rescue_district_1,Fire Protection District Board Member,,Non-partisan,Election,4
ocd-division/country:us/state:or/special_district:north_lincoln_fire_and_rescue_district_1,Fire Protection District Board Member,,Non-partisan,Election,4
ocd-division/country:us/state:or/special_district:north_lincoln_fire_and_rescue_district_1,Fire Protection District Board Member,Position 4,Non-partisan,Election,4
ocd-division/country:us/state:or/special_district:north_lincoln_fire_and_rescue_district_1,Fire Protection District Board Member,Position 5,Non-partisan,Election,4
ocd-division/country:us/state:or/special_district:north_lincoln_health_district,Hospital District Board Member,Position 1,Non-partisan,Election,4
ocd-division/country:us/state:or/special_district:north_lincoln_health_district,Hospital District Board Member,Position 2,Non-partisan,Election,4
ocd-division/country:us/state:or/special_district:north_lincoln_health_district,Hospital District Board Member,Position 3,Non-partisan,Election,4
ocd-division/country:us/state:or/special_district:north_lincoln_health_district,Hospital District Board Member,Position 4,Non-partisan,Election,4
ocd-division/country:us/state:or/special_district:north_lincoln_health_district,Hospital District Board Member,Position 5,Non-partisan,Election,4
ocd-division/country:us/state:or/special_district:north_lincoln_health_district,Hospital District Board Member,Position 6,Non-partisan,Election,4
ocd-division/country:us/state:or/special_district:north_lincoln_health_district,Hospital District Board Member,Position 7,Non-partisan,Election,4
ocd-division/country:us/state:or/special_district:north_powder_cemetery_district,Cemetery District Board Member,,Non-partisan,Election,4
ocd-division/country:us/state:or/special_district:north_powder_cemetery_district,Cemetery District Board Member,,Non-partisan,Election,4
ocd-division/country:us/state:or/special_district:north_sherman_county_rural_fire_protection_district,Fire Protection District Board Member,Position 1,Non-partisan,Election,4
ocd-division/country:us/state:or/special_district:north_sherman_county_rural_fire_protection_district,Fire Protection District Board Member,Position 4,Non-partisan,Election,4
ocd-division/country:us/state:or/special_district:north_sherman_county_rural_fire_protection_district,Fire Protection District Board Member,Position 4,Non-partisan,Election,4
ocd-division/country:us/state:or/special_district:north_sherman_county_rural_fire_protection_district,Fire Protection District Board Member,Position 5,Non-partisan,Election,4
ocd-division/country:us/state:or/special_district:north_unit_irrigation_district,Irrigation District Board Member,,Non-partisan,Election,4
ocd-division/country:us/state:or/special_district:north_unit_irrigation_district,Irrigation District Board Member,,Non-partisan,Election,4
ocd-division/country:us/state:or/special_district:north_unit_irrigation_district,Irrigation District Board Member,,Non-partisan,Election,4
ocd-division/country:us/state:or/special_district:north_unit_irrigation_district,Irrigation District Board Member,,Non-partisan,Election,4
ocd-division/country:us/state:or/special_district:north_unit_irrigation_district,Irrigation District Board Member,,Non-partisan,Election,4
ocd-division/country:us/state:or/special_district:north_wasco_county_parks_and_recreation_district,Parks and Recreation District Board Member,Position 1,Non-partisan,Election,4
ocd-division/country:us/state:or/special_district:north_wasco_county_parks_and_recreation_district,Parks and Recreation District Board Member,Position 2,Non-partisan,Election,4
ocd-division/country:us/state:or/special_district:north_wasco_county_parks_and_recreation_district,Parks and Recreation District Board Member,Position 3,Non-partisan,Election,4
ocd-division/country:us/state:or/special_district:north_wasco_county_parks_and_recreation_district,Parks and Recreation District Board Member,Position 4,Non-partisan,Election,4
ocd-division/country:us/state:or/special_district:north_wasco_county_parks_and_recreation_district,Parks and Recreation District Board Member,Position 5,Non-partisan,Election,4
ocd-division/country:us/state:or/special_district:northeast_wheeler_county_health_district,Health District Director,Position 2,Non-partisan,Election,4
ocd-division/country:us/state:or/special_district:northeast_wheeler_county_health_district,Health District Director,Position 3,Non-partisan,Election,4
ocd-division/country:us/state:or/special_district:northeast_wheeler_county_health_district,Health District Director,Position 4,Non-partisan,Election,4
ocd-division/country:us/state:or/special_district:northeast_wheeler_county_health_district,Health District Director,Position 5,Non-partisan,Election,4
ocd-division/country:us/state:or/special_district:northern_wasco_county_peoples_utilities_district/board_district:zone_1,Electric Power Utility District Board Member,,Non-partisan,Election,4
ocd-division/country:us/state:or/special_district:northern_wasco_county_peoples_utilities_district/board_district:zone_2,Electric Power Utility District Board Member,,Non-partisan,Election,4
ocd-division/country:us/state:or/special_district:northern_wasco_county_peoples_utilities_district/board_district:zone_3,Electric Power Utility District Board Member,,Non-partisan,Election,4
ocd-division/country:us/state:or/special_district:northern_wasco_county_peoples_utilities_district/board_district:zone_4,Electric Power Utility District Board Member,,Non-partisan,Election,4
ocd-division/country:us/state:or/special_district:northern_wasco_county_peoples_utilities_district/board_district:zone_5,Electric Power Utility District Board Member,,Non-partisan,Election,4
ocd-division/country:us/state:or/special_district:northwood_water_district,Water Supply Utility District Board Member,Position 1,Non-partisan,Election,4
ocd-division/country:us/state:or/special_district:northwood_water_district,Water Supply Utility District Board Member,Position 3,Non-partisan,Election,4
ocd-division/country:us/state:or/special_district:northwood_water_district,Water Supply Utility District Board Member,Position 4,Non-partisan,Election,4
ocd-division/country:us/state:or/special_district:nyssa_rural_fire_protection_district_1,Fire Protection District Board Member,Position 2,Non-partisan,Election,4
ocd-division/country:us/state:or/special_district:nyssa_rural_fire_protection_district_1,Fire Protection District Board Member,Position 4,Non-partisan,Election,4
ocd-division/country:us/state:or/special_district:oak_lodge_water_services_district,Water Supply Utility District Board Member,Position 1,Non-partisan,Election,4
ocd-division/country:us/state:or/special_district:oak_lodge_water_services_district,Water Supply Utility District Board Member,Position 2,Non-partisan,Election,4
ocd-division/country:us/state:or/special_district:oak_lodge_water_services_district,Water Supply Utility District Board Member,Position 3,Non-partisan,Election,4
ocd-division/country:us/state:or/special_district:oak_lodge_water_services_district,Water Supply Utility District Board Member,Position 4,Non-partisan,Election,4
ocd-division/country:us/state:or/special_district:oak_lodge_water_services_district,Water Supply Utility District Board Member,Position 5,Non-partisan,Election,4
ocd-division/country:us/state:or/special_district:oakland_rural_fire_protection_district,Fire Protection District Board Member,Position 1,Non-partisan,Election,4
ocd-division/country:us/state:or/special_district:oakland_rural_fire_protection_district,Fire Protection District Board Member,Position 2,Non-partisan,Election,4
ocd-division/country:us/state:or/special_district:oakland_rural_fire_protection_district,Fire Protection District Board Member,Position 3,Non-partisan,Election,4
ocd-division/country:us/state:or/special_district:oakville_community_park_and_recreation_district,Parks and Recreation District Board Member,Position 1,Non-partisan,Election,4
ocd-division/country:us/state:or/special_district:oakville_community_park_and_recreation_district,Parks and Recreation District Board Member,Position 5,Non-partisan,Election,4
ocd-division/country:us/state:or/special_district:oceanside_water_district,Water Supply Utility District Board Member,,Non-partisan,Election,4
ocd-division/country:us/state:or/special_district:oceanside_water_district,Water Supply Utility District Board Member,,Non-partisan,Election,4
ocd-division/country:us/state:or/special_district:oceanside_water_district,Water Supply Utility District Board Member,,Non-partisan,Election,4
ocd-division/country:us/state:or/special_district:oceanside_water_district,Water Supply Utility District Board Member,Position 1,Non-partisan,Election,4
ocd-division/country:us/state:or/special_district:oceanside_water_district,Water Supply Utility District Board Member,Position 5,Non-partisan,Election,4
ocd-division/country:us/state:or/special_district:ochoco_irrigation_district,Irrigation District Board Member,,Non-partisan,Election,4
ocd-division/country:us/state:or/special_district:ochoco_irrigation_district,Irrigation District Board Member,,Non-partisan,Election,4
ocd-division/country:us/state:or/special_district:ochoco_irrigation_district,Irrigation District Board Member,,Non-partisan,Election,4
ocd-division/country:us/state:or/special_district:ochoco_west_water_and_sanitary_authority,Sewerage and Water Supply District Board Member,Position 1,Non-partisan,Election,4
ocd-division/country:us/state:or/special_district:ochoco_west_water_and_sanitary_authority,Sewerage and Water Supply District Board Member,Position 5,Non-partisan,Election,4
ocd-division/country:us/state:or/special_district:ochoco_west_water_and_sanitary_authority,Sewerage and Water Supply District Board Member,Position 6,Non-partisan,Election,4
ocd-division/country:us/state:or/special_district:ochoco_west_water_and_sanitary_authority,Sewerage and Water Supply District Board Member,Position 7,Non-partisan,Election,4
ocd-division/country:us/state:or/special_district:odell_sanitary_district,Sewerage District Board Member,Position 1,Non-partisan,Election,4
ocd-division/country:us/state:or/special_district:odell_sanitary_district,Sewerage District Board Member,Position 2,Non-partisan,Election,4
ocd-division/country:us/state:or/special_district:odell_sanitary_district,Sewerage District Board Member,Position 3,Non-partisan,Election,4
ocd-division/country:us/state:or/special_district:olney_walluski_fire_and_rescue_district,Fire Protection District Board Member,Position 2,Non-partisan,Election,4
ocd-division/country:us/state:or/special_district:olney_walluski_fire_and_rescue_district,Fire Protection District Board Member,Position 5,Non-partisan,Election,4
ocd-division/country:us/state:or/special_district:ontario_library_district,Library District Board Member,Position 1,Non-partisan,Election,4
ocd-division/country:us/state:or/special_district:ontario_library_district,Library District Board Member,Position 2,Non-partisan,Election,4
ocd-division/country:us/state:or/special_district:ontario_library_district,Library District Board Member,Position 3,Non-partisan,Election,4
ocd-division/country:us/state:or/special_district:ontario_library_district,Library District Board Member,Position 4,Non-partisan,Election,4
ocd-division/country:us/state:or/special_district:ontario_library_district,Library District Board Member,Position 5,Non-partisan,Election,4
ocd-division/country:us/state:or/special_district:ontario_recreation_district,Parks and Recreation District Board Member,Position 1,Non-partisan,Election,4
ocd-division/country:us/state:or/special_district:ontario_recreation_district,Parks and Recreation District Board Member,Position 2,Non-partisan,Election,4
ocd-division/country:us/state:or/special_district:ontario_recreation_district,Parks and Recreation District Board Member,Position 3,Non-partisan,Election,4
ocd-division/country:us/state:or/special_district:ontario_rural_fire_protection_district,Fire Protection District Board Member,Position 1,Non-partisan,Election,4
ocd-division/country:us/state:or/special_district:ontario_rural_fire_protection_district,Fire Protection District Board Member,Position 3,Non-partisan,Election,4
ocd-division/country:us/state:or/special_district:ontario_rural_fire_protection_district,Fire Protection District Board Member,Position 5,Non-partisan,Election,4
ocd-division/country:us/state:or/special_district:ophir_rural_fire_protection_district,Fire Protection District Board Member,Position 1,Non-partisan,Election,4
ocd-division/country:us/state:or/special_district:ophir_rural_fire_protection_district,Fire Protection District Board Member,Position 2,Non-partisan,Election,4
ocd-division/country:us/state:or/special_district:ophir_rural_fire_protection_district,Fire Protection District Board Member,Position 4,Non-partisan,Election,4
ocd-division/country:us/state:or/special_district:oregon_trail_library_district,Library District Board Member,Position 1,Non-partisan,Election,4
ocd-division/country:us/state:or/special_district:oregon_trail_library_district,Library District Board Member,Position 2,Non-partisan,Election,4
ocd-division/country:us/state:or/special_district:oregon_trail_library_district,Library District Board Member,Position 3,Non-partisan,Election,4
ocd-division/country:us/state:or/special_district:oregon_trail_library_district,Library District Board Member,Position 4,Non-partisan,Election,4
ocd-division/country:us/state:or/special_district:oregon_trail_library_district,Library District Board Member,Position 5,Non-partisan,Election,4
ocd-division/country:us/state:or/special_district:oregon_water_wonderland_sanitary_district,Sewerage District Board Member,Position 1,Non-partisan,Election,4
ocd-division/country:us/state:or/special_district:oregon_water_wonderland_sanitary_district,Sewerage District Board Member,Position 2,Non-partisan,Election,4
ocd-division/country:us/state:or/special_district:oregon_water_wonderland_sanitary_district,Sewerage District Board Member,Position 3,Non-partisan,Election,4
ocd-division/country:us/state:or/special_district:oregon_water_wonderland_sanitary_district,Sewerage District Board Member,Position 4,Non-partisan,Election,4
ocd-division/country:us/state:or/special_district:oregon_water_wonderland_sanitary_district,Sewerage District Board Member,Position 5,Non-partisan,Election,4
ocd-division/country:us/state:or/special_district:otter_rock_water_district,Water Supply Utility District Board Member,Position 1,Non-partisan,Election,4
ocd-division/country:us/state:or/special_district:otter_rock_water_district,Water Supply Utility District Board Member,Position 2,Non-partisan,Election,4
ocd-division/country:us/state:or/special_district:otter_rock_water_district,Water Supply Utility District Board Member,Position 3,Non-partisan,Election,4
ocd-division/country:us/state:or/special_district:otter_rock_water_district,Water Supply Utility District Board Member,Position 4,Non-partisan,Election,4
ocd-division/country:us/state:or/special_district:owyhee_cemetery_maintenance_district,Cemetery District Board Member,,Non-partisan,Election,4
ocd-division/country:us/state:or/special_district:owyhee_cemetery_maintenance_district,Cemetery District Board Member,,Non-partisan,Election,4
ocd-division/country:us/state:or/special_district:pacific_city_joint_water_and_sewer_authority,Sewerage and Water Supply District Board Member,Position 1,Non-partisan,Election,4
ocd-division/country:us/state:or/special_district:pacific_city_joint_water_and_sewer_authority,Sewerage and Water Supply District Board Member,Position 2,Non-partisan,Election,4
ocd-division/country:us/state:or/special_district:pacific_city_joint_water_and_sewer_authority,Sewerage and Water Supply District Board Member,Position 3,Non-partisan,Election,4
ocd-division/country:us/state:or/special_district:pacific_city_joint_water_and_sewer_authority,Sewerage and Water Supply District Board Member,Position 4,Non-partisan,Election,4
ocd-division/country:us/state:or/special_district:pacific_city_joint_water_and_sewer_authority,Sewerage and Water Supply District Board Member,Position 5,Non-partisan,Election,4
ocd-division/country:us/state:or/special_district:pacific_communities_health_district,Hospital District Board Member,Position 1,Non-partisan,Election,4
ocd-division/country:us/state:or/special_district:pacific_communities_health_district,Hospital District Board Member,Position 2,Non-partisan,Election,4
ocd-division/country:us/state:or/special_district:pacific_communities_health_district,Hospital District Board Member,Position 3,Non-partisan,Election,4
ocd-division/country:us/state:or/special_district:pacific_communities_health_district,Hospital District Board Member,Position 4,Non-partisan,Election,4
ocd-division/country:us/state:or/special_district:pacific_communities_health_district,Hospital District Board Member,Position 5,Non-partisan,Election,4
ocd-division/country:us/state:or/special_district:palatine_hill_water_district,Water Supply Utility District Board Member,Position 1,Non-partisan,Election,4
ocd-division/country:us/state:or/special_district:palatine_hill_water_district,Water Supply Utility District Board Member,Position 2,Non-partisan,Election,4
ocd-division/country:us/state:or/special_district:palatine_hill_water_district,Water Supply Utility District Board Member,Position 3,Non-partisan,Election,4
ocd-division/country:us/state:or/special_district:palatine_hill_water_district,Water Supply Utility District Board Member,Position 4,Non-partisan,Election,4
ocd-division/country:us/state:or/special_district:palatine_hill_water_district,Water Supply Utility District Board Member,Position 5,Non-partisan,Election,4
ocd-division/country:us/state:or/special_district:palestine_rural_fire_protection_district,Fire Protection District Board Member,Position 2,Non-partisan,Election,4
ocd-division/country:us/state:or/special_district:palestine_rural_fire_protection_district,Fire Protection District Board Member,Position 5,Non-partisan,Election,4
ocd-division/country:us/state:or/special_district:panther_creek_special_road_district,Highway District Board Member,Position 2,Non-partisan,Election,4
ocd-division/country:us/state:or/special_district:panther_creek_water_district,Water Supply Utility District Board Member,Position 1,Non-partisan,Election,4
ocd-division/country:us/state:or/special_district:panther_creek_water_district,Water Supply Utility District Board Member,Position 2,Non-partisan,Election,4
ocd-division/country:us/state:or/special_district:panther_creek_water_district,Water Supply Utility District Board Member,Position 3,Non-partisan,Election,4
ocd-division/country:us/state:or/special_district:parkdale_rural_fire_protection_district,Fire Protection District Board Member,,Non-partisan,Election,4
ocd-division/country:us/state:or/special_district:parkdale_rural_fire_protection_district,Fire Protection District Board Member,,Non-partisan,Election,4
ocd-division/country:us/state:or/special_district:pedee_cemetery_maintenance_district,Cemetery District Board Member,Position 1,Non-partisan,Election,4
ocd-division/country:us/state:or/special_district:pedee_cemetery_maintenance_district,Cemetery District Board Member,Position 2,Non-partisan,Election,4
ocd-division/country:us/state:or/special_district:peninsula_drainage_district_1,Drainage District Board Member,,Non-partisan,Election,4
ocd-division/country:us/state:or/special_district:peninsula_drainage_district_1,Drainage District Board Member,,Non-partisan,Election,4
ocd-division/country:us/state:or/special_district:peninsula_drainage_district_1,Drainage District Board Member,,Non-partisan,Election,4
ocd-division/country:us/state:or/special_district:peninsula_drainage_district_1,Drainage District Board Member,,Non-partisan,Election,4
ocd-division/country:us/state:or/special_district:peninsula_drainage_district_1,Drainage District Board Member,,Non-partisan,Election,4
ocd-division/country:us/state:or/special_district:peninsula_drainage_district_2,Drainage District Board Member,,Non-partisan,Election,4
ocd-division/country:us/state:or/special_district:peninsula_drainage_district_2,Drainage District Board Member,,Non-partisan,Election,4
ocd-division/country:us/state:or/special_district:peninsula_drainage_district_2,Drainage District Board Member,,Non-partisan,Election,4
ocd-division/country:us/state:or/special_district:peninsula_drainage_district_2,Drainage District Board Member,,Non-partisan,Election,4
ocd-division/country:us/state:or/special_district:peninsula_drainage_district_2,Drainage District Board Member,,Non-partisan,Election,4
ocd-division/country:us/state:or/special_district:philomath_fire_and_rescue,Fire Protection District Board Member,Position 1,Non-partisan,Election,4
ocd-division/country:us/state:or/special_district:philomath_fire_and_rescue,Fire Protection District Board Member,Position 2,Non-partisan,Election,4
ocd-division/country:us/state:or/special_district:philomath_fire_and_rescue,Fire Protection District Board Member,Position 3,Non-partisan,Election,4
ocd-division/country:us/state:or/special_district:philomath_fire_and_rescue,Fire Protection District Board Member,Position 4,Non-partisan,Election,4
ocd-division/country:us/state:or/special_district:philomath_fire_and_rescue,Fire Protection District Board Member,Position 5,Non-partisan,Election,4
ocd-division/country:us/state:or/special_district:pilot_rock_parks_and_recreation_district,Parks and Recreation District Board Member,Position 3,Non-partisan,Election,4
ocd-division/country:us/state:or/special_district:pilot_rock_parks_and_recreation_district,Parks and Recreation District Board Member,Position 4,Non-partisan,Election,4
ocd-division/country:us/state:or/special_district:pilot_rock_parks_and_recreation_district,Parks and Recreation District Board Member,Position 5,Non-partisan,Election,4
ocd-division/country:us/state:or/special_district:pilot_rock_rural_fire_protection_district_7-401,Fire Protection District Board Member,Position 1,Non-partisan,Election,4
ocd-division/country:us/state:or/special_district:pine_eagle_health_district,Health District Director,Position 1,Non-partisan,Election,4
ocd-division/country:us/state:or/special_district:pine_eagle_health_district,Health District Director,Position 2,Non-partisan,Election,4
ocd-division/country:us/state:or/special_district:pine_eagle_health_district,Health District Director,Position 4,Non-partisan,Election,4
ocd-division/country:us/state:or/special_district:pine_grove_water_district,Water Supply Utility District Board Member,Position 3,Non-partisan,Election,4
ocd-division/country:us/state:or/special_district:pine_grove_water_district,Water Supply Utility District Board Member,Position 4,Non-partisan,Election,4
ocd-division/country:us/state:or/special_district:pine_valley_cemetery_maintenance_district,Cemetery District Board Member,,Non-partisan,Election,4
ocd-division/country:us/state:or/special_district:pine_valley_cemetery_maintenance_district,Cemetery District Board Member,,Non-partisan,Election,4
ocd-division/country:us/state:or/special_district:pine_valley_rural_fire_protection_district,Fire Protection District Board Member,,Non-partisan,Election,4
ocd-division/country:us/state:or/special_district:pine_valley_rural_fire_protection_district,Fire Protection District Board Member,,Non-partisan,Election,4
ocd-division/country:us/state:or/special_district:pine_valley_rural_fire_protection_district,Fire Protection District Board Member,,Non-partisan,Election,4
ocd-division/country:us/state:or/special_district:pine_valley_rural_fire_protection_district,Fire Protection District Board Member,,Non-partisan,Election,4
ocd-division/country:us/state:or/special_district:pine_valley_rural_fire_protection_district,Fire Protection District Board Member,,Non-partisan,Election,4
ocd-division/country:us/state:or/special_district:pioneer_nursing_home_hospital_district,Health District Director,Position 1,Non-partisan,Election,4
ocd-division/country:us/state:or/special_district:pioneer_nursing_home_hospital_district,Health District Director,Position 2,Non-partisan,Election,4
ocd-division/country:us/state:or/special_district:pistol_river_cemetery_maintenance_district,Cemetery District Board Member,Position 2,Non-partisan,Election,4
ocd-division/country:us/state:or/special_district:pistol_river_fire_district,Fire Protection District Board Member,Position 1,Non-partisan,Election,4
ocd-division/country:us/state:or/special_district:pistol_river_fire_district,Fire Protection District Board Member,Position 2,Non-partisan,Election,4
ocd-division/country:us/state:or/special_district:pistol_river_fire_district,Fire Protection District Board Member,Position 3,Non-partisan,Election,4
ocd-division/country:us/state:or/special_district:pistol_river_fire_district,Fire Protection District Board Member,Position 4,Non-partisan,Election,4
ocd-division/country:us/state:or/special_district:pleasant_hill_rural_fire_protection_district,Fire Protection District Board Member,Position 1,Non-partisan,Election,4
ocd-division/country:us/state:or/special_district:pleasant_hill_rural_fire_protection_district,Fire Protection District Board Member,Position 2,Non-partisan,Election,4
ocd-division/country:us/state:or/special_district:pleasant_hill_rural_fire_protection_district,Fire Protection District Board Member,Position 3,Non-partisan,Election,4
ocd-division/country:us/state:or/special_district:pleasant_hill_rural_fire_protection_district,Fire Protection District Board Member,Position 4,Non-partisan,Election,2
ocd-division/country:us/state:or/special_district:pleasant_hill_rural_fire_protection_district,Fire Protection District Board Member,Position 5,Non-partisan,Election,4
ocd-division/country:us/state:or/special_district:pleasant_home_water_district,Water Supply Utility District Board Member,Position 1,Non-partisan,Election,4
ocd-division/country:us/state:or/special_district:pleasant_home_water_district,Water Supply Utility District Board Member,Position 2,Non-partisan,Election,4
ocd-division/country:us/state:or/special_district:pleasant_home_water_district,Water Supply Utility District Board Member,Position 3,Non-partisan,Election,4
ocd-division/country:us/state:or/special_district:pleasant_home_water_district,Water Supply Utility District Board Member,Position 4,Non-partisan,Election,4
ocd-division/country:us/state:or/special_district:pleasant_home_water_district,Water Supply Utility District Board Member,Position 5,Non-partisan,Election,4
ocd-division/country:us/state:or/special_district:polk_county_rural_fire_protection_district_1,Fire Protection District Board Member,,Non-partisan,Election,4
ocd-division/country:us/state:or/special_district:polk_county_rural_fire_protection_district_1,Fire Protection District Board Member,,Non-partisan,Election,4
ocd-division/country:us/state:or/special_district:polk_county_rural_fire_protection_district_1,Fire Protection District Board Member,,Non-partisan,Election,4
ocd-division/country:us/state:or/special_district:polk_county_rural_fire_protection_district_1,Fire Protection District Board Member,Position 1,Non-partisan,Election,4
ocd-division/country:us/state:or/special_district:polk_county_rural_fire_protection_district_1,Fire Protection District Board Member,Position 2,Non-partisan,Election,4
ocd-division/country:us/state:or/special_district:polk_county_soil_and_water_conservation_district,Soil and Water Conservation District Board Member,Position 1,Non-partisan,Election,4
ocd-division/country:us/state:or/special_district:polk_county_soil_and_water_conservation_district,Soil and Water Conservation District Board Member,Position 2,Non-partisan,Election,4
ocd-division/country:us/state:or/special_district:polk_county_soil_and_water_conservation_district/board_district:zone_1,Soil and Water Conservation District Board Member,,Non-partisan,Election,4
ocd-division/country:us/state:or/special_district:polk_county_soil_and_water_conservation_district/board_district:zone_2,Soil and Water Conservation District Board Member,,Non-partisan,Election,4
ocd-division/country:us/state:or/special_district:polk_county_soil_and_water_conservation_district/board_district:zone_3,Soil and Water Conservation District Board Member,,Non-partisan,Election,4
ocd-division/country:us/state:or/special_district:polk_county_soil_and_water_conservation_district/board_district:zone_4,Soil and Water Conservation District Board Member,,Non-partisan,Election,4
ocd-division/country:us/state:or/special_district:polk_county_soil_and_water_conservation_district/board_district:zone_5,Soil and Water Conservation District Board Member,,Non-partisan,Election,4
ocd-division/country:us/state:or/special_district:port_of_alsea,Port District Board Member,,Non-partisan,Election,4
ocd-division/country:us/state:or/special_district:port_of_alsea,Port District Board Member,,Non-partisan,Election,4
ocd-division/country:us/state:or/special_district:port_of_alsea,Port District Board Member,Position 1,Non-partisan,Election,4
ocd-division/country:us/state:or/special_district:port_of_alsea,Port District Board Member,Position 3,Non-partisan,Election,4
ocd-division/country:us/state:or/special_district:port_of_alsea,Port District Board Member,Position 5,Non-partisan,Election,4
ocd-division/country:us/state:or/special_district:port_of_arlington,Port District Board Member,,Non-partisan,Election,4
ocd-division/country:us/state:or/special_district:port_of_arlington,Port District Board Member,,Non-partisan,Election,4
ocd-division/country:us/state:or/special_district:port_of_arlington,Port District Board Member,,Non-partisan,Election,4
ocd-division/country:us/state:or/special_district:port_of_arlington,Port District Board Member,,Non-partisan,Election,4
ocd-division/country:us/state:or/special_district:port_of_arlington,Port District Board Member,,Non-partisan,Election,4
ocd-division/country:us/state:or/special_district:port_of_astoria,Port District Board Member,Position 1,Non-partisan,Election,4
ocd-division/country:us/state:or/special_district:port_of_astoria,Port District Board Member,Position 2,Non-partisan,Election,4
ocd-division/country:us/state:or/special_district:port_of_astoria,Port District Board Member,Position 3,Non-partisan,Election,4
ocd-division/country:us/state:or/special_district:port_of_astoria,Port District Board Member,Position 4,Non-partisan,Election,4
ocd-division/country:us/state:or/special_district:port_of_astoria,Port District Board Member,Position 5,Non-partisan,Election,4
ocd-division/country:us/state:or/special_district:port_of_bandon,Port District Board Member,Position 1,Non-partisan,Election,4
ocd-division/country:us/state:or/special_district:port_of_bandon,Port District Board Member,Position 2,Non-partisan,Election,4
ocd-division/country:us/state:or/special_district:port_of_bandon,Port District Board Member,Position 3,Non-partisan,Election,4
ocd-division/country:us/state:or/special_district:port_of_bandon,Port District Board Member,Position 4,Non-partisan,Election,4
ocd-division/country:us/state:or/special_district:port_of_bandon,Port District Board Member,Position 5,Non-partisan,Election,4
ocd-division/country:us/state:or/special_district:port_of_brookings_harbor,Port District Board Member,Position 1,Non-partisan,Election,4
ocd-division/country:us/state:or/special_district:port_of_brookings_harbor,Port District Board Member,Position 2,Non-partisan,Election,4
ocd-division/country:us/state:or/special_district:port_of_brookings_harbor,Port District Board Member,Position 3,Non-partisan,Election,4
ocd-division/country:us/state:or/special_district:port_of_brookings_harbor,Port District Board Member,Position 4,Non-partisan,Election,4
ocd-division/country:us/state:or/special_district:port_of_brookings_harbor,Port District Board Member,Position 5,Non-partisan,Election,4
ocd-division/country:us/state:or/special_district:port_of_cascade_locks,Highway District Board Member,Position 1,Non-partisan,Election,4
ocd-division/country:us/state:or/special_district:port_of_cascade_locks,Highway District Board Member,Position 2,Non-partisan,Election,4
ocd-division/country:us/state:or/special_district:port_of_cascade_locks,Highway District Board Member,Position 3,Non-partisan,Election,4
ocd-division/country:us/state:or/special_district:port_of_cascade_locks,Highway District Board Member,Position 4,Non-partisan,Election,4
ocd-division/country:us/state:or/special_district:port_of_cascade_locks,Highway District Board Member,Position 5,Non-partisan,Election,4
ocd-division/country:us/state:or/special_district:port_of_cascade_locks,Port District Board Member,Position 4,Non-partisan,Election,4
ocd-division/country:us/state:or/special_district:port_of_cascade_locks,Port District Board Member,Position 5,Non-partisan,Election,4
ocd-division/country:us/state:or/special_district:port_of_columbia_county,Port District Board Member,Position 1,Non-partisan,Election,4
ocd-division/country:us/state:or/special_district:port_of_columbia_county,Port District Board Member,Position 2,Non-partisan,Election,4
ocd-division/country:us/state:or/special_district:port_of_columbia_county,Port District Board Member,Position 3,Non-partisan,Election,4
ocd-division/country:us/state:or/special_district:port_of_columbia_county,Port District Board Member,Position 4,Non-partisan,Election,4
ocd-division/country:us/state:or/special_district:port_of_columbia_county,Port District Board Member,Position 5,Non-partisan,Election,4
ocd-division/country:us/state:or/special_district:port_of_garibaldi,Port District Board Member,,Non-partisan,Election,4
ocd-division/country:us/state:or/special_district:port_of_garibaldi,Port District Board Member,,Non-partisan,Election,4
ocd-division/country:us/state:or/special_district:port_of_garibaldi,Port District Board Member,Position 1,Non-partisan,Election,4
ocd-division/country:us/state:or/special_district:port_of_garibaldi,Port District Board Member,Position 2,Non-partisan,Election,4
ocd-division/country:us/state:or/special_district:port_of_garibaldi,Port District Board Member,Position 4,Non-partisan,Election,4
ocd-division/country:us/state:or/special_district:port_of_gold_beach,Port District Board Member,Position 1,Non-partisan,Election,4
ocd-division/country:us/state:or/special_district:port_of_gold_beach,Port District Board Member,Position 3,Non-partisan,Election,4
ocd-division/country:us/state:or/special_district:port_of_gold_beach,Port District Board Member,Position 4,Non-partisan,Election,4
ocd-division/country:us/state:or/special_district:port_of_hood_river,Port District Board Member,Position 1,Non-partisan,Election,4
ocd-division/country:us/state:or/special_district:port_of_hood_river,Port District Board Member,Position 2,Non-partisan,Election,4
ocd-division/country:us/state:or/special_district:port_of_hood_river,Port District Board Member,Position 3,Non-partisan,Election,4
ocd-division/country:us/state:or/special_district:port_of_hood_river,Port District Board Member,Position 4,Non-partisan,Election,4
ocd-division/country:us/state:or/special_district:port_of_hood_river,Port District Board Member,Position 5,Non-partisan,Election,4
ocd-division/country:us/state:or/special_district:port_of_morrow,Port District Board Member,Position 1,Non-partisan,Election,4
ocd-division/country:us/state:or/special_district:port_of_morrow,Port District Board Member,Position 2,Non-partisan,Election,4
ocd-division/country:us/state:or/special_district:port_of_morrow,Port District Board Member,Position 3,Non-partisan,Election,4
ocd-division/country:us/state:or/special_district:port_of_morrow,Port District Board Member,Position 4,Non-partisan,Election,4
ocd-division/country:us/state:or/special_district:port_of_morrow,Port District Board Member,Position 5,Non-partisan,Election,4
ocd-division/country:us/state:or/special_district:port_of_nehalem,Port District Board Member,Position 1,Non-partisan,Election,4
ocd-division/country:us/state:or/special_district:port_of_nehalem,Port District Board Member,Position 2,Non-partisan,Election,4
ocd-division/country:us/state:or/special_district:port_of_nehalem,Port District Board Member,Position 3,Non-partisan,Election,4
ocd-division/country:us/state:or/special_district:port_of_nehalem,Port District Board Member,Position 4,Non-partisan,Election,4
ocd-division/country:us/state:or/special_district:port_of_nehalem,Port District Board Member,Position 5,Non-partisan,Election,4
ocd-division/country:us/state:or/special_district:port_of_newport,Port District Board Member,Position 1,Non-partisan,Election,4
ocd-division/country:us/state:or/special_district:port_of_newport,Port District Board Member,Position 2,Non-partisan,Election,4
ocd-division/country:us/state:or/special_district:port_of_newport,Port District Board Member,Position 3,Non-partisan,Election,4
ocd-division/country:us/state:or/special_district:port_of_newport,Port District Board Member,Position 4,Non-partisan,Election,4
ocd-division/country:us/state:or/special_district:port_of_newport,Port District Board Member,Position 5,Non-partisan,Election,4
ocd-division/country:us/state:or/special_district:port_of_port_orford,Port District Board Member,Position 1,Non-partisan,Election,4
ocd-division/country:us/state:or/special_district:port_of_port_orford,Port District Board Member,Position 2,Non-partisan,Election,4
ocd-division/country:us/state:or/special_district:port_of_port_orford,Port District Board Member,Position 3,Non-partisan,Election,4
ocd-division/country:us/state:or/special_district:port_of_siuslaw,Port District Board Member,Position 1,Non-partisan,Election,4
ocd-division/country:us/state:or/special_district:port_of_siuslaw,Port District Board Member,Position 2,Non-partisan,Election,4
ocd-division/country:us/state:or/special_district:port_of_siuslaw,Port District Board Member,Position 3,Non-partisan,Election,4
ocd-division/country:us/state:or/special_district:port_of_siuslaw,Port District Board Member,Position 4,Non-partisan,Election,4
ocd-division/country:us/state:or/special_district:port_of_siuslaw,Port District Board Member,Position 5,Non-partisan,Election,4
ocd-division/country:us/state:or/special_district:port_of_the_dalles,Port District Board Member,Position 1,Non-partisan,Election,4
ocd-division/country:us/state:or/special_district:port_of_the_dalles,Port District Board Member,Position 2,Non-partisan,Election,4
ocd-division/country:us/state:or/special_district:port_of_the_dalles,Port District Board Member,Position 3,Non-partisan,Election,4
ocd-division/country:us/state:or/special_district:port_of_the_dalles,Port District Board Member,Position 4,Non-partisan,Election,4
ocd-division/country:us/state:or/special_district:port_of_the_dalles,Port District Board Member,Position 5,Non-partisan,Election,4
ocd-division/country:us/state:or/special_district:port_of_tillamook_bay,Port District Board Member,Position 1,Non-partisan,Election,4
ocd-division/country:us/state:or/special_district:port_of_tillamook_bay,Port District Board Member,Position 2,Non-partisan,Election,4
ocd-division/country:us/state:or/special_district:port_of_tillamook_bay,Port District Board Member,Position 3,Non-partisan,Election,4
ocd-division/country:us/state:or/special_district:port_of_tillamook_bay,Port District Board Member,Position 4,Non-partisan,Election,4
ocd-division/country:us/state:or/special_district:port_of_tillamook_bay,Port District Board Member,Position 5,Non-partisan,Election,4
ocd-division/country:us/state:or/special_district:port_of_toledo,Port District Board Member,Position 1,Non-partisan,Election,4
ocd-division/country:us/state:or/special_district:port_of_toledo,Port District Board Member,Position 2,Non-partisan,Election,4
ocd-division/country:us/state:or/special_district:port_of_toledo,Port District Board Member,Position 3,Non-partisan,Election,4
ocd-division/country:us/state:or/special_district:port_of_toledo,Port District Board Member,Position 4,Non-partisan,Election,4
ocd-division/country:us/state:or/special_district:port_of_toledo,Port District Board Member,Position 5,Non-partisan,Election,4
ocd-division/country:us/state:or/special_district:port_of_umatilla,Port District Board Member,Position 1,Non-partisan,Election,4
ocd-division/country:us/state:or/special_district:port_of_umatilla,Port District Board Member,Position 2,Non-partisan,Election,4
ocd-division/country:us/state:or/special_district:port_of_umatilla,Port District Board Member,Position 3,Non-partisan,Election,4
ocd-division/country:us/state:or/special_district:port_of_umatilla,Port District Board Member,Position 4,Non-partisan,Election,4
ocd-division/country:us/state:or/special_district:port_of_umatilla,Port District Board Member,Position 5,Non-partisan,Election,4
ocd-division/country:us/state:or/special_district:port_of_umpqua,Port District Board Member,Position 1,Non-partisan,Election,4
ocd-division/country:us/state:or/special_district:port_of_umpqua,Port District Board Member,Position 2,Non-partisan,Election,4
ocd-division/country:us/state:or/special_district:port_of_umpqua,Port District Board Member,Position 3,Non-partisan,Election,4
ocd-division/country:us/state:or/special_district:port_of_umpqua,Port District Board Member,Position 4,Non-partisan,Election,4
ocd-division/country:us/state:or/special_district:port_of_umpqua,Port District Board Member,Position 5,Non-partisan,Election,4
ocd-division/country:us/state:or/special_district:port_orford_public_library_district,Library District Board Member,Position 1,Non-partisan,Election,4
ocd-division/country:us/state:or/special_district:port_orford_public_library_district,Library District Board Member,Position 2,Non-partisan,Election,4
ocd-division/country:us/state:or/special_district:port_orford_public_library_district,Library District Board Member,Position 3,Non-partisan,Election,4
ocd-division/country:us/state:or/special_district:port_orford_public_library_district,Library District Board Member,Position 4,Non-partisan,Election,4
ocd-division/country:us/state:or/special_district:port_orford_public_library_district,Library District Board Member,Position 5,Non-partisan,Election,4
ocd-division/country:us/state:or/special_district:port_orford_rural_fire_protection_district,Fire Protection District Board Member,Position 1,Non-partisan,Election,4
ocd-division/country:us/state:or/special_district:port_orford_rural_fire_protection_district,Fire Protection District Board Member,Position 2,Non-partisan,Election,4
ocd-division/country:us/state:or/special_district:port_orford_rural_fire_protection_district,Fire Protection District Board Member,Position 3,Non-partisan,Election,4
ocd-division/country:us/state:or/special_district:port_orford_rural_fire_protection_district,Fire Protection District Board Member,Position 4,Non-partisan,Election,4
ocd-division/country:us/state:or/special_district:port_orford_rural_fire_protection_district,Fire Protection District Board Member,Position 5,Non-partisan,Election,4
ocd-division/country:us/state:or/special_district:powder_river_rural_fire_protection_district/board_district:zone_1,Fire Protection District Board Member,,Non-partisan,Election,4
ocd-division/country:us/state:or/special_district:powder_river_rural_fire_protection_district/board_district:zone_2,Fire Protection District Board Member,,Non-partisan,Election,4
ocd-division/country:us/state:or/special_district:powder_river_rural_fire_protection_district/board_district:zone_3,Fire Protection District Board Member,,Non-partisan,Election,4
ocd-division/country:us/state:or/special_district:powder_river_rural_fire_protection_district/board_district:zone_4,Fire Protection District Board Member,,Non-partisan,Election,4
ocd-division/country:us/state:or/special_district:powder_river_rural_fire_protection_district/board_district:zone_5,Fire Protection District Board Member,,Non-partisan,Election,4
ocd-division/country:us/state:or/special_district:powder_rural_fire_protection_district,Fire Protection District Board Member,Position 1,Non-partisan,Election,4
ocd-division/country:us/state:or/special_district:powder_rural_fire_protection_district,Fire Protection District Board Member,Position 2,Non-partisan,Election,4
ocd-division/country:us/state:or/special_district:powder_rural_fire_protection_district,Fire Protection District Board Member,Position 3,Non-partisan,Election,4
ocd-division/country:us/state:or/special_district:powder_rural_fire_protection_district,Fire Protection District Board Member,Position 4,Non-partisan,Election,4
ocd-division/country:us/state:or/special_district:powder_rural_fire_protection_district,Fire Protection District Board Member,Position 5,Non-partisan,Election,4
ocd-division/country:us/state:or/special_district:powder_valley_water_control_district,Irrigation District Board Member,Position 1,Non-partisan,Election,4
ocd-division/country:us/state:or/special_district:powder_valley_water_control_district,Irrigation District Board Member,Position 2,Non-partisan,Election,4
ocd-division/country:us/state:or/special_district:powder_valley_water_control_district,Irrigation District Board Member,Position 3,Non-partisan,Election,4
ocd-division/country:us/state:or/special_district:powder_valley_water_control_district,Irrigation District Board Member,Position 4,Non-partisan,Election,4
ocd-division/country:us/state:or/special_district:powder_valley_water_control_district,Irrigation District Board Member,Position 5,Non-partisan,Election,4
ocd-division/country:us/state:or/special_district:powder_valley_water_control_district,Irrigation District Board Member,Position 6,Non-partisan,Election,4
ocd-division/country:us/state:or/special_district:powder_valley_water_control_district,Irrigation District Board Member,Position 7,Non-partisan,Election,4
ocd-division/country:us/state:or/special_district:powers_health_district,Health District Director,Position 1,Non-partisan,Election,4
ocd-division/country:us/state:or/special_district:powers_health_district,Health District Director,Position 2,Non-partisan,Election,4
ocd-division/country:us/state:or/special_district:powers_health_district,Health District Director,Position 3,Non-partisan,Election,4
ocd-division/country:us/state:or/special_district:powers_health_district,Health District Director,Position 4,Non-partisan,Election,4
ocd-division/country:us/state:or/special_district:powers_health_district,Health District Director,Position 5,Non-partisan,Election,4
ocd-division/country:us/state:or/special_district:prairie_cemetery_maintenance_district,Cemetery District Board Member,,Non-partisan,Election,4
ocd-division/country:us/state:or/special_district:prairie_city_rural_fire_protection_district,Fire Protection District Board Member,,Non-partisan,Election,4
ocd-division/country:us/state:or/special_district:prospect_rural_fire_protection_district,Fire Protection District Board Member,Position 1,Non-partisan,Election,4
ocd-division/country:us/state:or/special_district:prospect_rural_fire_protection_district,Fire Protection District Board Member,Position 2,Non-partisan,Election,4
ocd-division/country:us/state:or/special_district:prospect_rural_fire_protection_district,Fire Protection District Board Member,Position 3,Non-partisan,Election,4
ocd-division/country:us/state:or/special_district:prospect_rural_fire_protection_district,Fire Protection District Board Member,Position 4,Non-partisan,Election,4
ocd-division/country:us/state:or/special_district:prospect_rural_fire_protection_district,Fire Protection District Board Member,Position 5,Non-partisan,Election,2
ocd-division/country:us/state:or/special_district:raccoon_road_district,Highway District Board Member,Position 2,Non-partisan,Election,4
ocd-division/country:us/state:or/special_district:raccoon_road_district,Highway District Board Member,Position 3,Non-partisan,Election,4
ocd-division/country:us/state:or/special_district:rainbow_water_and_fire_district,Water Supply Utility District Board Member,Position 1,Non-partisan,Election,4
ocd-division/country:us/state:or/special_district:rainbow_water_and_fire_district,Water Supply Utility District Board Member,Position 2,Non-partisan,Election,4
ocd-division/country:us/state:or/special_district:rainbow_water_and_fire_district,Water Supply Utility District Board Member,Position 3,Non-partisan,Election,4
ocd-division/country:us/state:or/special_district:rainbow_water_and_fire_district,Water Supply Utility District Board Member,Position 4,Non-partisan,Election,4
ocd-division/country:us/state:or/special_district:rainbow_water_and_fire_district,Water Supply Utility District Board Member,Position 5,Non-partisan,Election,4
ocd-division/country:us/state:or/special_district:rainier_cemetery_district,Cemetery District Board Member,Position 1,Non-partisan,Election,4
ocd-division/country:us/state:or/special_district:rainier_cemetery_district,Cemetery District Board Member,Position 3,Non-partisan,Election,4
ocd-division/country:us/state:or/special_district:rainier_cemetery_district,Cemetery District Board Member,Position 4,Non-partisan,Election,4
ocd-division/country:us/state:or/special_district:rainier_cemetery_district,Cemetery District Board Member,Position 5,Non-partisan,Election,4
ocd-division/country:us/state:or/special_district:raleigh_water_district,Water Supply Utility District Board Member,Position 1,Non-partisan,Election,4
ocd-division/country:us/state:or/special_district:raleigh_water_district,Water Supply Utility District Board Member,Position 2,Non-partisan,Election,4
ocd-division/country:us/state:or/special_district:raleigh_water_district,Water Supply Utility District Board Member,Position 3,Non-partisan,Election,4
ocd-division/country:us/state:or/special_district:raleigh_water_district,Water Supply Utility District Board Member,Position 4,Non-partisan,Election,4
ocd-division/country:us/state:or/special_district:raleigh_water_district,Water Supply Utility District Board Member,Position 5,Non-partisan,Election,4
ocd-division/country:us/state:or/special_district:redmond_area_park_and_recreation_district,Parks and Recreation District Board Member,Position 1,Non-partisan,Election,4
ocd-division/country:us/state:or/special_district:redmond_area_park_and_recreation_district,Parks and Recreation District Board Member,Position 2,Non-partisan,Election,4
ocd-division/country:us/state:or/special_district:redmond_area_park_and_recreation_district,Parks and Recreation District Board Member,Position 3,Non-partisan,Election,4
ocd-division/country:us/state:or/special_district:redmond_area_park_and_recreation_district,Parks and Recreation District Board Member,Position 4,Non-partisan,Election,4
ocd-division/country:us/state:or/special_district:redmond_area_park_and_recreation_district,Parks and Recreation District Board Member,Position 5,Non-partisan,Election,4
ocd-division/country:us/state:or/special_district:redmond_fire_and_rescue_district,Fire Protection District Board Member,Position 1,Non-partisan,Election,4
ocd-division/country:us/state:or/special_district:redmond_fire_and_rescue_district,Fire Protection District Board Member,Position 2,Non-partisan,Election,4
ocd-division/country:us/state:or/special_district:redmond_fire_and_rescue_district,Fire Protection District Board Member,Position 3,Non-partisan,Election,4
ocd-division/country:us/state:or/special_district:redmond_fire_and_rescue_district,Fire Protection District Board Member,Position 4,Non-partisan,Election,4
ocd-division/country:us/state:or/special_district:redmond_fire_and_rescue_district,Fire Protection District Board Member,Position 5,Non-partisan,Election,4
ocd-division/country:us/state:or/special_district:riddle_cemetery_maintenance_district,Cemetery District Board Member,Position 1,Non-partisan,Election,4
ocd-division/country:us/state:or/special_district:riddle_rural_fire_protection_district,Fire Protection District Board Member,Position 1,Non-partisan,Election,4
ocd-division/country:us/state:or/special_district:riddle_rural_fire_protection_district,Fire Protection District Board Member,Position 2,Non-partisan,Election,4
ocd-division/country:us/state:or/special_district:riddle_rural_fire_protection_district,Fire Protection District Board Member,Position 3,Non-partisan,Election,4
ocd-division/country:us/state:or/special_district:riddle_rural_fire_protection_district,Fire Protection District Board Member,Position 4,Non-partisan,Election,4
ocd-division/country:us/state:or/special_district:riddle_rural_fire_protection_district,Fire Protection District Board Member,Position 5,Non-partisan,Election,4
ocd-division/country:us/state:or/special_district:ridgewood_water_district,Irrigation District Board Member,Position 1,Non-partisan,Election,4
ocd-division/country:us/state:or/special_district:ridgewood_water_district,Irrigation District Board Member,Position 2,Non-partisan,Election,4
ocd-division/country:us/state:or/special_district:ridgewood_water_district,Irrigation District Board Member,Position 3,Non-partisan,Election,4
ocd-division/country:us/state:or/special_district:ridgewood_water_district,Irrigation District Board Member,Position 4,Non-partisan,Election,4
ocd-division/country:us/state:or/special_district:ridgewood_water_district,Irrigation District Board Member,Position 5,Non-partisan,Election,4
ocd-division/country:us/state:or/special_district:rieth_sanitary_district,Sewerage and Water Supply District Board Member,Position 1,Non-partisan,Election,4
ocd-division/country:us/state:or/special_district:rieth_sanitary_district,Sewerage and Water Supply District Board Member,Position 2,Non-partisan,Election,4
ocd-division/country:us/state:or/special_district:rieth_sanitary_district,Sewerage and Water Supply District Board Member,Position 3,Non-partisan,Election,4
ocd-division/country:us/state:or/special_district:rieth_sanitary_district,Sewerage and Water Supply District Board Member,Position 4,Non-partisan,Election,4
ocd-division/country:us/state:or/special_district:rieth_sanitary_district,Sewerage and Water Supply District Board Member,Position 5,Non-partisan,Election,4
ocd-division/country:us/state:or/special_district:rieth_water_supply_district,Water Supply Utility District Board Member,Position 1,Non-partisan,Election,4
ocd-division/country:us/state:or/special_district:rieth_water_supply_district,Water Supply Utility District Board Member,Position 2,Non-partisan,Election,4
ocd-division/country:us/state:or/special_district:rieth_water_supply_district,Water Supply Utility District Board Member,Position 3,Non-partisan,Election,4
ocd-division/country:us/state:or/special_district:rieth_water_supply_district,Water Supply Utility District Board Member,Position 4,Non-partisan,Election,4
ocd-division/country:us/state:or/special_district:rieth_water_supply_district,Water Supply Utility District Board Member,Position 5,Non-partisan,Election,4
ocd-division/country:us/state:or/special_district:rink_creek_water_district,Water Supply Utility District Board Member,Position 4,Non-partisan,Election,4
ocd-division/country:us/state:or/special_district:rink_creek_water_district,Water Supply Utility District Board Member,Position 5,Non-partisan,Election,4
ocd-division/country:us/state:or/special_district:river_road_parks_and_recreation_district,Parks and Recreation District Board Member,,Non-partisan,Election,4
ocd-division/country:us/state:or/special_district:river_road_parks_and_recreation_district,Parks and Recreation District Board Member,,Non-partisan,Election,4
ocd-division/country:us/state:or/special_district:river_road_parks_and_recreation_district,Parks and Recreation District Board Member,Position 3,Non-partisan,Election,4
ocd-division/country:us/state:or/special_district:river_road_parks_and_recreation_district,Parks and Recreation District Board Member,Position 4,Non-partisan,Election,4
ocd-division/country:us/state:or/special_district:river_road_parks_and_recreation_district,Parks and Recreation District Board Member,Position 5,Non-partisan,Election,4
ocd-division/country:us/state:or/special_district:river_road_water_control_district,Water Supply Utility District Board Member,,Non-partisan,Election,4
ocd-division/country:us/state:or/special_district:river_road_water_control_district,Water Supply Utility District Board Member,,Non-partisan,Election,4
ocd-division/country:us/state:or/special_district:river_road_water_control_district,Water Supply Utility District Board Member,,Non-partisan,Election,4
ocd-division/country:us/state:or/special_district:river_road_water_control_district,Water Supply Utility District Board Member,,Non-partisan,Election,4
ocd-division/country:us/state:or/special_district:riverdale_rural_fire_protection_district,Fire Protection District Board Member,Position 1,Non-partisan,Election,4
ocd-division/country:us/state:or/special_district:riverdale_rural_fire_protection_district,Fire Protection District Board Member,Position 2,Non-partisan,Election,4
ocd-division/country:us/state:or/special_district:riverdale_rural_fire_protection_district,Fire Protection District Board Member,Position 5,Non-partisan,Election,4
ocd-division/country:us/state:or/special_district:rivergrove_water_district,Water Supply Utility District Board Member,,Non-partisan,Election,4
ocd-division/country:us/state:or/special_district:rivergrove_water_district,Water Supply Utility District Board Member,,Non-partisan,Election,4
ocd-division/country:us/state:or/special_district:rivergrove_water_district,Water Supply Utility District Board Member,,Non-partisan,Election,4
ocd-division/country:us/state:or/special_district:rivergrove_water_district,Water Supply Utility District Board Member,Position 3,Non-partisan,Election,4
ocd-division/country:us/state:or/special_district:rivergrove_water_district,Water Supply Utility District Board Member,Position 5,Non-partisan,Election,4
ocd-division/country:us/state:or/special_district:riverside_fire_protection_district_7-406,Fire Protection District Board Member,Position 1,Non-partisan,Election,4
ocd-division/country:us/state:or/special_district:riverside_fire_protection_district_7-406,Fire Protection District Board Member,Position 3,Non-partisan,Election,4
ocd-division/country:us/state:or/special_district:riverside_mission_water_control_district,Flood Control District Board Member,Position 1,Non-partisan,Election,4
ocd-division/country:us/state:or/special_district:riverside_mission_water_control_district,Flood Control District Board Member,Position 2,Non-partisan,Election,4
ocd-division/country:us/state:or/special_district:riverside_mission_water_control_district,Flood Control District Board Member,Position 3,Non-partisan,Election,4
ocd-division/country:us/state:or/special_district:riverside_water_district,Water Supply Utility District Board Member,Position 2,Non-partisan,Election,4
ocd-division/country:us/state:or/special_district:riverside_water_district,Water Supply Utility District Board Member,Position 3,Non-partisan,Election,4
ocd-division/country:us/state:or/special_district:rock_creek_water_control_district,Irrigation District Board Member,Position 2,Non-partisan,Election,4
ocd-division/country:us/state:or/special_district:rock_creek_water_control_district,Irrigation District Board Member,Position 3,Non-partisan,Election,4
ocd-division/country:us/state:or/special_district:rock_creek_water_control_district,Irrigation District Board Member,Position 4,Non-partisan,Election,4
ocd-division/country:us/state:or/special_district:rock_creek_water_control_district,Irrigation District Board Member,Position 5,Non-partisan,Election,4
ocd-division/country:us/state:or/special_district:rockwood_water_district/board_district:district_1,Water Supply Utility District Board Member,,Non-partisan,Election,4
ocd-division/country:us/state:or/special_district:rockwood_water_district/board_district:district_2,Water Supply Utility District Board Member,,Non-partisan,Election,4
ocd-division/country:us/state:or/special_district:rockwood_water_district/board_district:district_3,Water Supply Utility District Board Member,,Non-partisan,Election,4
ocd-division/country:us/state:or/special_district:rockwood_water_district/board_district:district_4,Water Supply Utility District Board Member,,Non-partisan,Election,4
ocd-division/country:us/state:or/special_district:rockwood_water_district/board_district:district_5,Water Supply Utility District Board Member,,Non-partisan,Election,4
ocd-division/country:us/state:or/special_district:rocky_point_fire_and_ems_district,Fire Protection District Board Member,Position 1,Non-partisan,Election,4
ocd-division/country:us/state:or/special_district:rocky_point_fire_and_ems_district,Fire Protection District Board Member,Position 2,Non-partisan,Election,4
ocd-division/country:us/state:or/special_district:rocky_point_fire_and_ems_district,Fire Protection District Board Member,Position 3,Non-partisan,Election,4
ocd-division/country:us/state:or/special_district:rocky_point_fire_and_ems_district,Fire Protection District Board Member,Position 4,Non-partisan,Election,4
ocd-division/country:us/state:or/special_district:rocky_point_fire_and_ems_district,Fire Protection District Board Member,Position 5,Non-partisan,Election,4
ocd-division/country:us/state:or/special_district:rogue_river_cemetery_maintenance_district,Cemetery District Board Member,Position 1,Non-partisan,Election,4
ocd-division/country:us/state:or/special_district:rogue_river_rural_fire_protection_district,Fire Protection District Board Member,Position 1,Non-partisan,Election,4
ocd-division/country:us/state:or/special_district:rogue_river_rural_fire_protection_district,Fire Protection District Board Member,Position 2,Non-partisan,Election,4
ocd-division/country:us/state:or/special_district:rogue_river_rural_fire_protection_district,Fire Protection District Board Member,Position 3,Non-partisan,Election,4
ocd-division/country:us/state:or/special_district:rogue_river_rural_fire_protection_district,Fire Protection District Board Member,Position 4,Non-partisan,Election,4
ocd-division/country:us/state:or/special_district:rogue_river_rural_fire_protection_district,Fire Protection District Board Member,Position 5,Non-partisan,Election,4
ocd-division/country:us/state:or/special_district:rogue_river_valley_irrigation_district,Irrigation District Board Member,,Non-partisan,Election,4
ocd-division/country:us/state:or/special_district:rogue_river_valley_irrigation_district,Irrigation District Board Member,,Non-partisan,Election,4
ocd-division/country:us/state:or/special_district:rogue_river_valley_irrigation_district,Irrigation District Board Member,,Non-partisan,Election,4
ocd-division/country:us/state:or/special_district:rogue_valley_sewer_services,Sewerage District Board Member,,Non-partisan,Election,4
ocd-division/country:us/state:or/special_district:rogue_valley_sewer_services,Sewerage District Board Member,,Non-partisan,Election,4
ocd-division/country:us/state:or/special_district:rogue_valley_sewer_services,Sewerage District Board Member,,Non-partisan,Election,4
ocd-division/country:us/state:or/special_district:rogue_valley_sewer_services,Sewerage District Board Member,,Non-partisan,Election,4
ocd-division/country:us/state:or/special_district:rogue_valley_sewer_services,Sewerage District Board Member,,Non-partisan,Election,4
ocd-division/country:us/state:or/special_district:rogue_valley_transportation_district,Public Mass Transit Utility District Board Member,Position 1,Non-partisan,Election,4
ocd-division/country:us/state:or/special_district:rogue_valley_transportation_district,Public Mass Transit Utility District Board Member,Position 2,Non-partisan,Election,4
ocd-division/country:us/state:or/special_district:rogue_valley_transportation_district,Public Mass Transit Utility District Board Member,Position 3,Non-partisan,Election,4
ocd-division/country:us/state:or/special_district:rogue_valley_transportation_district,Public Mass Transit Utility District Board Member,Position 4,Non-partisan,Election,4
ocd-division/country:us/state:or/special_district:rogue_valley_transportation_district,Public Mass Transit Utility District Board Member,Position 5,Non-partisan,Election,4
ocd-division/country:us/state:or/special_district:rogue_valley_transportation_district,Public Mass Transit Utility District Board Member,Position 6,Non-partisan,Election,4
ocd-division/country:us/state:or/special_district:rogue_valley_transportation_district,Public Mass Transit Utility District Board Member,Position 7,Non-partisan,Election,4
ocd-division/country:us/state:or/special_district:roseburg_urban_sanitary_district,Sewerage District Board Member,Position 1,Non-partisan,Election,4
ocd-division/country:us/state:or/special_district:roseburg_urban_sanitary_district,Sewerage District Board Member,Position 2,Non-partisan,Election,4
ocd-division/country:us/state:or/special_district:roseburg_urban_sanitary_district,Sewerage District Board Member,Position 3,Non-partisan,Election,4
ocd-division/country:us/state:or/special_district:roseburg_urban_sanitary_district,Sewerage District Board Member,Position 4,Non-partisan,Election,4
ocd-division/country:us/state:or/special_district:roseburg_urban_sanitary_district,Sewerage District Board Member,Position 5,Non-partisan,Election,4
ocd-division/country:us/state:or/special_district:row_river_valley_water_district,Water Supply Utility District Board Member,Position 2,Non-partisan,Election,4
ocd-division/country:us/state:or/special_district:row_river_valley_water_district,Water Supply Utility District Board Member,Position 3,Non-partisan,Election,4
ocd-division/country:us/state:or/special_district:salem_suburban_rural_fire_protection_district,Fire Protection District Board Member,Position 1,Non-partisan,Election,4
ocd-division/country:us/state:or/special_district:salem_suburban_rural_fire_protection_district,Fire Protection District Board Member,Position 2,Non-partisan,Election,4
ocd-division/country:us/state:or/special_district:salem_suburban_rural_fire_protection_district,Fire Protection District Board Member,Position 3,Non-partisan,Election,4
ocd-division/country:us/state:or/special_district:salem_suburban_rural_fire_protection_district,Fire Protection District Board Member,Position 4,Non-partisan,Election,4
ocd-division/country:us/state:or/special_district:salem_suburban_rural_fire_protection_district,Fire Protection District Board Member,Position 5,Non-partisan,Election,4
ocd-division/country:us/state:or/special_district:salishan_sanitary_district,Sewerage District Board Member,Position 1,Non-partisan,Election,4
ocd-division/country:us/state:or/special_district:salishan_sanitary_district,Sewerage District Board Member,Position 2,Non-partisan,Election,4
ocd-division/country:us/state:or/special_district:salishan_sanitary_district,Sewerage District Board Member,Position 3,Non-partisan,Election,4
ocd-division/country:us/state:or/special_district:salishan_sanitary_district,Sewerage District Board Member,Position 4,Non-partisan,Election,4
ocd-division/country:us/state:or/special_district:salishan_sanitary_district,Sewerage District Board Member,Position 5,Non-partisan,Election,4
ocd-division/country:us/state:or/special_district:salt_creek_cemetery_district,Cemetery District Board Member,,Non-partisan,Election,4
ocd-division/country:us/state:or/special_district:salt_creek_cemetery_district,Cemetery District Board Member,,Non-partisan,Election,4
ocd-division/country:us/state:or/special_district:sandy_drainage_district,Flood Control District Board Member,,Non-partisan,Election,4
ocd-division/country:us/state:or/special_district:sandy_drainage_district,Flood Control District Board Member,,Non-partisan,Election,4
ocd-division/country:us/state:or/special_district:sandy_drainage_district,Flood Control District Board Member,,Non-partisan,Election,4
ocd-division/country:us/state:or/special_district:sandy_drainage_district,Flood Control District Board Member,,Non-partisan,Election,4
ocd-division/country:us/state:or/special_district:sandy_drainage_district,Flood Control District Board Member,,Non-partisan,Election,4
ocd-division/country:us/state:or/special_district:sandy_rural_fire_protection_district_72,Fire Protection District Board Member,Position 1,Non-partisan,Election,4
ocd-division/country:us/state:or/special_district:sandy_rural_fire_protection_district_72,Fire Protection District Board Member,Position 2,Non-partisan,Election,4
ocd-division/country:us/state:or/special_district:sandy_rural_fire_protection_district_72,Fire Protection District Board Member,Position 3,Non-partisan,Election,4
ocd-division/country:us/state:or/special_district:sandy_rural_fire_protection_district_72,Fire Protection District Board Member,Position 4,Non-partisan,Election,4
ocd-division/country:us/state:or/special_district:sandy_rural_fire_protection_district_72,Fire Protection District Board Member,Position 5,Non-partisan,Election,4
ocd-division/country:us/state:or/special_district:santa_clara_rural_fire_protection_district,Fire Protection District Board Member,Position 1,Non-partisan,Election,4
ocd-division/country:us/state:or/special_district:santa_clara_rural_fire_protection_district,Fire Protection District Board Member,Position 2,Non-partisan,Election,4
ocd-division/country:us/state:or/special_district:santa_clara_rural_fire_protection_district,Fire Protection District Board Member,Position 3,Non-partisan,Election,4
ocd-division/country:us/state:or/special_district:santa_clara_rural_fire_protection_district,Fire Protection District Board Member,Position 4,Non-partisan,Election,4
ocd-division/country:us/state:or/special_district:santa_clara_rural_fire_protection_district,Fire Protection District Board Member,Position 5,Non-partisan,Election,4
ocd-division/country:us/state:or/special_district:santa_clara_water_district,Water Supply Utility District Board Member,Position 1,Non-partisan,Election,4
ocd-division/country:us/state:or/special_district:santa_clara_water_district,Water Supply Utility District Board Member,Position 3,Non-partisan,Election,4
ocd-division/country:us/state:or/special_district:santiam_water_control_district,Flood Control District Board Member,Position 1,Non-partisan,Election,4
ocd-division/country:us/state:or/special_district:santiam_water_control_district,Flood Control District Board Member,Position 2,Non-partisan,Election,4
ocd-division/country:us/state:or/special_district:santiam_water_control_district,Flood Control District Board Member,Position 3,Non-partisan,Election,4
ocd-division/country:us/state:or/special_district:santiam_water_control_district,Flood Control District Board Member,Position 4,Non-partisan,Election,4
ocd-division/country:us/state:or/special_district:santiam_water_control_district,Flood Control District Board Member,Position 5,Non-partisan,Election,4
ocd-division/country:us/state:or/special_district:santiam_water_control_district,Flood Control District Board Member,Position 6,Non-partisan,Election,4
ocd-division/country:us/state:or/special_district:santiam_water_control_district,Flood Control District Board Member,Position 7,Non-partisan,Election,4
ocd-division/country:us/state:or/special_district:sauvie_island_rural_fire_protection_district_30j,Fire Protection District Board Member,Position 1,Non-partisan,Election,4
ocd-division/country:us/state:or/special_district:sauvie_island_rural_fire_protection_district_30j,Fire Protection District Board Member,Position 2,Non-partisan,Election,4
ocd-division/country:us/state:or/special_district:sauvie_island_rural_fire_protection_district_30j,Fire Protection District Board Member,Position 3,Non-partisan,Election,4
ocd-division/country:us/state:or/special_district:sauvie_island_rural_fire_protection_district_30j,Fire Protection District Board Member,Position 4,Non-partisan,Election,4
ocd-division/country:us/state:or/special_district:sauvie_island_rural_fire_protection_district_30j,Fire Protection District Board Member,Position 5,Non-partisan,Election,4
ocd-division/country:us/state:or/special_district:scappoose_public_library_district,Library District Board Member,Position 1,Non-partisan,Election,4
ocd-division/country:us/state:or/special_district:scappoose_public_library_district,Library District Board Member,Position 2,Non-partisan,Election,4
ocd-division/country:us/state:or/special_district:scappoose_public_library_district,Library District Board Member,Position 3,Non-partisan,Election,4
ocd-division/country:us/state:or/special_district:scappoose_public_library_district,Library District Board Member,Position 4,Non-partisan,Election,4
ocd-division/country:us/state:or/special_district:scappoose_public_library_district,Library District Board Member,Position 5,Non-partisan,Election,4
ocd-division/country:us/state:or/special_district:scappoose_rural_fire_protection_district,Fire Protection District Board Member,Position 1,Non-partisan,Election,4
ocd-division/country:us/state:or/special_district:scappoose_rural_fire_protection_district,Fire Protection District Board Member,Position 2,Non-partisan,Election,4
ocd-division/country:us/state:or/special_district:scappoose_rural_fire_protection_district,Fire Protection District Board Member,Position 3,Non-partisan,Election,4
ocd-division/country:us/state:or/special_district:scappoose_rural_fire_protection_district,Fire Protection District Board Member,Position 4,Non-partisan,Election,4
ocd-division/country:us/state:or/special_district:scappoose_rural_fire_protection_district,Fire Protection District Board Member,Position 5,Non-partisan,Election,4
ocd-division/country:us/state:or/special_district:scio_rural_fire_protection_district,Fire Protection District Board Member,Position 1,Non-partisan,Election,4
ocd-division/country:us/state:or/special_district:scio_rural_fire_protection_district,Fire Protection District Board Member,Position 2,Non-partisan,Election,4
ocd-division/country:us/state:or/special_district:scio_rural_fire_protection_district,Fire Protection District Board Member,Position 3,Non-partisan,Election,4
ocd-division/country:us/state:or/special_district:scio_rural_fire_protection_district,Fire Protection District Board Member,Position 4,Non-partisan,Election,4
ocd-division/country:us/state:or/special_district:scio_rural_fire_protection_district,Fire Protection District Board Member,Position 5,Non-partisan,Election,4
ocd-division/country:us/state:or/special_district:scottsburg_rural_fire_protection_district,Fire Protection District Board Member,Position 1,Non-partisan,Election,4
ocd-division/country:us/state:or/special_district:scottsburg_rural_fire_protection_district,Fire Protection District Board Member,Position 4,Non-partisan,Election,4
ocd-division/country:us/state:or/special_district:se_nelson_wayside_drive_special_road_district,Highway District Board Member,Position 2,Non-partisan,Election,4
ocd-division/country:us/state:or/special_district:seal_rock_rural_fire_protection_district,Fire Protection District Board Member,Position 1,Non-partisan,Election,4
ocd-division/country:us/state:or/special_district:seal_rock_rural_fire_protection_district,Fire Protection District Board Member,Position 2,Non-partisan,Election,4
ocd-division/country:us/state:or/special_district:seal_rock_rural_fire_protection_district,Fire Protection District Board Member,Position 3,Non-partisan,Election,4
ocd-division/country:us/state:or/special_district:seal_rock_rural_fire_protection_district,Fire Protection District Board Member,Position 4,Non-partisan,Election,4
ocd-division/country:us/state:or/special_district:seal_rock_rural_fire_protection_district,Fire Protection District Board Member,Position 5,Non-partisan,Election,4
ocd-division/country:us/state:or/special_district:seal_rock_water_district,Water Supply Utility District Board Member,Position 1,Non-partisan,Election,4
ocd-division/country:us/state:or/special_district:seal_rock_water_district,Water Supply Utility District Board Member,Position 2,Non-partisan,Election,4
ocd-division/country:us/state:or/special_district:seal_rock_water_district,Water Supply Utility District Board Member,Position 3,Non-partisan,Election,4
ocd-division/country:us/state:or/special_district:seal_rock_water_district,Water Supply Utility District Board Member,Position 4,Non-partisan,Election,4
ocd-division/country:us/state:or/special_district:seal_rock_water_district,Water Supply Utility District Board Member,Position 5,Non-partisan,Election,4
ocd-division/country:us/state:or/special_district:seaside_rural_fire_protection_district,Fire Protection District Board Member,Position 1,Non-partisan,Election,4
ocd-division/country:us/state:or/special_district:seaside_rural_fire_protection_district,Fire Protection District Board Member,Position 2,Non-partisan,Election,4
ocd-division/country:us/state:or/special_district:seaside_rural_fire_protection_district,Fire Protection District Board Member,Position 3,Non-partisan,Election,4
ocd-division/country:us/state:or/special_district:shangri_la_water_district,Water Supply Utility District Board Member,Position 1,Non-partisan,Election,4
ocd-division/country:us/state:or/special_district:shangri_la_water_district,Water Supply Utility District Board Member,Position 2,Non-partisan,Election,4
ocd-division/country:us/state:or/special_district:shangri_la_water_district,Water Supply Utility District Board Member,Position 3,Non-partisan,Election,4
ocd-division/country:us/state:or/special_district:shangri_la_water_district,Water Supply Utility District Board Member,Position 4,Non-partisan,Election,4
ocd-division/country:us/state:or/special_district:shangri_la_water_district,Water Supply Utility District Board Member,Position 5,Non-partisan,Election,4
ocd-division/country:us/state:or/special_district:shelley_road_crest_acres_water_district,Water Supply Utility District Board Member,Position 1,Non-partisan,Election,4
ocd-division/country:us/state:or/special_district:shelley_road_crest_acres_water_district,Water Supply Utility District Board Member,Position 2,Non-partisan,Election,4
ocd-division/country:us/state:or/special_district:shelley_road_crest_acres_water_district,Water Supply Utility District Board Member,Position 3,Non-partisan,Election,4
ocd-division/country:us/state:or/special_district:shelley_road_crest_acres_water_district,Water Supply Utility District Board Member,Position 4,Non-partisan,Election,4
ocd-division/country:us/state:or/special_district:shelley_road_crest_acres_water_district,Water Supply Utility District Board Member,Position 5,Non-partisan,Election,4
ocd-division/country:us/state:or/special_district:sheridan_rural_fire_protection_district,Fire Protection District Board Member,,Non-partisan,Election,4
ocd-division/country:us/state:or/special_district:sheridan_rural_fire_protection_district,Fire Protection District Board Member,,Non-partisan,Election,4
ocd-division/country:us/state:or/special_district:sheridan_rural_fire_protection_district,Fire Protection District Board Member,Position 2,Non-partisan,Election,4
ocd-division/country:us/state:or/special_district:sheridan_rural_fire_protection_district,Fire Protection District Board Member,Position 3,Non-partisan,Election,4
ocd-division/country:us/state:or/special_district:sheridan_rural_fire_protection_district,Fire Protection District Board Member,Position 4,Non-partisan,Election,4
ocd-division/country:us/state:or/special_district:sherman_county_health_district,Health District Director,Position 1,Non-partisan,Election,4
ocd-division/country:us/state:or/special_district:sherman_county_health_district,Health District Director,Position 2,Non-partisan,Election,4
ocd-division/country:us/state:or/special_district:sherman_county_health_district,Health District Director,Position 3,Non-partisan,Election,4
ocd-division/country:us/state:or/special_district:sherman_county_health_district,Health District Director,Position 4,Non-partisan,Election,4
ocd-division/country:us/state:or/special_district:sherman_county_health_district,Health District Director,Position 5,Non-partisan,Election,4
ocd-division/country:us/state:or/special_district:sherman_county_soil_and_water_conservation_district,Soil and Water Conservation District Board Member,Position 1,Non-partisan,Election,4
ocd-division/country:us/state:or/special_district:sherman_county_soil_and_water_conservation_district,Soil and Water Conservation District Board Member,Position 2,Non-partisan,Election,4
ocd-division/country:us/state:or/special_district:sherman_county_soil_and_water_conservation_district/board_district:zone_1,Soil and Water Conservation District Board Member,,Non-partisan,Election,4
ocd-division/country:us/state:or/special_district:sherman_county_soil_and_water_conservation_district/board_district:zone_2,Soil and Water Conservation District Board Member,,Non-partisan,Election,4
ocd-division/country:us/state:or/special_district:sherman_county_soil_and_water_conservation_district/board_district:zone_3,Soil and Water Conservation District Board Member,,Non-partisan,Election,4
ocd-division/country:us/state:or/special_district:shoreline_sanitary_district,Sewerage District Board Member,Position 1,Non-partisan,Election,4
ocd-division/country:us/state:or/special_district:shoreline_sanitary_district,Sewerage District Board Member,Position 2,Non-partisan,Election,4
ocd-division/country:us/state:or/special_district:siletz_keys_sanitary_district,Sewerage District Board Member,Position 1,Non-partisan,Election,4
ocd-division/country:us/state:or/special_district:siletz_keys_sanitary_district,Sewerage District Board Member,Position 2,Non-partisan,Election,4
ocd-division/country:us/state:or/special_district:siletz_keys_sanitary_district,Sewerage District Board Member,Position 3,Non-partisan,Election,4
ocd-division/country:us/state:or/special_district:siletz_rural_fire_protection_district,Fire Protection District Board Member,,Non-partisan,Election,4
ocd-division/country:us/state:or/special_district:siletz_rural_fire_protection_district,Fire Protection District Board Member,,Non-partisan,Election,4
ocd-division/country:us/state:or/special_district:siletz_rural_fire_protection_district,Fire Protection District Board Member,Position 3,Non-partisan,Election,4
ocd-division/country:us/state:or/special_district:siletz_rural_fire_protection_district,Fire Protection District Board Member,Position 4,Non-partisan,Election,4
ocd-division/country:us/state:or/special_district:siletz_rural_fire_protection_district,Fire Protection District Board Member,Position 5,Non-partisan,Election,4
ocd-division/country:us/state:or/special_district:silver_falls_library_district,Library District Board Member,,Non-partisan,Election,4
ocd-division/country:us/state:or/special_district:silver_falls_library_district,Library District Board Member,,Non-partisan,Election,4
ocd-division/country:us/state:or/special_district:silver_falls_library_district,Library District Board Member,,Non-partisan,Election,4
ocd-division/country:us/state:or/special_district:silver_falls_library_district,Library District Board Member,,Non-partisan,Election,4
ocd-division/country:us/state:or/special_district:silver_falls_library_district,Library District Board Member,,Non-partisan,Election,4
ocd-division/country:us/state:or/special_district:silver_lake_rural_fire_protection_district,Fire Protection District Board Member,Position 1,Non-partisan,Election,4
ocd-division/country:us/state:or/special_district:silver_lake_rural_fire_protection_district,Fire Protection District Board Member,Position 2,Non-partisan,Election,4
ocd-division/country:us/state:or/special_district:silver_lake_rural_fire_protection_district,Fire Protection District Board Member,Position 3,Non-partisan,Election,4
ocd-division/country:us/state:or/special_district:silver_lake_rural_fire_protection_district,Fire Protection District Board Member,Position 4,Non-partisan,Election,4
ocd-division/country:us/state:or/special_district:silver_lake_rural_fire_protection_district,Fire Protection District Board Member,Position 5,Non-partisan,Election,4
ocd-division/country:us/state:or/special_district:silverton_rural_fire_protection_district_2,Fire Protection District Board Member,Position 1,Non-partisan,Election,4
ocd-division/country:us/state:or/special_district:silverton_rural_fire_protection_district_2,Fire Protection District Board Member,Position 2,Non-partisan,Election,4
ocd-division/country:us/state:or/special_district:silverton_rural_fire_protection_district_2,Fire Protection District Board Member,Position 3,Non-partisan,Election,4
ocd-division/country:us/state:or/special_district:silverton_rural_fire_protection_district_2,Fire Protection District Board Member,Position 4,Non-partisan,Election,4
ocd-division/country:us/state:or/special_district:silverton_rural_fire_protection_district_2,Fire Protection District Board Member,Position 5,Non-partisan,Election,4
ocd-division/country:us/state:or/special_district:sisters_camp_sherman_rural_fire_protection_district,Fire Protection District Board Member,Position 1,Non-partisan,Election,4
ocd-division/country:us/state:or/special_district:sisters_camp_sherman_rural_fire_protection_district,Fire Protection District Board Member,Position 2,Non-partisan,Election,4
ocd-division/country:us/state:or/special_district:sisters_camp_sherman_rural_fire_protection_district,Fire Protection District Board Member,Position 3,Non-partisan,Election,4
ocd-division/country:us/state:or/special_district:sisters_camp_sherman_rural_fire_protection_district,Fire Protection District Board Member,Position 4,Non-partisan,Election,4
ocd-division/country:us/state:or/special_district:sisters_camp_sherman_rural_fire_protection_district,Fire Protection District Board Member,Position 5,Non-partisan,Election,4
ocd-division/country:us/state:or/special_district:sisters_park_and_recreation_district,Parks and Recreation District Board Member,Position 1,Non-partisan,Election,4
ocd-division/country:us/state:or/special_district:sisters_park_and_recreation_district,Parks and Recreation District Board Member,Position 2,Non-partisan,Election,4
ocd-division/country:us/state:or/special_district:sisters_park_and_recreation_district,Parks and Recreation District Board Member,Position 3,Non-partisan,Election,4
ocd-division/country:us/state:or/special_district:sisters_park_and_recreation_district,Parks and Recreation District Board Member,Position 4,Non-partisan,Election,4
ocd-division/country:us/state:or/special_district:sisters_park_and_recreation_district,Parks and Recreation District Board Member,Position 5,Non-partisan,Election,4
ocd-division/country:us/state:or/special_district:siuslaw_public_library_district,Library District Board Member,,Non-partisan,Election,4
ocd-division/country:us/state:or/special_district:siuslaw_public_library_district,Library District Board Member,,Non-partisan,Election,4
ocd-division/country:us/state:or/special_district:siuslaw_public_library_district,Library District Board Member,,Non-partisan,Election,4
ocd-division/country:us/state:or/special_district:siuslaw_public_library_district,Library District Board Member,,Non-partisan,Election,4
ocd-division/country:us/state:or/special_district:siuslaw_public_library_district,Library District Board Member,,Non-partisan,Election,4
ocd-division/country:us/state:or/special_district:siuslaw_rural_fire_protection_district_1,Fire Protection District Board Member,,Non-partisan,Election,4
ocd-division/country:us/state:or/special_district:siuslaw_rural_fire_protection_district_1,Fire Protection District Board Member,,Non-partisan,Election,4
ocd-division/country:us/state:or/special_district:siuslaw_rural_fire_protection_district_1,Fire Protection District Board Member,,Non-partisan,Election,4
ocd-division/country:us/state:or/special_district:siuslaw_rural_fire_protection_district_1,Fire Protection District Board Member,Position 1,Non-partisan,Election,4
ocd-division/country:us/state:or/special_district:siuslaw_rural_fire_protection_district_1,Fire Protection District Board Member,Position 2,Non-partisan,Election,4
ocd-division/country:us/state:or/special_district:siuslaw_soil_and_water_conservation_district,Soil and Water Conservation District Board Member,Position 1,Non-partisan,Election,4
ocd-division/country:us/state:or/special_district:siuslaw_soil_and_water_conservation_district,Soil and Water Conservation District Board Member,Position 2,Non-partisan,Election,4
ocd-division/country:us/state:or/special_district:siuslaw_soil_and_water_conservation_district/board_district:zone_1,Soil and Water Conservation District Board Member,,Non-partisan,Election,4
ocd-division/country:us/state:or/special_district:siuslaw_soil_and_water_conservation_district/board_district:zone_3,Soil and Water Conservation District Board Member,,Non-partisan,Election,4
ocd-division/country:us/state:or/special_district:sixes_rural_fire_protection_district,Fire Protection District Board Member,Position 1,Non-partisan,Election,4
ocd-division/country:us/state:or/special_district:sixes_rural_fire_protection_district,Fire Protection District Board Member,Position 2,Non-partisan,Election,4
ocd-division/country:us/state:or/special_district:sixes_rural_fire_protection_district,Fire Protection District Board Member,Position 4,Non-partisan,Election,4
ocd-division/country:us/state:or/special_district:south_central_oregon_economic_dev_dist,Economic Development District Board Member,,Non-partisan,Election,4
ocd-division/country:us/state:or/special_district:south_central_oregon_economic_dev_dist,Economic Development District Board Member,,Non-partisan,Election,4
ocd-division/country:us/state:or/special_district:south_central_oregon_economic_dev_dist,Economic Development District Board Member,,Non-partisan,Election,4
ocd-division/country:us/state:or/special_district:south_clackamas_transportation_district,Public Mass Transit Utility District Board Member,,Non-partisan,Election,4
ocd-division/country:us/state:or/special_district:south_clackamas_transportation_district,Public Mass Transit Utility District Board Member,,Non-partisan,Election,4
ocd-division/country:us/state:or/special_district:south_clackamas_transportation_district,Public Mass Transit Utility District Board Member,,Non-partisan,Election,4
ocd-division/country:us/state:or/special_district:south_clackamas_transportation_district,Public Mass Transit Utility District Board Member,,Non-partisan,Election,4
ocd-division/country:us/state:or/special_district:south_clackamas_transportation_district,Public Mass Transit Utility District Board Member,,Non-partisan,Election,4
ocd-division/country:us/state:or/special_district:south_clackamas_transportation_district,Public Mass Transit Utility District Board Member,,Non-partisan,Election,4
ocd-division/country:us/state:or/special_district:south_clackamas_transportation_district,Public Mass Transit Utility District Board Member,,Non-partisan,Election,4
ocd-division/country:us/state:or/special_district:south_county_health_district,Hospital District Board Member,Position 1,Non-partisan,Election,4
ocd-division/country:us/state:or/special_district:south_county_health_district,Hospital District Board Member,Position 2,Non-partisan,Election,4
ocd-division/country:us/state:or/special_district:south_county_health_district,Hospital District Board Member,Position 3,Non-partisan,Election,4
ocd-division/country:us/state:or/special_district:south_county_health_district,Hospital District Board Member,Position 4,Non-partisan,Election,4
ocd-division/country:us/state:or/special_district:south_county_health_district,Hospital District Board Member,Position 5,Non-partisan,Election,4
ocd-division/country:us/state:or/special_district:south_county_health_district,Hospital District Board Member,Position 6,Non-partisan,Election,4
ocd-division/country:us/state:or/special_district:south_county_health_district,Hospital District Board Member,Position 7,Non-partisan,Election,4
ocd-division/country:us/state:or/special_district:south_curry_county_cemetery_maintenance_district,Cemetery District Board Member,Position 3,Non-partisan,Election,4
ocd-division/country:us/state:or/special_district:south_gilliam_county_cemetery_district,Cemetery District Board Member,Position 1,Non-partisan,Election,4
ocd-division/country:us/state:or/special_district:south_gilliam_county_cemetery_district,Cemetery District Board Member,Position 2,Non-partisan,Election,4
ocd-division/country:us/state:or/special_district:south_gilliam_county_cemetery_district,Cemetery District Board Member,Position 3,Non-partisan,Election,4
ocd-division/country:us/state:or/special_district:south_gilliam_county_health_district,Health District Director,Position 1,Non-partisan,Election,4
ocd-division/country:us/state:or/special_district:south_gilliam_county_health_district,Health District Director,Position 2,Non-partisan,Election,4
ocd-division/country:us/state:or/special_district:south_gilliam_county_health_district,Health District Director,Position 3,Non-partisan,Election,4
ocd-division/country:us/state:or/special_district:south_gilliam_county_health_district,Health District Director,Position 4,Non-partisan,Election,4
ocd-division/country:us/state:or/special_district:south_gilliam_county_health_district,Health District Director,Position 5,Non-partisan,Election,4
ocd-division/country:us/state:or/special_district:south_gilliam_county_rural_fire_protection_district,Fire Protection District Board Member,Position 3,Non-partisan,Election,4
ocd-division/country:us/state:or/special_district:south_gilliam_county_rural_fire_protection_district,Fire Protection District Board Member,Position 4,Non-partisan,Election,4
ocd-division/country:us/state:or/special_district:south_gilliam_county_rural_fire_protection_district,Fire Protection District Board Member,Position 5,Non-partisan,Election,4
ocd-division/country:us/state:or/special_district:south_gilliam_county_rural_fire_protection_district,Water Supply Utility District Board Member,Position 1,Non-partisan,Election,4
ocd-division/country:us/state:or/special_district:south_gilliam_county_rural_fire_protection_district,Water Supply Utility District Board Member,Position 2,Non-partisan,Election,4
ocd-division/country:us/state:or/special_district:south_lane_county_fire_and_rescue,Fire Protection District Board Member,Position 1,Non-partisan,Election,4
ocd-division/country:us/state:or/special_district:south_lane_county_fire_and_rescue,Fire Protection District Board Member,Position 3,Non-partisan,Election,4
ocd-division/country:us/state:or/special_district:south_lane_county_fire_and_rescue,Fire Protection District Board Member,Position 4,Non-partisan,Election,4
ocd-division/country:us/state:or/special_district:south_lane_county_fire_and_rescue,Fire Protection District Board Member,Position 5,Non-partisan,Election,4
ocd-division/country:us/state:or/special_district:south_santiam_river_water_control_district,Flood Control District Board Member,Position 3,Non-partisan,Election,4
ocd-division/country:us/state:or/special_district:south_sherman_county_fire_protection_district,Fire Protection District Board Member,,Non-partisan,Election,4
ocd-division/country:us/state:or/special_district:south_sherman_county_fire_protection_district,Fire Protection District Board Member,,Non-partisan,Election,4
ocd-division/country:us/state:or/special_district:south_sherman_county_fire_protection_district,Fire Protection District Board Member,,Non-partisan,Election,4
ocd-division/country:us/state:or/special_district:south_sherman_county_fire_protection_district,Fire Protection District Board Member,Position 4,Non-partisan,Election,4
ocd-division/country:us/state:or/special_district:south_sherman_county_fire_protection_district,Fire Protection District Board Member,Position 5,Non-partisan,Election,4
ocd-division/country:us/state:or/special_district:south_suburban_sanitary_district,Sewerage District Board Member,Position 1,Non-partisan,Election,4
ocd-division/country:us/state:or/special_district:south_suburban_sanitary_district,Sewerage District Board Member,Position 3,Non-partisan,Election,4
ocd-division/country:us/state:or/special_district:south_wasco_park_and_recreation,Parks and Recreation District Board Member,Position 1,Non-partisan,Election,4
ocd-division/country:us/state:or/special_district:south_wasco_park_and_recreation,Parks and Recreation District Board Member,Position 2,Non-partisan,Election,4
ocd-division/country:us/state:or/special_district:southern_coos_health_district,Hospital District Board Member,Position 1,Non-partisan,Election,4
ocd-division/country:us/state:or/special_district:southern_coos_health_district,Hospital District Board Member,Position 2,Non-partisan,Election,4
ocd-division/country:us/state:or/special_district:southern_coos_health_district,Hospital District Board Member,Position 3,Non-partisan,Election,4
ocd-division/country:us/state:or/special_district:southern_coos_health_district,Hospital District Board Member,Position 4,Non-partisan,Election,4
ocd-division/country:us/state:or/special_district:southern_coos_health_district,Hospital District Board Member,Position 5,Non-partisan,Election,4
ocd-division/country:us/state:or/special_district:southwest_lincoln_county_water_district,Water Supply Utility District Board Member,Position 1,Non-partisan,Election,4
ocd-division/country:us/state:or/special_district:southwest_lincoln_county_water_district,Water Supply Utility District Board Member,Position 2,Non-partisan,Election,4
ocd-division/country:us/state:or/special_district:southwest_lincoln_county_water_district,Water Supply Utility District Board Member,Position 3,Non-partisan,Election,4
ocd-division/country:us/state:or/special_district:southwest_lincoln_county_water_district,Water Supply Utility District Board Member,Position 4,Non-partisan,Election,4
ocd-division/country:us/state:or/special_district:southwest_lincoln_county_water_district,Water Supply Utility District Board Member,Position 5,Non-partisan,Election,4
ocd-division/country:us/state:or/special_district:southwest_lincoln_county_water_people~s_utility_district,Water Supply Utility District Board Member,Position 1,Non-partisan,Election,4
ocd-division/country:us/state:or/special_district:southwest_lincoln_county_water_people~s_utility_district,Water Supply Utility District Board Member,Position 2,Non-partisan,Election,4
ocd-division/country:us/state:or/special_district:southwest_lincoln_county_water_people~s_utility_district,Water Supply Utility District Board Member,Position 3,Non-partisan,Election,4
ocd-division/country:us/state:or/special_district:southwest_lincoln_county_water_people~s_utility_district,Water Supply Utility District Board Member,Position 4,Non-partisan,Election,4
ocd-division/country:us/state:or/special_district:southwest_lincoln_county_water_people~s_utility_district,Water Supply Utility District Board Member,Position 5,Non-partisan,Election,4
ocd-division/country:us/state:or/special_district:southwestern_polk_county_rural_fire_protection_district_3,Fire Protection District Board Member,Position 1,Non-partisan,Election,4
ocd-division/country:us/state:or/special_district:southwestern_polk_county_rural_fire_protection_district_3,Fire Protection District Board Member,Position 2,Non-partisan,Election,4
ocd-division/country:us/state:or/special_district:southwestern_polk_county_rural_fire_protection_district_3,Fire Protection District Board Member,Position 3,Non-partisan,Election,4
ocd-division/country:us/state:or/special_district:southwestern_polk_county_rural_fire_protection_district_3,Fire Protection District Board Member,Position 4,Non-partisan,Election,4
ocd-division/country:us/state:or/special_district:southwestern_polk_county_rural_fire_protection_district_3,Fire Protection District Board Member,Position 5,Non-partisan,Election,4
ocd-division/country:us/state:or/special_district:southwood_park_water_district,Water Supply Utility District Board Member,Position 1,Non-partisan,Election,4
ocd-division/country:us/state:or/special_district:southwood_park_water_district,Water Supply Utility District Board Member,Position 2,Non-partisan,Election,4
ocd-division/country:us/state:or/special_district:southwood_park_water_district,Water Supply Utility District Board Member,Position 3,Non-partisan,Election,4
ocd-division/country:us/state:or/special_district:southwood_park_water_district,Water Supply Utility District Board Member,Position 4,Non-partisan,Election,4
ocd-division/country:us/state:or/special_district:spring_valley_rural_fire_protection_district,Fire Protection District Board Member,Position 1,Non-partisan,Election,4
ocd-division/country:us/state:or/special_district:spring_valley_rural_fire_protection_district,Fire Protection District Board Member,Position 5,Non-partisan,Election,4
ocd-division/country:us/state:or/special_district:springfield_utility,Electric Power Utility District Board Member,Position 1,Non-partisan,Election,4
ocd-division/country:us/state:or/special_district:springfield_utility,Electric Power Utility District Board Member,Position 2,Non-partisan,Election,4
ocd-division/country:us/state:or/special_district:springfield_utility,Electric Power Utility District Board Member,Position 3,Non-partisan,Election,4
ocd-division/country:us/state:or/special_district:springfield_utility,Electric Power Utility District Board Member,Position 4,Non-partisan,Election,4
ocd-division/country:us/state:or/special_district:springfield_utility,Electric Power Utility District Board Member,Position 5,Non-partisan,Election,4
ocd-division/country:us/state:or/special_district:st_paul_rural_fire_protection_district_2,Fire Protection District Board Member,Position 1,Non-partisan,Election,4
ocd-division/country:us/state:or/special_district:st_paul_rural_fire_protection_district_2,Fire Protection District Board Member,Position 2,Non-partisan,Election,4
ocd-division/country:us/state:or/special_district:st_paul_rural_fire_protection_district_2,Fire Protection District Board Member,Position 3,Non-partisan,Election,4
ocd-division/country:us/state:or/special_district:st_paul_rural_fire_protection_district_2,Fire Protection District Board Member,Position 4,Non-partisan,Election,4
ocd-division/country:us/state:or/special_district:st_paul_rural_fire_protection_district_2,Fire Protection District Board Member,Position 5,Non-partisan,Election,4
ocd-division/country:us/state:or/special_district:stanfield_cemetery_maintenance_district_6,Cemetery District Board Member,Position 2,Non-partisan,Election,4
ocd-division/country:us/state:or/special_district:star_satellite_improvement_district,Water Supply Utility District Board Member,,Non-partisan,Election,4
ocd-division/country:us/state:or/special_district:star_satellite_improvement_district,Water Supply Utility District Board Member,,Non-partisan,Election,4
ocd-division/country:us/state:or/special_district:star_satellite_improvement_district,Water Supply Utility District Board Member,,Non-partisan,Election,4
ocd-division/country:us/state:or/special_district:star_satellite_improvement_district,Water Supply Utility District Board Member,,Non-partisan,Election,4
ocd-division/country:us/state:or/special_district:star_satellite_improvement_district,Water Supply Utility District Board Member,,Non-partisan,Election,4
ocd-division/country:us/state:or/special_district:starr_creek_special_road_district,Highway District Board Member,Position 1,Non-partisan,Election,4
ocd-division/country:us/state:or/special_district:starr_creek_special_road_district,Highway District Board Member,Position 2,Non-partisan,Election,4
ocd-division/country:us/state:or/special_district:starr_creek_special_road_district,Highway District Board Member,Position 3,Non-partisan,Election,4
ocd-division/country:us/state:or/special_district:starwood_sanitary_district,Sewerage District Board Member,Position 2,Non-partisan,Election,4
ocd-division/country:us/state:or/special_district:starwood_sanitary_district,Sewerage District Board Member,Position 3,Non-partisan,Election,4
ocd-division/country:us/state:or/special_district:stayton_rural_fire_protection_district,Fire Protection District Board Member,,Non-partisan,Election,4
ocd-division/country:us/state:or/special_district:stayton_rural_fire_protection_district,Fire Protection District Board Member,,Non-partisan,Election,4
ocd-division/country:us/state:or/special_district:stayton_rural_fire_protection_district,Fire Protection District Board Member,Position 1,Non-partisan,Election,4
ocd-division/country:us/state:or/special_district:stayton_rural_fire_protection_district,Fire Protection District Board Member,Position 4,Non-partisan,Election,4
ocd-division/country:us/state:or/special_district:stayton_rural_fire_protection_district,Fire Protection District Board Member,Position 5,Non-partisan,Election,4
ocd-division/country:us/state:or/special_district:sublimity_rural_fire_protection_district,Fire Protection District Board Member,,Non-partisan,Election,4
ocd-division/country:us/state:or/special_district:sublimity_rural_fire_protection_district,Fire Protection District Board Member,,Non-partisan,Election,4
ocd-division/country:us/state:or/special_district:sublimity_rural_fire_protection_district,Fire Protection District Board Member,Position 2,Non-partisan,Election,4
ocd-division/country:us/state:or/special_district:sublimity_rural_fire_protection_district,Fire Protection District Board Member,Position 4,Non-partisan,Election,4
ocd-division/country:us/state:or/special_district:sublimity_rural_fire_protection_district,Fire Protection District Board Member,Position 5,Non-partisan,Election,4
ocd-division/country:us/state:or/special_district:suburban_east_salem_water_district,Water Supply Utility District Board Member,Position 1,Non-partisan,Election,4
ocd-division/country:us/state:or/special_district:suburban_east_salem_water_district,Water Supply Utility District Board Member,Position 2,Non-partisan,Election,4
ocd-division/country:us/state:or/special_district:suburban_east_salem_water_district,Water Supply Utility District Board Member,Position 3,Non-partisan,Election,4
ocd-division/country:us/state:or/special_district:suburban_east_salem_water_district,Water Supply Utility District Board Member,Position 4,Non-partisan,Election,4
ocd-division/country:us/state:or/special_district:suburban_east_salem_water_district,Water Supply Utility District Board Member,Position 5,Non-partisan,Election,4
ocd-division/country:us/state:or/special_district:summerville_cemetery_maintenance_district,Cemetery District Board Member,,Non-partisan,Election,4
ocd-division/country:us/state:or/special_district:sumner_rural_fire_protection_district,Fire Protection District Board Member,Position 3,Non-partisan,Election,4
ocd-division/country:us/state:or/special_district:sumner_rural_fire_protection_district,Fire Protection District Board Member,Position 4,Non-partisan,Election,4
ocd-division/country:us/state:or/special_district:sumner_rural_fire_protection_district,Fire Protection District Board Member,Position 5,Non-partisan,Election,4
ocd-division/country:us/state:or/special_district:sun_mountain_ranches_special_road_district,Highway District Board Member,,Non-partisan,Election,4
ocd-division/country:us/state:or/special_district:sun_mountain_ranches_special_road_district,Highway District Board Member,,Non-partisan,Election,4
ocd-division/country:us/state:or/special_district:sun_mountain_ranches_special_road_district,Highway District Board Member,,Non-partisan,Election,4
ocd-division/country:us/state:or/special_district:sunrise_water_authority/board_district:zone_1,Water Supply Utility District Board Member,,Non-partisan,Election,4
ocd-division/country:us/state:or/special_district:sunrise_water_authority/board_district:zone_2,Water Supply Utility District Board Member,,Non-partisan,Election,4
ocd-division/country:us/state:or/special_district:sunrise_water_authority/board_district:zone_3,Water Supply Utility District Board Member,,Non-partisan,Election,4
ocd-division/country:us/state:or/special_district:sunrise_water_authority/board_district:zone_4,Water Supply Utility District Board Member,,Non-partisan,Election,4
ocd-division/country:us/state:or/special_district:sunrise_water_authority/board_district:zone_5,Water Supply Utility District Board Member,,Non-partisan,Election,4
ocd-division/country:us/state:or/special_district:sunrise_water_authority/board_district:zone_7,Water Supply Utility District Board Member,,Non-partisan,Election,4
ocd-division/country:us/state:or/special_district:sunset_empire_parks_and_recreation_district/board_district:district_1,Parks and Recreation District Board Member,,Non-partisan,Election,4
ocd-division/country:us/state:or/special_district:sunset_empire_parks_and_recreation_district/board_district:district_2,Parks and Recreation District Board Member,,Non-partisan,Election,4
ocd-division/country:us/state:or/special_district:sunset_empire_parks_and_recreation_district/board_district:district_3,Parks and Recreation District Board Member,,Non-partisan,Election,4
ocd-division/country:us/state:or/special_district:sunset_empire_parks_and_recreation_district/board_district:district_4,Parks and Recreation District Board Member,,Non-partisan,Election,4
ocd-division/country:us/state:or/special_district:sunset_empire_parks_and_recreation_district/board_district:district_5,Parks and Recreation District Board Member,,Non-partisan,Election,4
ocd-division/country:us/state:or/special_district:sunset_empire_transportation_district,Public Mass Transit Utility District Board Member,Position 1,Non-partisan,Election,4
ocd-division/country:us/state:or/special_district:sunset_empire_transportation_district,Public Mass Transit Utility District Board Member,Position 2,Non-partisan,Election,4
ocd-division/country:us/state:or/special_district:sunset_empire_transportation_district,Public Mass Transit Utility District Board Member,Position 3,Non-partisan,Election,4
ocd-division/country:us/state:or/special_district:sunset_empire_transportation_district,Public Mass Transit Utility District Board Member,Position 4,Non-partisan,Election,4
ocd-division/country:us/state:or/special_district:sunset_empire_transportation_district,Public Mass Transit Utility District Board Member,Position 5,Non-partisan,Election,4
ocd-division/country:us/state:or/special_district:sunset_empire_transportation_district,Public Mass Transit Utility District Board Member,Position 6,Non-partisan,Election,4
ocd-division/country:us/state:or/special_district:sunset_empire_transportation_district,Public Mass Transit Utility District Board Member,Position 7,Non-partisan,Election,4
ocd-division/country:us/state:or/special_district:sunshine_acres_special_road_district,Highway District Board Member,,Non-partisan,Election,4
ocd-division/country:us/state:or/special_district:sunshine_acres_special_road_district,Highway District Board Member,,Non-partisan,Election,4
ocd-division/country:us/state:or/special_district:sunshine_acres_special_road_district,Highway District Board Member,,Non-partisan,Election,4
ocd-division/country:us/state:or/special_district:surfland_special_road_district,Highway District Board Member,Position 1,Non-partisan,Election,4
ocd-division/country:us/state:or/special_district:surfland_special_road_district,Highway District Board Member,Position 3,Non-partisan,Election,4
ocd-division/country:us/state:or/special_district:sutherlin_parks_and_recreation_district,Parks and Recreation District Board Member,Position 1,Non-partisan,Election,4
ocd-division/country:us/state:or/special_district:sutherlin_parks_and_recreation_district,Parks and Recreation District Board Member,Position 2,Non-partisan,Election,4
ocd-division/country:us/state:or/special_district:sutherlin_parks_and_recreation_district,Parks and Recreation District Board Member,Position 3,Non-partisan,Election,4
ocd-division/country:us/state:or/special_district:sutherlin_parks_and_recreation_district,Parks and Recreation District Board Member,Position 4,Non-partisan,Election,4
ocd-division/country:us/state:or/special_district:sutherlin_parks_and_recreation_district,Parks and Recreation District Board Member,Position 5,Non-partisan,Election,4
ocd-division/country:us/state:or/special_district:sutherlin_water_control_district,Flood Control District Board Member,Position 2,Non-partisan,Election,4
ocd-division/country:us/state:or/special_district:sutherlin_water_control_district,Flood Control District Board Member,Position 3,Non-partisan,Election,4
ocd-division/country:us/state:or/special_district:sutherlin_water_control_district,Flood Control District Board Member,Position 5,Non-partisan,Election,4
ocd-division/country:us/state:or/special_district:sutherlin_water_control_district,Flood Control District Board Member,Position 9,Non-partisan,Election,4
ocd-division/country:us/state:or/special_district:swalley_irrigation_district,Irrigation District Board Member,,Non-partisan,Election,4
ocd-division/country:us/state:or/special_district:swalley_irrigation_district,Irrigation District Board Member,,Non-partisan,Election,4
ocd-division/country:us/state:or/special_district:swalley_irrigation_district,Irrigation District Board Member,,Non-partisan,Election,4
ocd-division/country:us/state:or/special_district:sweet_home_cemetery_district,Cemetery District Board Member,Position 1,Non-partisan,Election,4
ocd-division/country:us/state:or/special_district:sweet_home_cemetery_district,Cemetery District Board Member,Position 2,Non-partisan,Election,4
ocd-division/country:us/state:or/special_district:sweet_home_cemetery_district,Cemetery District Board Member,Position 3,Non-partisan,Election,4
ocd-division/country:us/state:or/special_district:sweet_home_fire_and_ambulance_district,Fire Protection District Board Member,Position 2,Non-partisan,Election,4
ocd-division/country:us/state:or/special_district:sweet_home_fire_and_ambulance_district,Fire Protection District Board Member,Position 3,Non-partisan,Election,4
ocd-division/country:us/state:or/special_district:sweet_home_fire_and_ambulance_district,Fire Protection District Board Member,Position 4,Non-partisan,Election,4
ocd-division/country:us/state:or/special_district:sweet_home_fire_and_ambulance_district,Fire Protection District Board Member,Position 5,Non-partisan,Election,4
ocd-division/country:us/state:or/special_district:swisshome_deadwood_rural_fire_protection_district,Fire Protection District Board Member,Position 3,Non-partisan,Election,4
ocd-division/country:us/state:or/special_district:swisshome_deadwood_rural_fire_protection_district,Fire Protection District Board Member,Position 4,Non-partisan,Election,4
ocd-division/country:us/state:or/special_district:swisshome_deadwood_rural_fire_protection_district,Fire Protection District Board Member,Position 5,Non-partisan,Election,4
ocd-division/country:us/state:or/special_district:talent_irrigation_district,Irrigation District Board Member,,Non-partisan,Election,4
ocd-division/country:us/state:or/special_district:talent_irrigation_district,Irrigation District Board Member,,Non-partisan,Election,4
ocd-division/country:us/state:or/special_district:talent_irrigation_district,Irrigation District Board Member,,Non-partisan,Election,4
ocd-division/country:us/state:or/special_district:tangent_rural_fire_protection_district,Fire Protection District Board Member,Position 1,Non-partisan,Election,4
ocd-division/country:us/state:or/special_district:tangent_rural_fire_protection_district,Fire Protection District Board Member,Position 2,Non-partisan,Election,4
ocd-division/country:us/state:or/special_district:tangent_rural_fire_protection_district,Fire Protection District Board Member,Position 3,Non-partisan,Election,4
ocd-division/country:us/state:or/special_district:tangent_rural_fire_protection_district,Fire Protection District Board Member,Position 4,Non-partisan,Election,4
ocd-division/country:us/state:or/special_district:tangent_rural_fire_protection_district,Fire Protection District Board Member,Position 5,Non-partisan,Election,4
ocd-division/country:us/state:or/special_district:tenmile_rural_fire_protection_district,Fire Protection District Board Member,Position 1,Non-partisan,Election,4
ocd-division/country:us/state:or/special_district:tenmile_rural_fire_protection_district,Fire Protection District Board Member,Position 2,Non-partisan,Election,4
ocd-division/country:us/state:or/special_district:tenmile_rural_fire_protection_district,Fire Protection District Board Member,Position 3,Non-partisan,Election,4
ocd-division/country:us/state:or/special_district:tenmile_rural_fire_protection_district,Fire Protection District Board Member,Position 4,Non-partisan,Election,4
ocd-division/country:us/state:or/special_district:tenmile_rural_fire_protection_district,Fire Protection District Board Member,Position 5,Non-partisan,Election,4
ocd-division/country:us/state:or/special_district:terrebonne_domestic_water_district,Water Supply Utility District Board Member,Position 1,Non-partisan,Election,4
ocd-division/country:us/state:or/special_district:terrebonne_domestic_water_district,Water Supply Utility District Board Member,Position 2,Non-partisan,Election,4
ocd-division/country:us/state:or/special_district:terrebonne_domestic_water_district,Water Supply Utility District Board Member,Position 3,Non-partisan,Election,4
ocd-division/country:us/state:or/special_district:terrebonne_domestic_water_district,Water Supply Utility District Board Member,Position 4,Non-partisan,Election,4
ocd-division/country:us/state:or/special_district:terrebonne_domestic_water_district,Water Supply Utility District Board Member,Position 5,Non-partisan,Election,4
ocd-division/country:us/state:or/special_district:thomas_creek_west_side_rural_fire_protection_district,Fire Protection District Board Member,Position 3,Non-partisan,Election,4
ocd-division/country:us/state:or/special_district:thomas_creek_west_side_rural_fire_protection_district,Fire Protection District Board Member,Position 4,Non-partisan,Election,4
ocd-division/country:us/state:or/special_district:three_sisters_irrigation_district/board_district:division_1,Irrigation District Board Member,,Non-partisan,Election,4
ocd-division/country:us/state:or/special_district:three_sisters_irrigation_district/board_district:division_2,Irrigation District Board Member,,Non-partisan,Election,4
ocd-division/country:us/state:or/special_district:three_sisters_irrigation_district/board_district:division_3,Irrigation District Board Member,,Non-partisan,Election,4
ocd-division/country:us/state:or/special_district:tigard_water_district,Water Supply Utility District Board Member,Position 1,Non-partisan,Election,4
ocd-division/country:us/state:or/special_district:tigard_water_district,Water Supply Utility District Board Member,Position 2,Non-partisan,Election,4
ocd-division/country:us/state:or/special_district:tigard_water_district,Water Supply Utility District Board Member,Position 3,Non-partisan,Election,4
ocd-division/country:us/state:or/special_district:tigard_water_district,Water Supply Utility District Board Member,Position 4,Non-partisan,Election,4
ocd-division/country:us/state:or/special_district:tigard_water_district,Water Supply Utility District Board Member,Position 5,Non-partisan,Election,4
ocd-division/country:us/state:or/special_district:tigard-tualatin_aquatic_district,Parks and Recreation District Board Member,Position 1,Non-partisan,Election,4
ocd-division/country:us/state:or/special_district:tigard-tualatin_aquatic_district,Parks and Recreation District Board Member,Position 2,Non-partisan,Election,4
ocd-division/country:us/state:or/special_district:tigard-tualatin_aquatic_district,Parks and Recreation District Board Member,Position 3,Non-partisan,Election,4
ocd-division/country:us/state:or/special_district:tigard-tualatin_aquatic_district,Parks and Recreation District Board Member,Position 4,Non-partisan,Election,4
ocd-division/country:us/state:or/special_district:tigard-tualatin_aquatic_district,Parks and Recreation District Board Member,Position 5,Non-partisan,Election,4
ocd-division/country:us/state:or/special_district:tillamook_county_emergency_communications_district,Emergency Communications District Board Member,,Non-partisan,Election,4
ocd-division/country:us/state:or/special_district:tillamook_county_emergency_communications_district,Emergency Communications District Board Member,,Non-partisan,Election,4
ocd-division/country:us/state:or/special_district:tillamook_county_emergency_communications_district,Emergency Communications District Board Member,Position 1,Non-partisan,Election,4
ocd-division/country:us/state:or/special_district:tillamook_county_emergency_communications_district,Emergency Communications District Board Member,Position 3,Non-partisan,Election,4
ocd-division/country:us/state:or/special_district:tillamook_county_emergency_communications_district,Emergency Communications District Board Member,Position 5,Non-partisan,Election,4
ocd-division/country:us/state:or/special_district:tillamook_county_transportation_district,Public Mass Transit Utility District Board Member,Position 1,Non-partisan,Election,2
ocd-division/country:us/state:or/special_district:tillamook_county_transportation_district,Public Mass Transit Utility District Board Member,Position 2,Non-partisan,Election,4
ocd-division/country:us/state:or/special_district:tillamook_county_transportation_district,Public Mass Transit Utility District Board Member,Position 3,Non-partisan,Election,4
ocd-division/country:us/state:or/special_district:tillamook_county_transportation_district,Public Mass Transit Utility District Board Member,Position 4,Non-partisan,Election,4
ocd-division/country:us/state:or/special_district:tillamook_county_transportation_district,Public Mass Transit Utility District Board Member,Position 5,Non-partisan,Election,4
ocd-division/country:us/state:or/special_district:tillamook_county_transportation_district,Public Mass Transit Utility District Board Member,Position 6,Non-partisan,Election,4
ocd-division/country:us/state:or/special_district:tillamook_county_transportation_district,Public Mass Transit Utility District Board Member,Position 7,Non-partisan,Election,4
ocd-division/country:us/state:or/special_district:tillamook_peoples_utility_district/board_district:zone_1,Electric Power Utility District Board Member,,Non-partisan,Election,4
ocd-division/country:us/state:or/special_district:tillamook_peoples_utility_district/board_district:zone_2,Electric Power Utility District Board Member,,Non-partisan,Election,4
ocd-division/country:us/state:or/special_district:tillamook_peoples_utility_district/board_district:zone_3,Electric Power Utility District Board Member,,Non-partisan,Election,4
ocd-division/country:us/state:or/special_district:tillamook_peoples_utility_district/board_district:zone_4,Electric Power Utility District Board Member,,Non-partisan,Election,4
ocd-division/country:us/state:or/special_district:tillamook_peoples_utility_district/board_district:zone_5,Electric Power Utility District Board Member,,Non-partisan,Election,4
ocd-division/country:us/state:or/special_district:tillamook_rural_fire_protection_district,Fire Protection District Board Member,Position 1,Non-partisan,Election,4
ocd-division/country:us/state:or/special_district:tillamook_rural_fire_protection_district,Fire Protection District Board Member,Position 3,Non-partisan,Election,4
ocd-division/country:us/state:or/special_district:tillamook_rural_fire_protection_district,Fire Protection District Board Member,Position 4,Non-partisan,Election,4
ocd-division/country:us/state:or/special_district:tillamook_rural_fire_protection_district,Fire Protection District Board Member,Position 5,Non-partisan,Election,4
ocd-division/country:us/state:or/special_district:tillamook_soil_and_water_conservation_district,Soil and Water Conservation District Board Member,Position 1,Non-partisan,Election,4
ocd-division/country:us/state:or/special_district:tillamook_soil_and_water_conservation_district,Soil and Water Conservation District Board Member,Position 2,Non-partisan,Election,4
ocd-division/country:us/state:or/special_district:tillamook_soil_and_water_conservation_district/board_district:zone_1,Soil and Water Conservation District Board Member,,Non-partisan,Election,4
ocd-division/country:us/state:or/special_district:tillamook_soil_and_water_conservation_district/board_district:zone_2,Soil and Water Conservation District Board Member,,Non-partisan,Election,4
ocd-division/country:us/state:or/special_district:tillamook_soil_and_water_conservation_district/board_district:zone_3,Soil and Water Conservation District Board Member,,Non-partisan,Election,4
ocd-division/country:us/state:or/special_district:tillamook_soil_and_water_conservation_district/board_district:zone_4,Soil and Water Conservation District Board Member,,Non-partisan,Election,4
ocd-division/country:us/state:or/special_district:tillamook_soil_and_water_conservation_district/board_district:zone_5,Soil and Water Conservation District Board Member,,Non-partisan,Election,4
ocd-division/country:us/state:or/special_district:tiller_rural_fire_protection_district,Fire Protection District Board Member,Position 1,Non-partisan,Election,4
ocd-division/country:us/state:or/special_district:tiller_rural_fire_protection_district,Fire Protection District Board Member,Position 3,Non-partisan,Election,4
ocd-division/country:us/state:or/special_district:timber_park_rural_fire_protection_district,Fire Protection District Board Member,Position 1,Non-partisan,Election,4
ocd-division/country:us/state:or/special_district:timber_park_rural_fire_protection_district,Fire Protection District Board Member,Position 2,Non-partisan,Election,4
ocd-division/country:us/state:or/special_district:timber_park_rural_fire_protection_district,Fire Protection District Board Member,Position 3,Non-partisan,Election,4
ocd-division/country:us/state:or/special_district:timber_park_rural_fire_protection_district,Fire Protection District Board Member,Position 4,Non-partisan,Election,4
ocd-division/country:us/state:or/special_district:tone_water_district,Water Supply Utility District Board Member,Position 2,Non-partisan,Election,4
ocd-division/country:us/state:or/special_district:tone_water_district,Water Supply Utility District Board Member,Position 5,Non-partisan,Election,4
ocd-division/country:us/state:or/special_district:tooley_water_district,Water Supply Utility District Board Member,Position 1,Non-partisan,Election,4
ocd-division/country:us/state:or/special_district:tooley_water_district,Water Supply Utility District Board Member,Position 2,Non-partisan,Election,4
ocd-division/country:us/state:or/special_district:tooley_water_district,Water Supply Utility District Board Member,Position 3,Non-partisan,Election,4
ocd-division/country:us/state:or/special_district:tooley_water_district,Water Supply Utility District Board Member,Position 4,Non-partisan,Election,4
ocd-division/country:us/state:or/special_district:tooley_water_district,Water Supply Utility District Board Member,Position 5,Non-partisan,Election,4
ocd-division/country:us/state:or/special_district:tri_city_rural_fire_protection_district_04,Fire Protection District Board Member,Position 2,Non-partisan,Election,4
ocd-division/country:us/state:or/special_district:tri_city_rural_fire_protection_district_04,Fire Protection District Board Member,Position 3,Non-partisan,Election,4
ocd-division/country:us/state:or/special_district:tri_city_rural_fire_protection_district_04,Fire Protection District Board Member,Position 5,Non-partisan,Election,4
ocd-division/country:us/state:or/special_district:tri_city_water_and_sanitary_authority,Sewerage and Water Supply District Board Member,Position 1,Non-partisan,Election,4
ocd-division/country:us/state:or/special_district:tri_city_water_and_sanitary_authority,Sewerage and Water Supply District Board Member,Position 2,Non-partisan,Election,4
ocd-division/country:us/state:or/special_district:tri_city_water_and_sanitary_authority,Sewerage and Water Supply District Board Member,Position 3,Non-partisan,Election,4
ocd-division/country:us/state:or/special_district:tri_city_water_and_sanitary_authority,Sewerage and Water Supply District Board Member,Position 4,Non-partisan,Election,4
ocd-division/country:us/state:or/special_district:tri_city_water_and_sanitary_authority,Sewerage and Water Supply District Board Member,Position 5,Non-partisan,Election,4
ocd-division/country:us/state:or/special_district:tualatin_hills_parks_and_recreation_district,Parks and Recreation District Board Member,Position 1,Non-partisan,Election,4
ocd-division/country:us/state:or/special_district:tualatin_hills_parks_and_recreation_district,Parks and Recreation District Board Member,Position 2,Non-partisan,Election,4
ocd-division/country:us/state:or/special_district:tualatin_hills_parks_and_recreation_district,Parks and Recreation District Board Member,Position 3,Non-partisan,Election,4
ocd-division/country:us/state:or/special_district:tualatin_hills_parks_and_recreation_district,Parks and Recreation District Board Member,Position 4,Non-partisan,Election,4
ocd-division/country:us/state:or/special_district:tualatin_hills_parks_and_recreation_district,Parks and Recreation District Board Member,Position 5,Non-partisan,Election,4
ocd-division/country:us/state:or/special_district:tualatin_valley_fire_and_rescue_district,Fire Protection District Board Member,Position 1,Non-partisan,Election,4
ocd-division/country:us/state:or/special_district:tualatin_valley_fire_and_rescue_district,Fire Protection District Board Member,Position 2,Non-partisan,Election,4
ocd-division/country:us/state:or/special_district:tualatin_valley_fire_and_rescue_district,Fire Protection District Board Member,Position 3,Non-partisan,Election,4
ocd-division/country:us/state:or/special_district:tualatin_valley_fire_and_rescue_district,Fire Protection District Board Member,Position 4,Non-partisan,Election,4
ocd-division/country:us/state:or/special_district:tualatin_valley_fire_and_rescue_district,Fire Protection District Board Member,Position 5,Non-partisan,Election,4
ocd-division/country:us/state:or/special_district:tualatin_valley_irrigation_district/board_district:district_1,Irrigation District Board Member,,Non-partisan,Election,4
ocd-division/country:us/state:or/special_district:tualatin_valley_irrigation_district/board_district:district_2,Irrigation District Board Member,,Non-partisan,Election,4
ocd-division/country:us/state:or/special_district:tualatin_valley_irrigation_district/board_district:district_3,Irrigation District Board Member,,Non-partisan,Election,4
ocd-division/country:us/state:or/special_district:tualatin_valley_irrigation_district/board_district:district_4,Irrigation District Board Member,,Non-partisan,Election,4
ocd-division/country:us/state:or/special_district:tualatin_valley_irrigation_district/board_district:district_5,Irrigation District Board Member,,Non-partisan,Election,4
ocd-division/country:us/state:or/special_district:tualatin_valley_water_district,Water Supply Utility District Board Member,Position 1,Non-partisan,Election,2
ocd-division/country:us/state:or/special_district:tualatin_valley_water_district,Water Supply Utility District Board Member,Position 2,Non-partisan,Election,2
ocd-division/country:us/state:or/special_district:tualatin_valley_water_district,Water Supply Utility District Board Member,Position 3,Non-partisan,Election,4
ocd-division/country:us/state:or/special_district:tualatin_valley_water_district,Water Supply Utility District Board Member,Position 4,Non-partisan,Election,4
ocd-division/country:us/state:or/special_district:tualatin_valley_water_district,Water Supply Utility District Board Member,Position 5,Non-partisan,Election,4
ocd-division/country:us/state:or/special_district:tualatin_washington_county_soil_and_water_conservation_dist,Soil and Water Conservation District Board Member,,Non-partisan,Election,4
ocd-division/country:us/state:or/special_district:tualatin_washington_county_soil_and_water_conservation_dist,Soil and Water Conservation District Board Member,,Non-partisan,Election,4
ocd-division/country:us/state:or/special_district:tualatin_washington_county_soil_and_water_conservation_dist,Soil and Water Conservation District Board Member,,Non-partisan,Election,4
ocd-division/country:us/state:or/special_district:tualatin_washington_county_soil_and_water_conservation_dist,Soil and Water Conservation District Board Member,,Non-partisan,Election,4
ocd-division/country:us/state:or/special_district:tualatin_washington_county_soil_and_water_conservation_dist,Soil and Water Conservation District Board Member,,Non-partisan,Election,4
ocd-division/country:us/state:or/special_district:tualatin_washington_county_soil_and_water_conservation_dist,Soil and Water Conservation District Board Member,Position 1,Non-partisan,Election,4
ocd-division/country:us/state:or/special_district:tualatin_washington_county_soil_and_water_conservation_dist,Soil and Water Conservation District Board Member,Position 2,Non-partisan,Election,4
ocd-division/country:us/state:or/special_district:tumalo_irrigation_district/board_district:division_1,Irrigation District Board Member,,Non-partisan,Election,2
ocd-division/country:us/state:or/special_district:tumalo_irrigation_district/board_district:division_2,Irrigation District Board Member,,Non-partisan,Election,4
ocd-division/country:us/state:or/special_district:tumalo_irrigation_district/board_district:division_3,Irrigation District Board Member,,Non-partisan,Election,2
ocd-division/country:us/state:or/special_district:tumalo_irrigation_district/board_district:division_4,Irrigation District Board Member,,Non-partisan,Election,2
ocd-division/country:us/state:or/special_district:tumalo_irrigation_district/board_district:division_5,Irrigation District Board Member,,Non-partisan,Election,2
ocd-division/country:us/state:or/special_district:turner_rural_fire_protection_district,Fire Protection District Board Member,Position 4,Non-partisan,Election,4
ocd-division/country:us/state:or/special_district:turner_rural_fire_protection_district,Fire Protection District Board Member,Position 5,Non-partisan,Election,4
ocd-division/country:us/state:or/special_district:twin_rocks_sanitary_district,Sewerage District Board Member,Position 1,Non-partisan,Election,4
ocd-division/country:us/state:or/special_district:twin_rocks_sanitary_district,Sewerage District Board Member,Position 2,Non-partisan,Election,4
ocd-division/country:us/state:or/special_district:twin_rocks_sanitary_district,Sewerage District Board Member,Position 3,Non-partisan,Election,4
ocd-division/country:us/state:or/special_district:twin_rocks_sanitary_district,Sewerage District Board Member,Position 4,Non-partisan,Election,4
ocd-division/country:us/state:or/special_district:twin_rocks_sanitary_district,Sewerage District Board Member,Position 5,Non-partisan,Election,4
ocd-division/country:us/state:or/special_district:twin_rocks_water_district,Water Supply Utility District Board Member,Position 1,Non-partisan,Election,4
ocd-division/country:us/state:or/special_district:two_rivers_soil_and_water_conservation_district,Soil and Water Conservation District Board Member,,Non-partisan,Election,4
ocd-division/country:us/state:or/special_district:two_rivers_soil_and_water_conservation_district,Soil and Water Conservation District Board Member,Position 1,Non-partisan,Election,4
ocd-division/country:us/state:or/special_district:two_rivers_soil_and_water_conservation_district/board_district:zone_3,Soil and Water Conservation District Board Member,,Non-partisan,Election,4
ocd-division/country:us/state:or/special_district:tygh_valley_fire_district,Fire Protection District Board Member,Position 1,Non-partisan,Election,4
ocd-division/country:us/state:or/special_district:tygh_valley_fire_district,Fire Protection District Board Member,Position 4,Non-partisan,Election,4
ocd-division/country:us/state:or/special_district:tygh_valley_water_district,Water Supply Utility District Board Member,Position 4,Non-partisan,Election,4
ocd-division/country:us/state:or/special_district:tygh_valley_water_district,Water Supply Utility District Board Member,Position 5,Non-partisan,Election,4
ocd-division/country:us/state:or/special_district:umatilla_county_fire_district_1,Fire Protection District Board Member,Position 1,Non-partisan,Election,4
ocd-division/country:us/state:or/special_district:umatilla_county_fire_district_1,Fire Protection District Board Member,Position 2,Non-partisan,Election,4
ocd-division/country:us/state:or/special_district:umatilla_county_fire_district_1,Fire Protection District Board Member,Position 3,Non-partisan,Election,4
ocd-division/country:us/state:or/special_district:umatilla_county_fire_district_1,Fire Protection District Board Member,Position 4,Non-partisan,Election,4
ocd-division/country:us/state:or/special_district:umatilla_county_fire_district_1,Fire Protection District Board Member,Position 5,Non-partisan,Election,4
ocd-division/country:us/state:or/special_district:umatilla_county_soil_and_water_conservation_district,Soil and Water Conservation District Board Member,,Non-partisan,Election,4
ocd-division/country:us/state:or/special_district:umatilla_county_soil_and_water_conservation_district,Soil and Water Conservation District Board Member,,Non-partisan,Election,4
ocd-division/country:us/state:or/special_district:umatilla_county_soil_and_water_conservation_district/board_district:zone_1,Soil and Water Conservation District Board Member,,Non-partisan,Election,4
ocd-division/country:us/state:or/special_district:umatilla_county_soil_and_water_conservation_district/board_district:zone_2,Soil and Water Conservation District Board Member,,Non-partisan,Election,4
ocd-division/country:us/state:or/special_district:umatilla_county_soil_and_water_conservation_district/board_district:zone_4,Soil and Water Conservation District Board Member,,Non-partisan,Election,4
ocd-division/country:us/state:or/special_district:umatilla_county_soil_and_water_conservation_district/board_district:zone_5,Soil and Water Conservation District Board Member,,Non-partisan,Election,4
ocd-division/country:us/state:or/special_district:umatilla_county_special_library_district,Library District Board Member,,Non-partisan,Election,4
ocd-division/country:us/state:or/special_district:umatilla_county_special_library_district,Library District Board Member,,Non-partisan,Election,4
ocd-division/country:us/state:or/special_district:umatilla_county_special_library_district,Library District Board Member,,Non-partisan,Election,4
ocd-division/country:us/state:or/special_district:umatilla_county_special_library_district,Library District Board Member,,Non-partisan,Election,4
ocd-division/country:us/state:or/special_district:umatilla_county_special_library_district,Library District Board Member,,Non-partisan,Election,4
ocd-division/country:us/state:or/special_district:umatilla_hospital_district,Hospital District Board Member,Position 4,Non-partisan,Election,4
ocd-division/country:us/state:or/special_district:umatilla_hospital_district,Hospital District Board Member,Position 5,Non-partisan,Election,4
ocd-division/country:us/state:or/special_district:umatilla_hospital_district,Library District Board Member,Position 1,Non-partisan,Election,4
ocd-division/country:us/state:or/special_district:umatilla_hospital_district,Library District Board Member,Position 2,Non-partisan,Election,4
ocd-division/country:us/state:or/special_district:umatilla_hospital_district,Library District Board Member,Position 3,Non-partisan,Election,4
ocd-division/country:us/state:or/special_district:umatilla_morrow_radio_and_data_district,Emergency Communications District Board Member,Position 1,Non-partisan,Election,4
ocd-division/country:us/state:or/special_district:umatilla_morrow_radio_and_data_district,Emergency Communications District Board Member,Position 2,Non-partisan,Election,4
ocd-division/country:us/state:or/special_district:umatilla_morrow_radio_and_data_district,Emergency Communications District Board Member,Position 3,Non-partisan,Election,4
ocd-division/country:us/state:or/special_district:umatilla_morrow_radio_and_data_district,Emergency Communications District Board Member,Position 4,Non-partisan,Election,4
ocd-division/country:us/state:or/special_district:umatilla_morrow_radio_and_data_district,Emergency Communications District Board Member,Position 5,Non-partisan,Election,4
ocd-division/country:us/state:or/special_district:umatilla_river_water_control_district_2,Irrigation District Board Member,Position 1,Non-partisan,Election,4
ocd-division/country:us/state:or/special_district:umatilla_river_water_control_district_2,Irrigation District Board Member,Position 2,Non-partisan,Election,4
ocd-division/country:us/state:or/special_district:umatilla_river_water_control_district_2,Irrigation District Board Member,Position 3,Non-partisan,Election,4
ocd-division/country:us/state:or/special_district:umatilla_river_water_control_district_2,Irrigation District Board Member,Position 4,Non-partisan,Election,4
ocd-division/country:us/state:or/special_district:umatilla_river_water_control_district_2,Irrigation District Board Member,Position 5,Non-partisan,Election,4
ocd-division/country:us/state:or/special_district:umatilla_rural_fire_protection_district_7-405,Fire Protection District Board Member,Position 1,Non-partisan,Election,4
ocd-division/country:us/state:or/special_district:umatilla_rural_fire_protection_district_7-405,Fire Protection District Board Member,Position 2,Non-partisan,Election,4
ocd-division/country:us/state:or/special_district:umatilla_rural_fire_protection_district_7-405,Fire Protection District Board Member,Position 3,Non-partisan,Election,4
ocd-division/country:us/state:or/special_district:umatilla_rural_fire_protection_district_7-405,Fire Protection District Board Member,Position 4,Non-partisan,Election,4
ocd-division/country:us/state:or/special_district:umatilla_rural_fire_protection_district_7-405,Fire Protection District Board Member,Position 5,Non-partisan,Election,4
ocd-division/country:us/state:or/special_district:umpqua_public_transportation_district,Public Mass Transit Utility District Board Member,Position 1,Non-partisan,Election,4
ocd-division/country:us/state:or/special_district:umpqua_public_transportation_district,Public Mass Transit Utility District Board Member,Position 2,Non-partisan,Election,4
ocd-division/country:us/state:or/special_district:umpqua_public_transportation_district,Public Mass Transit Utility District Board Member,Position 3,Non-partisan,Election,4
ocd-division/country:us/state:or/special_district:umpqua_public_transportation_district,Public Mass Transit Utility District Board Member,Position 4,Non-partisan,Election,4
ocd-division/country:us/state:or/special_district:umpqua_public_transportation_district,Public Mass Transit Utility District Board Member,Position 5,Non-partisan,Election,4
ocd-division/country:us/state:or/special_district:umpqua_public_transportation_district,Public Mass Transit Utility District Board Member,Position 6,Non-partisan,Election,4
ocd-division/country:us/state:or/special_district:umpqua_public_transportation_district,Public Mass Transit Utility District Board Member,Position 7,Non-partisan,Election,4
ocd-division/country:us/state:or/special_district:umpqua_soil_and_water_conservation_district,Soil and Water Conservation District Board Member,Position 2,Non-partisan,Election,4
ocd-division/country:us/state:or/special_district:umpqua_soil_and_water_conservation_district/board_district:zone_1,Soil and Water Conservation District Board Member,,Non-partisan,Election,4
ocd-division/country:us/state:or/special_district:umpqua_soil_and_water_conservation_district/board_district:zone_2,Soil and Water Conservation District Board Member,,Non-partisan,Election,4
ocd-division/country:us/state:or/special_district:union_cemetery_maintenance_district,Cemetery District Board Member,,Non-partisan,Election,4
ocd-division/country:us/state:or/special_district:union_gap_sanitary_district,Sewerage District Board Member,Position 1,Non-partisan,Election,4
ocd-division/country:us/state:or/special_district:union_gap_sanitary_district,Sewerage District Board Member,Position 2,Non-partisan,Election,4
ocd-division/country:us/state:or/special_district:union_gap_sanitary_district,Sewerage District Board Member,Position 3,Non-partisan,Election,4
ocd-division/country:us/state:or/special_district:union_gap_sanitary_district,Sewerage District Board Member,Position 4,Non-partisan,Election,4
ocd-division/country:us/state:or/special_district:union_gap_sanitary_district,Sewerage District Board Member,Position 5,Non-partisan,Election,4
ocd-division/country:us/state:or/special_district:union_gap_water_district,Water Supply Utility District Board Member,Position 1,Non-partisan,Election,4
ocd-division/country:us/state:or/special_district:union_gap_water_district,Water Supply Utility District Board Member,Position 2,Non-partisan,Election,4
ocd-division/country:us/state:or/special_district:union_gap_water_district,Water Supply Utility District Board Member,Position 3,Non-partisan,Election,4
ocd-division/country:us/state:or/special_district:union_gap_water_district,Water Supply Utility District Board Member,Position 4,Non-partisan,Election,4
ocd-division/country:us/state:or/special_district:union_gap_water_district,Water Supply Utility District Board Member,Position 5,Non-partisan,Election,4
ocd-division/country:us/state:or/special_district:union_health_district_of_clatsop_county,Health District Director,Position 1,Non-partisan,Election,4
ocd-division/country:us/state:or/special_district:union_health_district_of_clatsop_county,Health District Director,Position 2,Non-partisan,Election,4
ocd-division/country:us/state:or/special_district:union_health_district_of_clatsop_county,Health District Director,Position 3,Non-partisan,Election,4
ocd-division/country:us/state:or/special_district:union_health_district_of_clatsop_county,Health District Director,Position 4,Non-partisan,Election,4
ocd-division/country:us/state:or/special_district:union_health_district_of_clatsop_county,Health District Director,Position 5,Non-partisan,Election,4
ocd-division/country:us/state:or/special_district:union_health_district_of_clatsop_county,Health District Director,Position 6,Non-partisan,Election,4
ocd-division/country:us/state:or/special_district:union_health_district_of_clatsop_county,Health District Director,Position 7,Non-partisan,Election,4
ocd-division/country:us/state:or/special_district:union_rural_fire_protection_district,Fire Protection District Board Member,Position 3,Non-partisan,Election,4
ocd-division/country:us/state:or/special_district:union_rural_fire_protection_district,Fire Protection District Board Member,Position 4,Non-partisan,Election,4
ocd-division/country:us/state:or/special_district:union_rural_fire_protection_district,Fire Protection District Board Member,Position 5,Non-partisan,Election,4
ocd-division/country:us/state:or/special_district:union_soil_and_water_conservation_district,Soil and Water Conservation District Board Member,,Non-partisan,Election,4
ocd-division/country:us/state:or/special_district:union_soil_and_water_conservation_district,Soil and Water Conservation District Board Member,,Non-partisan,Election,4
ocd-division/country:us/state:or/special_district:union_soil_and_water_conservation_district/board_district:zone_1,Soil and Water Conservation District Board Member,,Non-partisan,Election,4
ocd-division/country:us/state:or/special_district:union_soil_and_water_conservation_district/board_district:zone_2,Soil and Water Conservation District Board Member,,Non-partisan,Election,4
ocd-division/country:us/state:or/special_district:union_soil_and_water_conservation_district/board_district:zone_3,Soil and Water Conservation District Board Member,,Non-partisan,Election,4
ocd-division/country:us/state:or/special_district:unity_community_hall_recreation_district,Parks and Recreation District Board Member,,Non-partisan,Election,4
ocd-division/country:us/state:or/special_district:unity_community_hall_recreation_district,Parks and Recreation District Board Member,,Non-partisan,Election,4
ocd-division/country:us/state:or/special_district:unity_community_hall_recreation_district,Parks and Recreation District Board Member,,Non-partisan,Election,4
ocd-division/country:us/state:or/special_district:unity_community_hall_recreation_district,Parks and Recreation District Board Member,,Non-partisan,Election,4
ocd-division/country:us/state:or/special_district:unity_community_hall_recreation_district,Parks and Recreation District Board Member,,Non-partisan,Election,4
ocd-division/country:us/state:or/special_district:upper_cheteo_rural_fire_protection_district,Fire Protection District Board Member,Position 1,Non-partisan,Election,4
ocd-division/country:us/state:or/special_district:upper_cheteo_rural_fire_protection_district,Fire Protection District Board Member,Position 2,Non-partisan,Election,4
ocd-division/country:us/state:or/special_district:upper_cheteo_rural_fire_protection_district,Fire Protection District Board Member,Position 3,Non-partisan,Election,4
ocd-division/country:us/state:or/special_district:upper_cheteo_rural_fire_protection_district,Fire Protection District Board Member,Position 5,Non-partisan,Election,4
ocd-division/country:us/state:or/special_district:upper_mckenzie_rural_fire_protection_district,Fire Protection District Board Member,Position 1,Non-partisan,Election,4
ocd-division/country:us/state:or/special_district:upper_mckenzie_rural_fire_protection_district,Fire Protection District Board Member,Position 2,Non-partisan,Election,4
ocd-division/country:us/state:or/special_district:upper_mckenzie_rural_fire_protection_district,Fire Protection District Board Member,Position 3,Non-partisan,Election,4
ocd-division/country:us/state:or/special_district:upper_mckenzie_rural_fire_protection_district,Fire Protection District Board Member,Position 5,Non-partisan,Election,4
ocd-division/country:us/state:or/special_district:upper_willamette_soil_and_water_conservation_district,Soil and Water Conservation District Board Member,Position 1,Non-partisan,Election,4
ocd-division/country:us/state:or/special_district:upper_willamette_soil_and_water_conservation_district,Soil and Water Conservation District Board Member,Position 2,Non-partisan,Election,4
ocd-division/country:us/state:or/special_district:upper_willamette_soil_and_water_conservation_district/board_district:zone_1,Soil and Water Conservation District Board Member,,Non-partisan,Election,4
ocd-division/country:us/state:or/special_district:upper_willamette_soil_and_water_conservation_district/board_district:zone_2,Soil and Water Conservation District Board Member,,Non-partisan,Election,4
ocd-division/country:us/state:or/special_district:upper_willamette_soil_and_water_conservation_district/board_district:zone_3,Soil and Water Conservation District Board Member,,Non-partisan,Election,4
ocd-division/country:us/state:or/special_district:upper_willamette_soil_and_water_conservation_district/board_district:zone_5,Soil and Water Conservation District Board Member,,Non-partisan,Election,4
ocd-division/country:us/state:or/special_district:vale_rfpd,Fire Protection District Board Member,Position 1,Non-partisan,Election,4
ocd-division/country:us/state:or/special_district:vale_rfpd,Fire Protection District Board Member,Position 2,Non-partisan,Election,4
ocd-division/country:us/state:or/special_district:valley_view_cemetery_district,Cemetery District Board Member,,Non-partisan,Election,4
ocd-division/country:us/state:or/special_district:valley_view_cemetery_district,Cemetery District Board Member,,Non-partisan,Election,4
ocd-division/country:us/state:or/special_district:valley_view_drainage_district,Drainage District Board Member,Position 1,Non-partisan,Election,4
ocd-division/country:us/state:or/special_district:valley_view_drainage_district,Drainage District Board Member,Position 2,Non-partisan,Election,4
ocd-division/country:us/state:or/special_district:valley_view_drainage_district,Drainage District Board Member,Position 3,Non-partisan,Election,4
ocd-division/country:us/state:or/special_district:valley_view_water_district,Water Supply Utility District Board Member,Position 2,Non-partisan,Election,4
ocd-division/country:us/state:or/special_district:valley_view_water_district,Water Supply Utility District Board Member,Position 4,Non-partisan,Election,4
ocd-division/country:us/state:or/special_district:valley_view_water_district,Water Supply Utility District Board Member,Position 5,Non-partisan,Election,4
ocd-division/country:us/state:or/special_district:vernonia_rural_fire_protection_district,Fire Protection District Board Member,Position 5,Non-partisan,Election,4
ocd-division/country:us/state:or/special_district:vineyard_mountain_parks_and_recreation_district,Parks and Recreation District Board Member,Position 1,Non-partisan,Election,4
ocd-division/country:us/state:or/special_district:vineyard_mountain_parks_and_recreation_district,Parks and Recreation District Board Member,Position 2,Non-partisan,Election,4
ocd-division/country:us/state:or/special_district:vineyard_mountain_parks_and_recreation_district,Parks and Recreation District Board Member,Position 3,Non-partisan,Election,4
ocd-division/country:us/state:or/special_district:vineyard_mountain_parks_and_recreation_district,Parks and Recreation District Board Member,Position 4,Non-partisan,Election,4
ocd-division/country:us/state:or/special_district:vineyard_mountain_parks_and_recreation_district,Parks and Recreation District Board Member,Position 5,Non-partisan,Election,4
ocd-division/country:us/state:or/special_district:walla_walla_river_irrigation_district,Irrigation District Board Member,,Non-partisan,Election,4
ocd-division/country:us/state:or/special_district:walla_walla_river_irrigation_district,Irrigation District Board Member,,Non-partisan,Election,4
ocd-division/country:us/state:or/special_district:walla_walla_river_irrigation_district,Irrigation District Board Member,,Non-partisan,Election,4
ocd-division/country:us/state:or/special_district:walla_walla_river_irrigation_district,Irrigation District Board Member,,Non-partisan,Election,4
ocd-division/country:us/state:or/special_district:walla_walla_river_irrigation_district,Irrigation District Board Member,,Non-partisan,Election,4
ocd-division/country:us/state:or/special_district:wallowa_cemetery_district,Cemetery District Board Member,,Non-partisan,Election,4
ocd-division/country:us/state:or/special_district:wallowa_cemetery_district,Cemetery District Board Member,,Non-partisan,Election,4
ocd-division/country:us/state:or/special_district:wallowa_cemetery_district,Cemetery District Board Member,,Non-partisan,Election,4
ocd-division/country:us/state:or/special_district:wallowa_cemetery_district,Cemetery District Board Member,,Non-partisan,Election,4
ocd-division/country:us/state:or/special_district:wallowa_cemetery_district,Cemetery District Board Member,,Non-partisan,Election,4
ocd-division/country:us/state:or/special_district:wallowa_county_health_care_district,Health District Director,Position 3,Non-partisan,Election,4
ocd-division/country:us/state:or/special_district:wallowa_county_health_care_district,Health District Director,Position 4,Non-partisan,Election,4
ocd-division/country:us/state:or/special_district:wallowa_county_soil_and_water_conservation_district,Soil and Water Conservation District Board Member,Position 1,Non-partisan,Election,4
ocd-division/country:us/state:or/special_district:wallowa_county_soil_and_water_conservation_district,Soil and Water Conservation District Board Member,Position 2,Non-partisan,Election,4
ocd-division/country:us/state:or/special_district:wallowa_county_soil_and_water_conservation_district/board_district:zone_1,Soil and Water Conservation District Board Member,,Non-partisan,Election,4
ocd-division/country:us/state:or/special_district:wallowa_county_soil_and_water_conservation_district/board_district:zone_2,Soil and Water Conservation District Board Member,,Non-partisan,Election,4
ocd-division/country:us/state:or/special_district:wallowa_county_soil_and_water_conservation_district/board_district:zone_3,Soil and Water Conservation District Board Member,,Non-partisan,Election,4
ocd-division/country:us/state:or/special_district:wallowa_county_soil_and_water_conservation_district/board_district:zone_4,Soil and Water Conservation District Board Member,,Non-partisan,Election,4
ocd-division/country:us/state:or/special_district:wallowa_county_soil_and_water_conservation_district/board_district:zone_5,Soil and Water Conservation District Board Member,,Non-partisan,Election,4
ocd-division/country:us/state:or/special_district:wallowa_lake_rural_fire_protection_district,Fire Protection District Board Member,,Non-partisan,Election,4
ocd-division/country:us/state:or/special_district:wallowa_lake_rural_fire_protection_district,Fire Protection District Board Member,,Non-partisan,Election,4
ocd-division/country:us/state:or/special_district:wallowa_lake_rural_fire_protection_district,Fire Protection District Board Member,Position 3,Non-partisan,Election,4
ocd-division/country:us/state:or/special_district:wallowa_lake_rural_fire_protection_district,Fire Protection District Board Member,Position 4,Non-partisan,Election,4
ocd-division/country:us/state:or/special_district:wallowa_lake_rural_fire_protection_district,Fire Protection District Board Member,Position 5,Non-partisan,Election,4
ocd-division/country:us/state:or/special_district:wallowa_rural_fire_protection_district_1,Fire Protection District Board Member,,Non-partisan,Election,4
ocd-division/country:us/state:or/special_district:wallowa_rural_fire_protection_district_1,Fire Protection District Board Member,,Non-partisan,Election,4
ocd-division/country:us/state:or/special_district:wallowa_valley_improvement_district_1,Drainage District Board Member,,Non-partisan,Election,4
ocd-division/country:us/state:or/special_district:wallowa_valley_improvement_district_1,Drainage District Board Member,,Non-partisan,Election,4
ocd-division/country:us/state:or/special_district:wallowa_valley_improvement_district_1,Drainage District Board Member,,Non-partisan,Election,4
ocd-division/country:us/state:or/special_district:wallowa_valley_improvement_district_1,Drainage District Board Member,,Non-partisan,Election,4
ocd-division/country:us/state:or/special_district:wallowa_valley_improvement_district_1,Drainage District Board Member,,Non-partisan,Election,4
ocd-division/country:us/state:or/special_district:wamic_rfpd,Fire Protection District Board Member,Position 1,Non-partisan,Election,4
ocd-division/country:us/state:or/special_district:wamic_rfpd,Fire Protection District Board Member,Position 2,Non-partisan,Election,4
ocd-division/country:us/state:or/special_district:wamic_rfpd,Fire Protection District Board Member,Position 3,Non-partisan,Election,4
ocd-division/country:us/state:or/special_district:wamic_rfpd,Fire Protection District Board Member,Position 4,Non-partisan,Election,4
ocd-division/country:us/state:or/special_district:wamic_rfpd,Fire Protection District Board Member,Position 5,Non-partisan,Election,4
ocd-division/country:us/state:or/special_district:wamic_water_and_sanitary_authority,Sewerage and Water Supply District Board Member,Position 4,Non-partisan,Election,4
ocd-division/country:us/state:or/special_district:wamic_water_and_sanitary_authority,Sewerage and Water Supply District Board Member,Position 5,Non-partisan,Election,4
ocd-division/country:us/state:or/special_district:warm_springs_irrigation_district,Irrigation District Board Member,,Non-partisan,Election,4
ocd-division/country:us/state:or/special_district:warrenton_rural_fire_protection_district,Fire Protection District Board Member,Position 1,Non-partisan,Election,4
ocd-division/country:us/state:or/special_district:warrenton_rural_fire_protection_district,Fire Protection District Board Member,Position 5,Non-partisan,Election,4
ocd-division/country:us/state:or/special_district:wasco_county_soil_and_water_conservation_district,Soil and Water Conservation District Board Member,Position 1,Non-partisan,Election,4
ocd-division/country:us/state:or/special_district:wasco_county_soil_and_water_conservation_district,Soil and Water Conservation District Board Member,Position 2,Non-partisan,Election,4
ocd-division/country:us/state:or/special_district:wasco_county_soil_and_water_conservation_district/board_district:zone_1,Soil and Water Conservation District Board Member,,Non-partisan,Election,4
ocd-division/country:us/state:or/special_district:wasco_county_soil_and_water_conservation_district/board_district:zone_2,Soil and Water Conservation District Board Member,,Non-partisan,Election,4
ocd-division/country:us/state:or/special_district:wasco_county_soil_and_water_conservation_district/board_district:zone_3,Soil and Water Conservation District Board Member,,Non-partisan,Election,4
ocd-division/country:us/state:or/special_district:wasco_county_soil_and_water_conservation_district/board_district:zone_4,Soil and Water Conservation District Board Member,,Non-partisan,Election,4
ocd-division/country:us/state:or/special_district:wasco_county_soil_and_water_conservation_district/board_district:zone_5,Soil and Water Conservation District Board Member,,Non-partisan,Election,4
ocd-division/country:us/state:or/special_district:watseco_barview_water_district,Water Supply Utility District Board Member,Position 4,Non-partisan,Election,4
ocd-division/country:us/state:or/special_district:watseco_barview_water_district,Water Supply Utility District Board Member,Position 5,Non-partisan,Election,4
ocd-division/country:us/state:or/special_district:wauna_water_district,Water Supply Utility District Board Member,Position 2,Non-partisan,Election,4
ocd-division/country:us/state:or/special_district:wauna_water_district,Water Supply Utility District Board Member,Position 4,Non-partisan,Election,4
ocd-division/country:us/state:or/special_district:wedderburn_sanitary_district,Sewerage District Board Member,Position 1,Non-partisan,Election,4
ocd-division/country:us/state:or/special_district:wedderburn_sanitary_district,Sewerage District Board Member,Position 3,Non-partisan,Election,4
ocd-division/country:us/state:or/special_district:west_eagle_valley_water_control_district,Irrigation District Board Member,,Non-partisan,Election,4
ocd-division/country:us/state:or/special_district:west_eagle_valley_water_control_district,Irrigation District Board Member,,Non-partisan,Election,4
ocd-division/country:us/state:or/special_district:west_eagle_valley_water_control_district,Irrigation District Board Member,,Non-partisan,Election,4
ocd-division/country:us/state:or/special_district:west_eagle_valley_water_control_district,Irrigation District Board Member,,Non-partisan,Election,4
ocd-division/country:us/state:or/special_district:west_eagle_valley_water_control_district,Irrigation District Board Member,,Non-partisan,Election,4
ocd-division/country:us/state:or/special_district:west_extension_irrigation_district/board_distict:division_1,Irrigation District Board Member,,Non-partisan,Election,2
ocd-division/country:us/state:or/special_district:west_extension_irrigation_district/board_distict:division_2,Irrigation District Board Member,,Non-partisan,Election,2
ocd-division/country:us/state:or/special_district:west_extension_irrigation_district/board_distict:division_3,Irrigation District Board Member,,Non-partisan,Election,2
ocd-division/country:us/state:or/special_district:west_extension_irrigation_district/board_distict:division_4,Irrigation District Board Member,,Non-partisan,Election,2
ocd-division/country:us/state:or/special_district:west_extension_irrigation_district/board_distict:division_5,Irrigation District Board Member,,Non-partisan,Election,2
ocd-division/country:us/state:or/special_district:west_multnomah_county_soil_and_water_conservation_district,Soil and Water Conservation District Board Member,Position 1,Non-partisan,Election,4
ocd-division/country:us/state:or/special_district:west_multnomah_county_soil_and_water_conservation_district,Soil and Water Conservation District Board Member,Position 2,Non-partisan,Election,4
ocd-division/country:us/state:or/special_district:west_multnomah_county_soil_and_water_conservation_district/board_district:zone_1,Soil and Water Conservation District Board Member,,Non-partisan,Election,4
ocd-division/country:us/state:or/special_district:west_multnomah_county_soil_and_water_conservation_district/board_district:zone_2,Soil and Water Conservation District Board Member,,Non-partisan,Election,4
ocd-division/country:us/state:or/special_district:west_multnomah_county_soil_and_water_conservation_district/board_district:zone_3,Soil and Water Conservation District Board Member,,Non-partisan,Election,4
ocd-division/country:us/state:or/special_district:west_multnomah_county_soil_and_water_conservation_district/board_district:zone_4,Soil and Water Conservation District Board Member,,Non-partisan,Election,4
ocd-division/country:us/state:or/special_district:west_multnomah_county_soil_and_water_conservation_district/board_district:zone_5,Soil and Water Conservation District Board Member,,Non-partisan,Election,4
ocd-division/country:us/state:or/special_district:west_slope_water_district,Water Supply Utility District Board Member,Position 1,Non-partisan,Election,4
ocd-division/country:us/state:or/special_district:west_slope_water_district,Water Supply Utility District Board Member,Position 2,Non-partisan,Election,4
ocd-division/country:us/state:or/special_district:west_slope_water_district,Water Supply Utility District Board Member,Position 3,Non-partisan,Election,4
ocd-division/country:us/state:or/special_district:west_slope_water_district,Water Supply Utility District Board Member,Position 4,Non-partisan,Election,4
ocd-division/country:us/state:or/special_district:west_slope_water_district,Water Supply Utility District Board Member,Position 5,Non-partisan,Election,4
ocd-division/country:us/state:or/special_district:west_valley_fire_district,Fire Protection District Board Member,Position 1,Non-partisan,Election,4
ocd-division/country:us/state:or/special_district:west_valley_fire_district,Fire Protection District Board Member,Position 2,Non-partisan,Election,4
ocd-division/country:us/state:or/special_district:west_valley_fire_district,Fire Protection District Board Member,Position 3,Non-partisan,Election,4
ocd-division/country:us/state:or/special_district:west_valley_fire_district,Fire Protection District Board Member,Position 4,Non-partisan,Election,4
ocd-division/country:us/state:or/special_district:west_valley_fire_district,Fire Protection District Board Member,Position 5,Non-partisan,Election,4
ocd-division/country:us/state:or/special_district:western_lane_ambulance_district,Health District Director,Position 1,Non-partisan,Election,4
ocd-division/country:us/state:or/special_district:western_lane_ambulance_district,Health District Director,Position 2,Non-partisan,Election,4
ocd-division/country:us/state:or/special_district:western_lane_ambulance_district,Health District Director,Position 3,Non-partisan,Election,4
ocd-division/country:us/state:or/special_district:western_lane_ambulance_district,Health District Director,Position 4,Non-partisan,Election,4
ocd-division/country:us/state:or/special_district:western_lane_ambulance_district,Health District Director,Position 5,Non-partisan,Election,4
ocd-division/country:us/state:or/special_district:weston_athena_memorial_hall_park_and_recreation_district,Parks and Recreation District Board Member,Position 3,Non-partisan,Election,4
ocd-division/country:us/state:or/special_district:weston_athena_memorial_hall_park_and_recreation_district,Parks and Recreation District Board Member,Position 5,Non-partisan,Election,4
ocd-division/country:us/state:or/special_district:westport_wauna_rural_fire_protection_district,Fire Protection District Board Member,Position 1,Non-partisan,Election,4
ocd-division/country:us/state:or/special_district:westport_wauna_rural_fire_protection_district,Fire Protection District Board Member,Position 3,Non-partisan,Election,4
ocd-division/country:us/state:or/special_district:westridge_water_supply_district,Water Supply Utility District Board Member,Position 3,Non-partisan,Election,4
ocd-division/country:us/state:or/special_district:westridge_water_supply_district,Water Supply Utility District Board Member,Position 4,Non-partisan,Election,4
ocd-division/country:us/state:or/special_district:westridge_water_supply_district,Water Supply Utility District Board Member,Position 5,Non-partisan,Election,4
ocd-division/country:us/state:or/special_district:westside_rural_fire_protection_district,Fire Protection District Board Member,Position 1,Non-partisan,Election,4
ocd-division/country:us/state:or/special_district:westside_rural_fire_protection_district,Fire Protection District Board Member,Position 2,Non-partisan,Election,4
ocd-division/country:us/state:or/special_district:westside_rural_fire_protection_district,Fire Protection District Board Member,Position 3,Non-partisan,Election,4
ocd-division/country:us/state:or/special_district:westside_rural_fire_protection_district,Fire Protection District Board Member,Position 4,Non-partisan,Election,4
ocd-division/country:us/state:or/special_district:westside_rural_fire_protection_district,Fire Protection District Board Member,Position 5,Non-partisan,Election,4
ocd-division/country:us/state:or/special_district:wheeler_county_soil_and_water_conservation_district,Soil and Water Conservation District Board Member,Position 1,Non-partisan,Election,4
ocd-division/country:us/state:or/special_district:wheeler_county_soil_and_water_conservation_district,Soil and Water Conservation District Board Member,Position 2,Non-partisan,Election,4
ocd-division/country:us/state:or/special_district:wheeler_county_soil_and_water_conservation_district/board_district:zone_1,Soil and Water Conservation District Board Member,,Non-partisan,Election,4
ocd-division/country:us/state:or/special_district:wheeler_county_soil_and_water_conservation_district/board_district:zone_2,Soil and Water Conservation District Board Member,,Non-partisan,Election,4
ocd-division/country:us/state:or/special_district:wheeler_county_soil_and_water_conservation_district/board_district:zone_3,Soil and Water Conservation District Board Member,,Non-partisan,Election,4
ocd-division/country:us/state:or/special_district:wheeler_county_soil_and_water_conservation_district/board_district:zone_4,Soil and Water Conservation District Board Member,,Non-partisan,Election,4
ocd-division/country:us/state:or/special_district:wheeler_county_soil_and_water_conservation_district/board_district:zone_5,Soil and Water Conservation District Board Member,,Non-partisan,Election,4
ocd-division/country:us/state:or/special_district:white_river_health_district,Health District Director,Position 1,Non-partisan,Election,4
ocd-division/country:us/state:or/special_district:white_river_health_district,Health District Director,Position 3,Non-partisan,Election,4
ocd-division/country:us/state:or/special_district:white_river_health_district,Health District Director,Position 4,Non-partisan,Election,4
ocd-division/country:us/state:or/special_district:wiard_memorial_park_district,Parks and Recreation District Board Member,Position 2,Non-partisan,Election,4
ocd-division/country:us/state:or/special_district:wiard_memorial_park_district,Parks and Recreation District Board Member,Position 3,Non-partisan,Election,4
ocd-division/country:us/state:or/special_district:wiard_memorial_park_district,Parks and Recreation District Board Member,Position 4,Non-partisan,Election,4
ocd-division/country:us/state:or/special_district:wickiup_water_district,Water Supply Utility District Board Member,Position 1,Non-partisan,Election,4
ocd-division/country:us/state:or/special_district:wickiup_water_district,Water Supply Utility District Board Member,Position 2,Non-partisan,Election,4
ocd-division/country:us/state:or/special_district:wickiup_water_district,Water Supply Utility District Board Member,Position 3,Non-partisan,Election,4
ocd-division/country:us/state:or/special_district:wickiup_water_district,Water Supply Utility District Board Member,Position 4,Non-partisan,Election,4
ocd-division/country:us/state:or/special_district:wickiup_water_district,Water Supply Utility District Board Member,Position 5,Non-partisan,Election,4
ocd-division/country:us/state:or/special_district:wildwood_annex_water_district,Water Supply Utility District Board Member,Position 3,Non-partisan,Election,4
ocd-division/country:us/state:or/special_district:wildwood_annex_water_district,Water Supply Utility District Board Member,Position 4,Non-partisan,Election,4
ocd-division/country:us/state:or/special_district:wildwood_annex_water_district,Water Supply Utility District Board Member,Position 5,Non-partisan,Election,4
ocd-division/country:us/state:or/special_district:willakenzie_rural_fire_protection_district,Fire Protection District Board Member,Position 4,Non-partisan,Election,4
ocd-division/country:us/state:or/special_district:willakenzie_rural_fire_protection_district,Fire Protection District Board Member,Position 5,Non-partisan,Election,4
ocd-division/country:us/state:or/special_district:willamalane_parks_and_recreation_district,Parks and Recreation District Board Member,,Non-partisan,Election,4
ocd-division/country:us/state:or/special_district:willamalane_parks_and_recreation_district,Parks and Recreation District Board Member,,Non-partisan,Election,4
ocd-division/country:us/state:or/special_district:willamalane_parks_and_recreation_district,Parks and Recreation District Board Member,,Non-partisan,Election,4
ocd-division/country:us/state:or/special_district:williams_rural_fire_protection_district,Fire Protection District Board Member,Position 1,Non-partisan,Election,4
ocd-division/country:us/state:or/special_district:williams_rural_fire_protection_district,Fire Protection District Board Member,Position 2,Non-partisan,Election,4
ocd-division/country:us/state:or/special_district:williams_rural_fire_protection_district,Fire Protection District Board Member,Position 3,Non-partisan,Election,4
ocd-division/country:us/state:or/special_district:williams_rural_fire_protection_district,Fire Protection District Board Member,Position 4,Non-partisan,Election,4
ocd-division/country:us/state:or/special_district:williams_rural_fire_protection_district,Fire Protection District Board Member,Position 5,Non-partisan,Election,4
ocd-division/country:us/state:or/special_district:willow_creek_park_district,Parks and Recreation District Board Member,,Non-partisan,Election,4
ocd-division/country:us/state:or/special_district:willow_creek_park_district,Parks and Recreation District Board Member,,Non-partisan,Election,4
ocd-division/country:us/state:or/special_district:willow_dale_water_district,Water Supply Utility District Board Member,Position 1,Non-partisan,Election,4
ocd-division/country:us/state:or/special_district:willow_dale_water_district,Water Supply Utility District Board Member,Position 2,Non-partisan,Election,4
ocd-division/country:us/state:or/special_district:willow_dale_water_district,Water Supply Utility District Board Member,Position 3,Non-partisan,Election,4
ocd-division/country:us/state:or/special_district:willow_dale_water_district,Water Supply Utility District Board Member,Position 5,Non-partisan,Election,4
ocd-division/country:us/state:or/special_district:winchester_bay_rural_fire_protection_district,Fire Protection District Board Member,Position 1,Non-partisan,Election,4
ocd-division/country:us/state:or/special_district:winchester_bay_rural_fire_protection_district,Fire Protection District Board Member,Position 2,Non-partisan,Election,4
ocd-division/country:us/state:or/special_district:winchester_bay_rural_fire_protection_district,Fire Protection District Board Member,Position 3,Non-partisan,Election,4
ocd-division/country:us/state:or/special_district:winchester_bay_rural_fire_protection_district,Fire Protection District Board Member,Position 4,Non-partisan,Election,4
ocd-division/country:us/state:or/special_district:winchester_bay_rural_fire_protection_district,Fire Protection District Board Member,Position 5,Non-partisan,Election,4
ocd-division/country:us/state:or/special_district:winchester_bay_sanitary_district,Sewerage District Board Member,,Non-partisan,Election,4
ocd-division/country:us/state:or/special_district:winchester_bay_sanitary_district,Sewerage District Board Member,,Non-partisan,Election,4
ocd-division/country:us/state:or/special_district:winchester_bay_sanitary_district,Sewerage District Board Member,,Non-partisan,Election,4
ocd-division/country:us/state:or/special_district:winchester_bay_sanitary_district,Sewerage District Board Member,Position 1,Non-partisan,Election,4
ocd-division/country:us/state:or/special_district:winchester_bay_sanitary_district,Sewerage District Board Member,Position 3,Non-partisan,Election,4
ocd-division/country:us/state:or/special_district:winchester_water_control_district,Irrigation District Board Member,Position 5,Non-partisan,Election,4
ocd-division/country:us/state:or/special_district:winchester_water_control_district,Irrigation District Board Member,Position 6,Non-partisan,Election,4
ocd-division/country:us/state:or/special_district:winchester_water_control_district,Irrigation District Board Member,Position 7,Non-partisan,Election,4
ocd-division/country:us/state:or/special_district:winchester_water_control_district,Irrigation District Board Member,Position 8,Non-partisan,Election,4
ocd-division/country:us/state:or/special_district:winchester_water_control_district,Irrigation District Board Member,Position 9,Non-partisan,Election,4
ocd-division/country:us/state:or/special_district:winchuck_rural_fire_protection_district,Fire Protection District Board Member,Position 3,Non-partisan,Election,4
ocd-division/country:us/state:or/special_district:winchuck_rural_fire_protection_district,Fire Protection District Board Member,Position 4,Non-partisan,Election,4
ocd-division/country:us/state:or/special_district:winchuck_rural_fire_protection_district,Fire Protection District Board Member,Position 5,Non-partisan,Election,4
ocd-division/country:us/state:or/special_district:winston_dillard_fire_district,Fire Protection District Board Member,Position 5,Non-partisan,Election,4
ocd-division/country:us/state:or/special_district:winston_dillard_water_district,Water Supply Utility District Board Member,Position 1,Non-partisan,Election,4
ocd-division/country:us/state:or/special_district:winston_dillard_water_district,Water Supply Utility District Board Member,Position 2,Non-partisan,Election,4
ocd-division/country:us/state:or/special_district:winston_dillard_water_district,Water Supply Utility District Board Member,Position 3,Non-partisan,Election,4
ocd-division/country:us/state:or/special_district:winston_dillard_water_district,Water Supply Utility District Board Member,Position 4,Non-partisan,Election,4
ocd-division/country:us/state:or/special_district:winston_dillard_water_district,Water Supply Utility District Board Member,Position 5,Non-partisan,Election,4
ocd-division/country:us/state:or/special_district:wolf_creek_rural_fire_protection_district,Fire Protection District Board Member,Position 1,Non-partisan,Election,4
ocd-division/country:us/state:or/special_district:wolf_creek_rural_fire_protection_district,Fire Protection District Board Member,Position 3,Non-partisan,Election,4
ocd-division/country:us/state:or/special_district:wolf_creek_rural_fire_protection_district,Fire Protection District Board Member,Position 4,Non-partisan,Election,4
ocd-division/country:us/state:or/special_district:wolsborn_farms_water_district,Water Supply Utility District Board Member,Position 1,Non-partisan,Election,4
ocd-division/country:us/state:or/special_district:wolsborn_farms_water_district,Water Supply Utility District Board Member,Position 3,Non-partisan,Election,4
ocd-division/country:us/state:or/special_district:woodburn_rural_fire_protection_district,Fire Protection District Board Member,Position 1,Non-partisan,Election,4
ocd-division/country:us/state:or/special_district:woodburn_rural_fire_protection_district,Fire Protection District Board Member,Position 2,Non-partisan,Election,4
ocd-division/country:us/state:or/special_district:woodburn_rural_fire_protection_district,Fire Protection District Board Member,Position 3,Non-partisan,Election,4
ocd-division/country:us/state:or/special_district:woodburn_rural_fire_protection_district,Fire Protection District Board Member,Position 4,Non-partisan,Election,4
ocd-division/country:us/state:or/special_district:woodburn_rural_fire_protection_district,Fire Protection District Board Member,Position 5,Non-partisan,Election,2
ocd-division/country:us/state:or/special_district:wy~east_fire_district,Fire Protection District Board Member,,Non-partisan,Election,4
ocd-division/country:us/state:or/special_district:wy~east_fire_district,Fire Protection District Board Member,,Non-partisan,Election,4
ocd-division/country:us/state:or/special_district:wy~east_fire_district,Fire Protection District Board Member,,Non-partisan,Election,4
ocd-division/country:us/state:or/special_district:wy~east_fire_district,Fire Protection District Board Member,,Non-partisan,Election,4
ocd-division/country:us/state:or/special_district:wy~east_fire_district,Fire Protection District Board Member,,Non-partisan,Election,4
ocd-division/country:us/state:or/special_district:yachats_rural_fire_protection_district,Fire Protection District Board Member,Position 1,Non-partisan,Election,4
ocd-division/country:us/state:or/special_district:yachats_rural_fire_protection_district,Fire Protection District Board Member,Position 2,Non-partisan,Election,4
ocd-division/country:us/state:or/special_district:yachats_rural_fire_protection_district,Fire Protection District Board Member,Position 3,Non-partisan,Election,4
ocd-division/country:us/state:or/special_district:yachats_rural_fire_protection_district,Fire Protection District Board Member,Position 4,Non-partisan,Election,4
ocd-division/country:us/state:or/special_district:yachats_rural_fire_protection_district,Fire Protection District Board Member,Position 5,Non-partisan,Election,4
ocd-division/country:us/state:or/special_district:yamhill_county_soil_and_water_conservation_district,Soil and Water Conservation District Board Member,Position 1,Non-partisan,Election,4
ocd-division/country:us/state:or/special_district:yamhill_county_soil_and_water_conservation_district,Soil and Water Conservation District Board Member,Position 2,Non-partisan,Election,4
ocd-division/country:us/state:or/special_district:yamhill_county_soil_and_water_conservation_district/board_district:zone_1,Soil and Water Conservation District Board Member,,Non-partisan,Election,4
ocd-division/country:us/state:or/special_district:yamhill_county_soil_and_water_conservation_district/board_district:zone_2,Soil and Water Conservation District Board Member,,Non-partisan,Election,4
ocd-division/country:us/state:or/special_district:yamhill_county_soil_and_water_conservation_district/board_district:zone_3,Soil and Water Conservation District Board Member,,Non-partisan,Election,4
ocd-division/country:us/state:or/special_district:yamhill_county_soil_and_water_conservation_district/board_district:zone_4,Soil and Water Conservation District Board Member,,Non-partisan,Election,4
ocd-division/country:us/state:or/special_district:yamhill_county_soil_and_water_conservation_district/board_district:zone_5,Soil and Water Conservation District Board Member,,Non-partisan,Election,4
ocd-division/country:us/state:or/special_district:yamhill_rural_fire_protection_district,Fire Protection District Board Member,Position 1,Non-partisan,Election,4
ocd-division/country:us/state:or/special_district:yamhill_rural_fire_protection_district,Fire Protection District Board Member,Position 2,Non-partisan,Election,4
ocd-division/country:us/state:or/special_district:yamhill_rural_fire_protection_district,Fire Protection District Board Member,Position 3,Non-partisan,Election,4
ocd-division/country:us/state:or/special_district:yamhill_rural_fire_protection_district,Fire Protection District Board Member,Position 4,Non-partisan,Election,4
ocd-division/country:us/state:or/special_district:yamhill_rural_fire_protection_district,Fire Protection District Board Member,Position 5,Non-partisan,Election,4
ocd-division/country:us/state:or/special_district:yoncalla_parks_and_recreation_district,Parks and Recreation District Board Member,Position 4,Non-partisan,Election,4
ocd-division/country:us/state:or/special_district:yoncalla_parks_and_recreation_district,Parks and Recreation District Board Member,Position 5,Non-partisan,Election,4
ocd-division/country:us/state:or/special_district:youngs_river_lewis_clark_water_district,Water Supply Utility District Board Member,Position 1,Non-partisan,Election,4
ocd-division/country:us/state:or/special_district:youngs_river_lewis_clark_water_district,Water Supply Utility District Board Member,Position 2,Non-partisan,Election,4
ocd-division/country:us/state:or/special_district:youngs_river_lewis_clark_water_district,Water Supply Utility District Board Member,Position 3,Non-partisan,Election,4
ocd-division/country:us/state:or/special_district:youngs_river_lewis_clark_water_district,Water Supply Utility District Board Member,Position 4,Non-partisan,Election,4
ocd-division/country:us/state:or/special_district:youngs_river_lewis_clark_water_district,Water Supply Utility District Board Member,Position 5,Non-partisan,Election,4
ocd-division/country:us/state:or/special_district:zumwalt_rural_fire_protection_district_1,Fire Protection District Board Member,Position 1,Non-partisan,Election,4
ocd-division/country:us/state:or/special_district:zumwalt_rural_fire_protection_district_1,Fire Protection District Board Member,Position 2,Non-partisan,Election,4